   18    7   11    1    3    5
 Band boundary wave number (cm-1)
  1.00000E+001  2.50000E+002  5.30000E+002  6.10000E+002  8.20000E+002
  9.80000E+002  1.17500E+003  1.40000E+003  2.00000E+003  2.50000E+003
  6.00000E+003  1.00000E+004  1.47500E+004  2.30000E+004  3.00000E+004
  3.35000E+004  3.60000E+004  4.35000E+004  5.00000E+004
  Planck function fitting parameters
 -7.45251E+000  2.69244E+004  1.10182E+008 -6.55960E+011 -2.22485E+015
  Incident solar flux (W/m2)
  0.00000E+000
  Surface property
  0.00000E+000  0.00000E+000  0.00000E+000  0.00000E+000  0.00000E+000
  0.00000E+000  0.00000E+000
  Rayleigh scattering coefficient
  1.75383E-018
  Moments
  1.00000E+000
  3.82960E+002  4.07535E+002  4.72906E+002  7.08492E+002  8.99660E+002
  8.69961E+002
  1.31453E+002  1.42674E+002  2.40400E+002  5.79546E+002  8.23860E+002
  8.70034E+002
  3.62129E+002  3.73714E+002  4.13813E+002  5.10771E+002  6.60619E+002
  8.06927E+002
  3.39795E+002  3.39794E+002  3.39800E+002  3.39821E+002  3.39919E+002
  3.40333E+002
  3.39689E+002  3.39951E+002  3.41036E+002  3.43019E+002  3.46052E+002
  3.50208E+002
  1.63028E+002  1.75672E+002  2.06135E+002  6.37402E+002  8.92804E+002
  3.65730E+003
  4.64901E+002  4.94859E+002  5.68468E+002  1.63546E+003  2.30209E+003
  1.01976E+004
  8.01505E+002  9.08131E+002  1.31604E+003  7.40468E+003  1.34457E+004
  6.04602E+004
  4.97722E+002  5.29719E+002  8.40311E+002  2.76563E+003  4.99419E+003
  2.41731E+004
  3.69355E+002  3.91903E+002  4.46389E+002  1.23281E+003  1.70623E+003
  7.00448E+003
  1.84878E+000  4.97523E+000  1.53923E+001  4.03123E+001  8.31164E+001
  1.38329E+002
  0.00000E+000
  3.81917E+002  3.99043E+002  4.35132E+002  5.22745E+002  5.31993E+002
  4.70473E+002
  1.30700E+002  1.36512E+002  1.68135E+002  2.49378E+002  2.93302E+002
  2.94447E+002
  3.61249E+002  3.68316E+002  3.89019E+002  4.31425E+002  4.85986E+002
  5.27202E+002
  3.39795E+002  3.39794E+002  3.39800E+002  3.39820E+002  3.39915E+002
  3.40295E+002
  3.39686E+002  3.39925E+002  3.40824E+002  3.42302E+002  3.44388E+002
  3.47066E+002
  1.63013E+002  1.75657E+002  2.06117E+002  6.37318E+002  8.92657E+002
  3.65535E+003
  4.11550E+002  4.37094E+002  4.99530E+002  1.38199E+003  1.91913E+003
  8.00812E+003
  7.74399E+002  8.72567E+002  1.24102E+003  6.29157E+003  1.10019E+004
  4.50797E+004
  4.36780E+002  4.64096E+002  7.26565E+002  2.29976E+003  4.06752E+003
  1.87512E+004
  3.69336E+002  3.91882E+002  4.46361E+002  1.23261E+003  1.70584E+003
  6.99811E+003
  1.01457E+000  1.03278E+000  1.08016E+000  1.17605E+000  1.32289E+000
  1.49746E+000
  0.00000E+000
  1.04119E-002  3.38543E-001  3.79326E+000  4.79634E+001  1.63027E+002
  2.23819E+002
  7.70116E-003  2.57515E-001  1.41090E+001  1.41714E+002  2.91542E+002
  3.42454E+002
  7.27464E-002  7.58440E-001  5.05155E+000  2.11092E+001  5.65723E+001
  1.05120E+002
  2.33467E-012  3.40799E-010  5.42726E-009  1.45168E-007  8.53331E-006
  3.36874E-004
  5.09529E-006  2.01867E-004  5.82706E-003  3.55912E-002  1.17995E-001
  2.82898E-001
  9.82471E-005  1.07893E-004  1.33578E-004  9.57253E-004  1.95324E-003
  5.18566E-002
  1.61032E+001  1.75309E+001  2.11776E+001  8.50799E+001  1.32131E+002
  8.44928E+002
  4.00863E+000  5.73071E+000  1.45343E+001  3.13532E+002  7.38543E+002
  5.34346E+003
  1.72934E+001  1.87760E+001  3.44276E+001  1.58779E+002  3.31982E+002
  2.17923E+003
  1.38337E-004  1.61368E-004  2.26308E-004  3.12276E-003  7.16405E-003
  2.43564E-001
  1.55959E-001  1.00118E+000  4.52959E+000  1.45320E+001  3.41511E+001
  6.23279E+001
  1.00000E-001
  1.04323E-001  8.56080E-001  3.94717E+000  2.35990E+001  6.92788E+001
  1.04803E+002
  7.53457E-002  6.21850E-001  8.34806E+000  5.52959E+001  1.21206E+002
  1.58564E+002
  9.23990E-002  6.00896E-001  2.99582E+000  1.05874E+001  2.59702E+001
  4.64340E+001
  9.12583E-007  4.54928E-006  1.35645E-005  5.89355E-005  4.64530E-004
  3.76971E-003
  3.28265E-004  2.63124E-003  2.14260E-002  7.29433E-002  1.71731E-001
  3.28631E-001
  1.45767E-003  1.56668E-003  1.84578E-003  8.43756E-003  1.47158E-002
  1.96031E-001
  7.79022E+000  8.46296E+000  1.01759E+001  3.96319E+001  6.10383E+001
  3.80366E+002
  3.13373E+000  4.18989E+000  9.27078E+000  1.58004E+002  3.59692E+002
  2.46757E+003
  8.44730E+000  9.14695E+000  1.64760E+001  7.33982E+001  1.51570E+002
  9.75555E+002
  1.88825E-003  2.12076E-003  2.73834E-003  2.04379E-002  3.90114E-002
  6.47436E-001
  1.06214E-001  5.59221E-001  2.25219E+000  6.75841E+000  1.53018E+001
  2.73870E+001
  0.00000E+000
  6.90235E-004  2.18004E-002  2.44505E-001  3.96267E+000  2.17127E+001
  4.21317E+001
  5.05414E-004  1.63298E-002  8.90766E-001  1.32002E+001  4.20848E+001
  6.55125E+001
  4.87945E-003  5.66686E-002  4.29619E-001  2.06186E+000  6.33601E+000
  1.33795E+001
  1.01934E-013  1.50200E-011  2.40397E-010  6.46417E-009  3.82176E-007
  1.52940E-005
  2.81025E-007  1.10105E-005  3.20426E-004  2.01134E-003  6.89001E-003
  1.70780E-002
  6.23327E-006  6.81822E-006  8.39016E-006  6.06735E-005  1.24784E-004
  3.41406E-003
  1.74962E+000  1.91219E+000  2.32995E+000  9.95619E+000  1.57652E+001
  1.09654E+002
  4.46469E-001  6.26806E-001  1.54397E+000  3.41618E+001  8.26090E+001
  6.44198E+002
  1.80693E+000  1.97375E+000  3.76791E+000  1.88422E+001  4.07968E+001
  2.92760E+002
  8.97774E-006  1.04794E-005  1.47168E-005  2.04998E-004  4.71957E-004
  1.64522E-002
  1.39488E-002  9.29271E-002  4.36273E-001  1.45103E+000  3.52996E+000
  6.65745E+000
  0.00000E+000
  2.71209E-006  4.90892E-004  1.41520E-002  6.46781E-001  5.88129E+000
  1.37837E+001
  1.77278E-006  3.74827E-004  9.04726E-002  2.92960E+000  1.20054E+001
  2.04978E+001
  5.44243E-004  8.65071E-003  8.24730E-002  4.68004E-001  1.62705E+000
  3.76683E+000
 -8.15060E-016 -6.13176E-014 -4.06536E-013  1.02055E-011  2.86701E-009
  2.88510E-007
  4.36141E-009  2.46195E-007  1.43853E-005  1.33735E-004  5.85868E-004
  1.72202E-003
  1.17542E-007  1.29827E-007  1.63757E-007  1.58897E-006  3.65448E-006
  1.62674E-004
  4.07328E-001  4.46590E-001  5.47985E-001  2.46216E+000  3.95910E+000
  2.93087E+001
  8.53132E-002  1.21921E-001  3.12686E-001  7.79663E+000  1.94592E+001
  1.62727E+002
  4.30603E-001  4.71134E-001  9.11831E-001  4.75743E+000  1.05348E+001
  8.01826E+001
  1.78739E-007  2.14923E-007  3.21730E-007  7.00748E-006  1.83256E-005
  1.03590E-003
  2.20295E-003  1.63772E-002  8.36642E-002  2.97365E-001  7.62924E-001
  1.50264E+000
  Planck function fitting parameters
 -5.62080E+000  8.16224E+003  1.33785E+007 -2.35022E+010  1.35528E+013
  Incident solar flux (W/m2)
  0.00000E+000
  Surface property
  0.00000E+000  0.00000E+000  0.00000E+000  0.00000E+000  0.00000E+000
  0.00000E+000  0.00000E+000
  Rayleigh scattering coefficient
  3.64279E-010
  Moments
  1.00000E+000
  1.56667E+003  1.91288E+003  2.10544E+003  1.79274E+003  1.13934E+003
  8.18094E+002
  3.07257E+002  5.53911E+002  1.20965E+003  1.31590E+003  9.80183E+002
  8.01685E+002
  9.47335E+002  1.16639E+003  1.57453E+003  1.98909E+003  2.09274E+003
  1.85818E+003
  1.33346E+003  1.33363E+003  1.33393E+003  1.33492E+003  1.33987E+003
  1.36269E+003
  6.77060E+002  6.90350E+002  7.57022E+002  8.76157E+002  1.03319E+003
  1.21133E+003
  6.61281E+002  7.01229E+002  7.98818E+002  2.28534E+003  3.20434E+003
  1.34895E+004
  1.52943E+003  1.62093E+003  1.84524E+003  4.97805E+003  6.83810E+003
  2.68077E+004
  1.37545E+003  1.81959E+003  3.47323E+003  2.42915E+004  4.22950E+004
  1.58971E+005
  1.81050E+003  1.91335E+003  2.88606E+003  8.43564E+003  1.44227E+004
  6.18622E+004
  7.48751E+002  8.23095E+002  1.00592E+003  3.81990E+003  5.56178E+003
  2.55506E+004
  6.42282E+001  1.92177E+002  4.51395E+002  8.14563E+002  1.15553E+003
  1.35899E+003
  0.00000E+000
  1.48272E+003  1.55370E+003  1.45245E+003  1.02594E+003  6.02761E+002
  4.28299E+002
  2.57729E+002  2.92842E+002  3.43350E+002  3.22659E+002  2.81488E+002
  2.61220E+002
  8.94391E+002  9.73933E+002  1.09163E+003  1.16485E+003  1.10237E+003
  9.34562E+002
  1.33346E+003  1.33362E+003  1.33391E+003  1.33481E+003  1.33899E+003
  1.35581E+003
  6.76372E+002  6.84820E+002  7.18284E+002  7.70357E+002  8.34499E+002
  9.04393E+002
  6.58366E+002  6.98174E+002  7.95414E+002  2.27508E+003  3.18836E+003
  1.33459E+004
  9.56270E+002  1.03049E+003  1.21125E+003  3.69548E+003  5.14841E+003
  2.04963E+004
  9.02535E+002  1.26255E+003  2.55422E+003  1.72549E+004  2.91979E+004
  1.01882E+005
  1.22635E+003  1.30677E+003  2.07137E+003  6.42052E+003  1.10752E+004
  4.80049E+004
  7.45514E+002  8.19581E+002  1.00170E+003  3.79988E+003  5.52731E+003
  2.51571E+004
  4.28353E+000  4.77862E+000  5.71877E+000  7.06960E+000  8.52378E+000
  9.73739E+000
  0.00000E+000
  9.87468E+000  1.10141E+002  3.23411E+002  5.47997E+002  4.47106E+002
  3.41544E+002
  6.27638E+000  9.09450E+001  5.65142E+002  7.74837E+002  5.68322E+002
  4.43859E+002
  1.31466E+001  6.50485E+001  2.04833E+002  4.15893E+002  5.73544E+002
  5.98353E+002
  1.85046E-007  7.83392E-006  6.63062E-005  8.96226E-004  2.46534E-002
  4.74992E-001
  2.34466E-002  5.10674E-001  6.83258E+000  2.40178E+001  5.18285E+001
  8.76423E+001
  2.07364E-001  2.18633E-001  2.47175E-001  8.93044E-001  1.49644E+000
  1.94586E+001
  3.01047E+002  3.13895E+002  3.45459E+002  7.91755E+002  1.07269E+003
  4.37293E+003
  2.10842E+002  2.52940E+002  4.42113E+002  3.98333E+003  7.76132E+003
  3.74402E+004
  2.89535E+002  3.04639E+002  4.44634E+002  1.26342E+003  2.19516E+003
  9.75478E+003
  2.62894E-001  2.87040E-001  3.49739E-001  2.05614E+000  3.85068E+000
  6.44946E+001
  2.32089E+001  8.68769E+001  2.34846E+002  4.64954E+002  7.00394E+002
  8.54170E+002
  1.00000E-001
  9.08387E+000  5.52470E+001  1.63581E+002  3.62338E+002  3.63679E+002
  3.00737E+002
  5.44762E+000  4.44682E+001  3.34797E+002  5.82094E+002  4.65952E+002
  3.74445E+002
  7.46581E+000  3.30886E+001  1.03523E+002  2.22574E+002  3.36737E+002
  3.90381E+002
  1.69726E-004  8.44602E-004  2.51957E-003  1.10077E-002  8.83435E-002
  7.06705E-001
  6.95022E-002  5.76844E-001  4.32067E+000  1.24772E+001  2.45680E+001
  3.95727E+001
  3.05876E-001  3.20836E-001  3.58206E-001  1.10654E+000  1.74130E+000
  1.68708E+001
  1.61434E+002  1.70465E+002  1.92545E+002  4.99670E+002  6.94384E+002
  3.07141E+003
  1.08027E+002  1.33633E+002  2.45243E+002  2.43054E+003  4.85452E+003
  2.49065E+004
  1.54715E+002  1.64523E+002  2.57160E+002  8.15794E+002  1.46964E+003
  7.03642E+003
  3.41677E-001  3.71600E-001  4.47968E-001  2.21291E+000  3.87418E+000
  4.90016E+001
  1.30766E+001  4.92297E+001  1.37626E+002  2.85272E+002  4.51322E+002
  5.76893E+002
  0.00000E+000
  8.31004E-001  1.31913E+001  6.39277E+001  2.20299E+002  2.84174E+002
  2.58711E+002
  5.31696E-001  1.11625E+001  1.70806E+002  4.07321E+002  3.64932E+002
  3.04503E+002
  1.52582E+000  9.65341E+000  3.95824E+001  1.05285E+002  1.88995E+002
  2.51149E+002
  9.40064E-009  3.94809E-007  3.32657E-006  4.49456E-005  1.27275E-003
  2.69073E-002
  1.06306E-003  2.42759E-002  3.77773E-001  1.52368E+000  3.69955E+000
  6.92989E+000
  1.44667E-002  1.54071E-002  1.78094E-002  7.57205E-002  1.32915E-001
  2.06362E+000
  8.10271E+001  8.65347E+001  1.00044E+002  2.94048E+002  4.20616E+002
  2.04570E+003
  4.29327E+001  5.53244E+001  1.10331E+002  1.31690E+003  2.74829E+003
  1.55052E+004
  7.56893E+001  8.14429E+001  1.36969E+002  4.92193E+002  9.25504E+002
  4.82167E+003
  1.72413E-002  1.92818E-002  2.46587E-002  1.86515E-001  3.68881E-001
  7.49744E+000
  4.69854E+000  2.07222E+001  6.51282E+001  1.47468E+002  2.49470E+002
  3.35337E+002
  0.00000E+000
  6.99949E-002  2.98213E+000  2.36986E+001  1.27744E+002  2.15485E+002
  2.18566E+002
  4.71690E-002  2.72605E+000  8.33702E+001  2.77630E+002  2.88488E+002
  2.54520E+002
  4.44947E-001  3.50803E+000  1.72522E+001  5.36300E+001  1.10163E+002
  1.63953E+002
  3.63669E-011  2.47102E-009  3.28490E-008  8.60143E-007  5.74318E-005
  2.45826E-003
  5.48745E-005  2.53039E-003  6.69579E-002  3.45253E-001  9.75161E-001
  2.03139E+000
  1.55898E-003  1.67513E-003  1.97653E-003  1.01557E-002  1.90942E-002
  4.00131E-001
  4.34820E+001  4.67181E+001  5.47837E+001  1.77180E+002  2.59574E+002
  1.36983E+003
  1.89164E+001  2.51668E+001  5.35604E+001  7.40095E+002  1.60027E+003
  9.76544E+003
  4.05389E+001  4.38292E+001  7.68025E+001  3.03093E+002  5.90489E+002
  3.31756E+003
  2.00242E-003  2.27074E-003  2.99919E-003  2.91227E-002  6.21764E-002
  1.70234E+000
  2.02207E+000  9.87315E+000  3.38429E+001  8.26796E+001  1.49698E+002
  2.13989E+002
  Planck function fitting parameters
 -4.18959E+000  7.00186E+003  1.08327E+007 -9.75454E+009  3.57480E+012
  Incident solar flux (W/m2)
  0.00000E+000
  Surface property
  0.00000E+000  0.00000E+000  0.00000E+000  0.00000E+000  0.00000E+000
  0.00000E+000  0.00000E+000
  Rayleigh scattering coefficient
  3.02306E-009
  Moments
  1.00000E+000
  2.84346E+003  3.06721E+003  2.81361E+003  1.89247E+003  1.07727E+003
  7.66904E+002
  8.26289E+002  1.60745E+003  2.51052E+003  1.62215E+003  9.11908E+002
  7.28409E+002
  6.51742E+002  9.45988E+002  1.48603E+003  2.03294E+003  2.19223E+003
  1.93609E+003
  1.95472E+003  1.95513E+003  1.95585E+003  1.95824E+003  1.97040E+003
  2.02766E+003
  9.98375E+002  1.02147E+003  1.12316E+003  1.28453E+003  1.47964E+003
  1.68684E+003
  2.07674E+003  2.15750E+003  2.35295E+003  5.18900E+003  6.89549E+003
  2.56980E+004
  1.83690E+003  1.95949E+003  2.26281E+003  6.70403E+003  9.36444E+003
  3.76726E+004
  1.74054E+003  2.40189E+003  4.86381E+003  3.31764E+004  5.59483E+004
  1.92698E+005
  2.26842E+003  2.40671E+003  3.75163E+003  1.16881E+004  2.02647E+004
  8.86214E+004
  6.92093E+002  8.13741E+002  1.11849E+003  6.10686E+003  9.25401E+003
  4.55044E+004
  1.52583E+002  4.16169E+002  8.71110E+002  1.38848E+003  1.73598E+003
  1.80652E+003
  0.00000E+000
  2.63155E+003  2.41884E+003  1.91773E+003  1.09768E+003  5.73989E+002
  3.94896E+002
  6.23664E+002  7.62802E+002  8.16397E+002  6.00041E+002  4.27937E+002
  3.60911E+002
  5.56275E+002  6.21228E+002  7.19848E+002  7.97921E+002  7.91155E+002
  7.09299E+002
  1.95471E+003  1.95510E+003  1.95577E+003  1.95789E+003  1.96762E+003
  2.00684E+003
  9.97038E+002  1.01135E+003  1.05941E+003  1.12282E+003  1.19167E+003
  1.25946E+003
  2.06683E+003  2.14715E+003  2.34151E+003  5.15734E+003  6.84785E+003
  2.53247E+004
  9.44367E+002  1.06134E+003  1.34246E+003  5.15797E+003  7.37673E+003
  3.06388E+004
  8.11579E+002  1.41202E+003  3.44981E+003  2.39847E+004  3.94442E+004
  1.26589E+005
  1.41953E+003  1.53721E+003  2.67762E+003  9.30865E+003  1.64172E+004
  7.31599E+004
  6.83044E+002  8.04061E+002  1.10719E+003  6.05671E+003  9.16836E+003
  4.45745E+004
  6.45974E+000  7.46969E+000  9.20390E+000  1.14395E+001  1.35937E+001
  1.52055E+001
  0.00000E+000
  3.38766E+001  2.54943E+002  5.39594E+002  6.34431E+002  4.43320E+002
  3.36926E+002
  3.78521E+001  3.78250E+002  1.20283E+003  8.20099E+002  4.12933E+002
  3.27620E+002
  2.95288E+001  1.34849E+002  3.91760E+002  7.31530E+002  9.21684E+002
  8.71908E+002
  1.23991E-006  4.49996E-005  3.53440E-004  4.40587E-003  1.08720E-001
  1.83023E+000
  5.11540E-002  1.00364E+000  1.22540E+001  4.11327E+001  8.61794E+001
  1.42667E+002
  7.89527E-001  8.29178E-001  9.29258E-001  3.06370E+000  4.97613E+000
  5.66069E+001
  5.07849E+002  5.19303E+002  5.48531E+002  1.04568E+003  1.37282E+003
  5.13607E+003
  4.62270E+002  5.04163E+002  7.61950E+002  5.65317E+003  1.05924E+004
  4.67957E+004
  4.67830E+002  4.85943E+002  6.51553E+002  1.61993E+003  2.70670E+003
  1.12268E+004
  9.65199E-001  1.02677E+000  1.19625E+000  6.34704E+000  1.15638E+001
  1.73087E+002
  6.13977E+001  2.01433E+002  4.75177E+002  8.19108E+002  1.07547E+003
  1.15024E+003
  1.00000E-001
  2.44365E+001  1.25808E+002  3.08185E+002  4.83637E+002  3.91768E+002
  3.11405E+002
  2.42482E+001  1.78003E+002  7.70158E+002  6.51191E+002  3.64068E+002
  3.01968E+002
  1.62750E+001  7.11206E+001  2.13865E+002  4.29359E+002  5.90341E+002
  6.10579E+002
  5.37988E-004  2.67879E-003  7.99986E-003  3.50438E-002  2.80804E-001
  2.16914E+000
  1.36010E-001  1.08947E+000  7.79139E+000  2.20246E+001  4.29178E+001
  6.87424E+001
  1.04931E+000  1.09692E+000  1.21555E+000  3.46853E+000  5.29741E+000
  4.56618E+001
  2.86423E+002  2.97771E+002  3.25317E+002  7.18396E+002  9.68249E+002
  3.92424E+003
  2.41876E+002  2.75829E+002  4.46266E+002  3.71417E+003  7.15539E+003
  3.38055E+004
  2.63653E+002  2.77907E+002  4.06607E+002  1.13986E+003  1.97467E+003
  8.77851E+003
  9.87652E-001  1.05832E+000  1.24109E+000  5.80151E+000  1.00983E+001
  1.23082E+002
  3.44996E+001  1.15624E+002  2.84809E+002  5.17436E+002  7.17541E+002
  8.08995E+002
  0.00000E+000
  3.32565E+000  4.08306E+001  1.51512E+002  3.45414E+002  3.37330E+002
  2.84001E+002
  3.26190E+000  5.55849E+001  4.49095E+002  5.01166E+002  3.19526E+002
  2.77716E+002
  4.46530E+000  2.61465E+001  9.72773E+001  2.30136E+002  3.61629E+002
  4.18443E+002
  6.52772E-008  2.35860E-006  1.84790E-005  2.31290E-004  5.95383E-003
  1.12455E-001
  3.24626E-003  7.02535E-002  1.04681E+000  4.11430E+000  9.78067E+000
  1.79752E+001
  6.29997E-002  6.68657E-002  7.66942E-002  2.99399E-001  5.09926E-001
  6.96863E+000
  1.56622E+002  1.65167E+002  1.85541E+002  4.68301E+002  6.48989E+002
  2.86781E+003
  1.06505E+002  1.27586E+002  2.25611E+002  2.24031E+003  4.49945E+003
  2.32774E+004
  1.43094E+002  1.52639E+002  2.40524E+002  7.61419E+002  1.37227E+003
  6.55950E+003
  7.02631E-002  7.69681E-002  9.48502E-002  6.56141E-001  1.26879E+000
  2.34289E+001
  1.33140E+001  5.14836E+001  1.41230E+002  2.78707E+002  4.12112E+002
  4.88477E+002
  0.00000E+000
  4.00328E-001  1.20770E+001  6.93693E+001  2.35982E+002  2.85079E+002
  2.56779E+002
  4.02642E-001  1.67641E+001  2.46928E+002  3.81785E+002  2.84005E+002
  2.56653E+002
  1.53755E+000  1.08469E+001  4.70510E+001  1.27287E+002  2.25813E+002
  2.91354E+002
  5.35969E-011  1.29889E-008  2.10073E-007  5.67586E-006  3.43143E-004
  1.26410E-002
  2.17099E-004  9.15225E-003  2.20396E-001  1.07497E+000  2.91500E+000
  5.87560E+000
  7.65566E-003  8.20661E-003  9.62687E-003  4.59634E-002  8.40365E-002
  1.54793E+000
  9.00708E+001  9.57488E+001  1.09681E+002  3.10363E+002  4.40787E+002
  2.11042E+003
  5.04655E+001  6.30184E+001  1.20207E+002  1.38453E+003  2.88129E+003
  1.61305E+004
  8.26464E+001  8.87379E+001  1.47339E+002  5.16072E+002  9.63445E+002
  4.94986E+003
  1.00877E-002  1.11528E-002  1.40830E-002  1.21789E-001  2.51574E-001
  6.07859E+000
  6.00440E+000  2.56686E+001  7.69755E+001  1.64925E+002  2.63700E+002
  3.37047E+002
  Planck function fitting parameters
 -5.17549E+000  7.11249E+003  1.13578E+007 -1.19476E+010  5.24694E+012
  Incident solar flux (W/m2)
  0.00000E+000
  Surface property
  0.00000E+000  0.00000E+000  0.00000E+000  0.00000E+000  0.00000E+000
  0.00000E+000  0.00000E+000
  Rayleigh scattering coefficient
  2.33560E-008
  Moments
  1.00000E+000
  3.02920E+003  2.88740E+003  2.47372E+003  1.64780E+003  9.84721E+002
  7.22877E+002
  2.71946E+003  3.41443E+003  2.85447E+003  1.44076E+003  8.57474E+002
  7.01765E+002
  8.14327E+002  1.17150E+003  1.75348E+003  2.25463E+003  2.30194E+003
  1.95347E+003
  2.49348E+003  2.49418E+003  2.49550E+003  2.49994E+003  2.52339E+003
  2.63351E+003
  8.98796E+002  9.28593E+002  1.06055E+003  1.26250E+003  1.49745E+003
  1.73890E+003
  1.29696E+003  1.38079E+003  1.58598E+003  4.72365E+003  6.65607E+003
  2.79929E+004
  1.64981E+003  1.77350E+003  2.08126E+003  6.65846E+003  9.40336E+003
  3.85922E+004
  1.07766E+003  1.74302E+003  4.16009E+003  3.04252E+004  5.10334E+004
  1.73095E+005
  2.39394E+003  2.53338E+003  3.89629E+003  1.20347E+004  2.08772E+004
  9.17056E+004
  7.08426E+002  8.57575E+002  1.22790E+003  7.06220E+003  1.06843E+004
  5.16613E+004
  2.75018E+002  6.87662E+002  1.30836E+003  1.89394E+003  2.15895E+003
  2.06637E+003
  0.00000E+000
  2.82340E+003  2.35402E+003  1.77226E+003  9.97793E+002  5.33674E+002
  3.74788E+002
  2.24395E+003  2.15122E+003  1.41541E+003  7.20387E+002  4.35504E+002
  3.51854E+002
  6.78331E+002  7.49502E+002  8.38460E+002  8.82308E+002  8.32554E+002
  7.20568E+002
  2.49347E+003  2.49412E+003  2.49531E+003  2.49911E+003  2.51688E+003
  2.58763E+003
  8.96375E+002  9.11125E+002  9.59201E+002  1.01973E+003  1.08264E+003
  1.14237E+003
  1.28180E+003  1.36521E+003  1.56935E+003  4.68760E+003  6.60443E+003
  2.76212E+004
  8.06412E+002  9.46797E+002  1.27432E+003  5.44095E+003  7.82629E+003
  3.27154E+004
  2.64546E+002  9.78439E+002  3.15645E+003  2.31644E+004  3.78009E+004
  1.18950E+005
  1.55537E+003  1.68512E+003  2.92757E+003  1.00508E+004  1.76721E+004
  7.84799E+004
  6.98228E+002  8.46854E+002  1.21570E+003  7.01375E+003  1.06013E+004
  5.07633E+004
  8.60606E+000  1.02095E+001  1.27398E+001  1.57304E+001  1.83750E+001
  2.01925E+001
  0.00000E+000
  4.69887E+001  2.63325E+002  4.87906E+002  5.56598E+002  4.13859E+002
  3.25511E+002
  1.18569E+002  6.49883E+002  1.09308E+003  6.20272E+002  3.82427E+002
  3.21617E+002
  4.70892E+001  1.93900E+002  5.13452E+002  8.85000E+002  1.04359E+003
  9.37811E+002
  6.07235E-006  1.87479E-004  1.36776E-003  1.57109E-002  3.43663E-001
  4.98069E+000
  1.27456E-001  2.20672E+000  2.36154E+001  7.35302E+001  1.46360E+002
  2.33188E+002
  1.79286E+000  1.84113E+000  1.96670E+000  5.00012E+000  7.67462E+000
  7.68958E+001
  5.58121E+002  5.56712E+002  5.60537E+002  9.25107E+002  1.21451E+003
  4.67692E+003
  4.83785E+002  4.63987E+002  6.22636E+002  5.07254E+003  9.56398E+003
  4.23043E+004
  5.27245E+002  5.40873E+002  6.68597E+002  1.50404E+003  2.48550E+003
  1.04140E+004
  1.25034E+000  1.31352E+000  1.50955E+000  7.49514E+000  1.41211E+001
  2.18034E+002
  1.18921E+002  3.48462E+002  7.35706E+002  1.13969E+003  1.35436E+003
  1.32612E+003
  1.00000E-001
  2.73580E+001  1.37830E+002  3.13184E+002  4.56412E+002  3.77133E+002
  3.05863E+002
  6.38161E+001  3.23520E+002  7.71307E+002  5.35507E+002  3.55394E+002
  3.04109E+002
  2.64037E+001  1.07899E+002  3.01338E+002  5.61310E+002  7.19047E+002
  6.99126E+002
  1.27791E-003  6.36112E-003  1.90146E-002  8.34903E-002  6.63633E-001
  4.88092E+000
  2.50367E-001  1.98198E+000  1.38359E+001  3.83095E+001  7.33098E+001
  1.15529E+002
  1.71036E+000  1.76050E+000  1.88537E+000  4.31586E+000  6.32973E+000
  5.23385E+001
  3.64451E+002  3.68358E+002  3.81383E+002  6.98921E+002  9.33566E+002
  3.80469E+003
  3.01968E+002  2.94734E+002  4.08986E+002  3.61057E+003  6.98058E+003
  3.28063E+004
  3.31378E+002  3.44822E+002  4.62106E+002  1.14703E+003  1.94944E+003
  8.59897E+003
  1.18129E+000  1.24395E+000  1.42248E+000  6.06588E+000  1.07582E+001
  1.38851E+002
  6.70971E+001  2.02770E+002  4.49153E+002  7.35071E+002  9.23966E+002
  9.54894E+002
  0.00000E+000
  5.42425E+000  5.55694E+001  1.78993E+002  3.55165E+002  3.36932E+002
  2.84551E+002
  1.19573E+001  1.25493E+002  5.09155E+002  4.53055E+002  3.27308E+002
  2.85523E+002
  8.57183E+000  4.53679E+001  1.52856E+002  3.29013E+002  4.73937E+002
  5.08405E+002
  3.34850E-007  1.02585E-005  7.46631E-005  8.65432E-004  2.00872E-002
  3.34827E-001
  9.33861E-003  1.86459E-001  2.52987E+000  9.34634E+000  2.11966E+001
  3.74949E+001
  1.59923E-001  1.66766E-001  1.84025E-001  5.72030E-001  9.25605E-001
  1.13354E+001
  2.22830E+002  2.29075E+002  2.44818E+002  5.04163E+002  6.86962E+002
  2.98409E+003
  1.62740E+002  1.65251E+002  2.42145E+002  2.41706E+003  4.83158E+003
  2.44733E+004
  1.99116E+002  2.09662E+002  3.02794E+002  8.36950E+002  1.46797E+003
  6.85171E+003
  1.25640E-001  1.34742E-001  1.60979E-001  9.61276E-001  1.89644E+000
  3.58096E+001
  2.73376E+001  9.40505E+001  2.29993E+002  4.06574E+002  5.43178E+002
  5.89411E+002
  0.00000E+000
  9.00714E-001  2.02672E+001  9.57169E+001  2.66538E+002  2.97014E+002
  2.63230E+002
  2.07358E+000  4.58928E+001  3.19930E+002  3.78161E+002  2.99998E+002
  2.67075E+002
  3.32083E+000  2.08857E+001  8.10559E+001  1.97111E+002  3.16630E+002
  3.74280E+002
  4.44474E-009  1.51705E-007  1.53338E-006  3.12154E-005  1.52389E-003
  4.63635E-002
  8.65997E-004  3.12872E-002  6.43495E-001  2.85992E+000  7.25938E+000
  1.39007E+001
  2.65329E-002  2.78859E-002  3.13301E-002  1.15391E-001  1.97924E-001
  3.10871E+000
  1.39499E+002  1.45215E+002  1.59437E+002  3.64863E+002  5.06473E+002
  2.34246E+003
  9.13917E+001  9.56528E+001  1.47112E+002  1.63265E+003  3.36256E+003
  1.82308E+004
  1.23199E+002  1.31007E+002  2.01695E+002  6.12946E+002  1.10740E+003
  5.48423E+003
  2.36949E-002  2.55985E-002  3.11951E-002  2.21096E-001  4.63555E-001
  1.11633E+001
  1.27980E+001  4.85042E+001  1.29539E+002  2.48937E+002  3.60734E+002
  4.23726E+002
  Planck function fitting parameters
 -4.89251E+000  7.08082E+003  1.07383E+007 -9.95893E+009  3.89442E+012
  Incident solar flux (W/m2)
  0.00000E+000
  Surface property
  0.00000E+000  0.00000E+000  0.00000E+000  0.00000E+000  0.00000E+000
  0.00000E+000  0.00000E+000
  Rayleigh scattering coefficient
  1.02429E-007
  Moments
  1.00000E+000
  1.31038E+003  1.43420E+003  1.47941E+003  1.32845E+003  9.60127E+002
  7.28146E+002
  2.74473E+003  2.53112E+003  1.83939E+003  1.12878E+003  7.70209E+002
  6.48857E+002
  1.31167E+003  2.01399E+003  2.89398E+003  3.30874E+003  2.92559E+003
  2.17805E+003
  3.18517E+003  3.18671E+003  3.18924E+003  3.19765E+003  3.24303E+003
  3.44951E+003
  1.37115E+003  1.49715E+003  2.00998E+003  2.68636E+003  3.36054E+003
  3.95598E+003
  2.65775E+003  2.72695E+003  2.88837E+003  4.72922E+003  5.65888E+003
  1.48809E+004
  2.13052E+003  2.20618E+003  2.38702E+003  4.80857E+003  6.25602E+003
  2.22221E+004
  1.78818E+003  2.09665E+003  3.29750E+003  1.88285E+004  3.22239E+004
  1.19818E+005
  2.82470E+003  2.92691E+003  3.80411E+003  8.24359E+003  1.29811E+004
  5.14615E+004
  5.84264E+002  6.49768E+002  8.11349E+002  3.29073E+003  4.81037E+003
  2.20054E+004
  4.78483E+002  1.09788E+003  1.90391E+003  2.50914E+003  2.61318E+003
  2.30615E+003
  0.00000E+000
  1.19727E+003  1.11602E+003  9.75230E+002  7.01649E+002  4.61419E+002
  3.55393E+002
  2.51283E+003  2.01783E+003  1.18222E+003  6.17713E+002  3.96062E+002
  3.29044E+002
  9.74880E+002  1.11425E+003  1.24880E+003  1.25326E+003  1.08858E+003
  8.59166E+002
  3.18514E+003  3.18656E+003  3.18880E+003  3.19573E+003  3.22838E+003
  3.35353E+003
  1.35996E+003  1.41991E+003  1.61527E+003  1.84467E+003  2.05906E+003
  2.23920E+003
  2.60910E+003  2.67735E+003  2.83654E+003  4.64959E+003  5.56234E+003
  1.45417E+004
  7.76053E+002  8.37981E+002  9.86606E+002  2.96156E+003  4.10513E+003
  1.62145E+004
  1.95331E+002  5.22053E+002  1.56339E+003  1.21655E+004  2.05543E+004
  7.14266E+004
  1.64099E+003  1.71381E+003  2.36746E+003  5.80994E+003  9.45843E+003
  3.87186E+004
  5.50325E+002  6.14773E+002  7.73829E+002  3.21395E+003  4.70502E+003
  2.13666E+004
  1.16312E+001  1.41116E+001  1.76979E+001  2.15446E+001  2.45777E+001
  2.63532E+001
  0.00000E+000
  3.48187E+001  1.99624E+002  4.04644E+002  5.72373E+002  4.74486E+002
  3.58729E+002
  6.91577E+001  3.04527E+002  5.57245E+002  4.74610E+002  3.55590E+002
  3.05702E+002
  1.27758E+002  4.32894E+002  9.37763E+002  1.32366E+003  1.29599E+003
  1.00161E+003
  2.50388E-005  6.81722E-004  4.69074E-003  5.02321E-002  9.82151E-001
  1.23742E+001
  9.72874E-001  1.34815E+001  1.07441E+002  2.74993E+002  4.72767E+002
  6.70240E+002
  6.80169E+000  6.99353E+000  7.45354E+000  1.36263E+001  1.72943E+001
  8.66868E+001
  8.53036E+002  8.79304E+002  9.37257E+002  1.47421E+003  1.76625E+003
  5.22071E+003
  9.57910E+002  9.98517E+002  1.19743E+003  5.35090E+003  9.64460E+003
  4.22037E+004
  7.44420E+002  7.75617E+002  1.01845E+003  1.99128E+003  2.97640E+003
  1.10674E+004
  5.58975E+000  5.77834E+000  6.25040E+000  1.53008E+001  2.26808E+001
  1.94430E+002
  2.19253E+002  5.78002E+002  1.09836E+003  1.53541E+003  1.65692E+003
  1.49093E+003
  1.00000E-001
  1.82812E+001  1.16856E+002  2.95213E+002  4.99087E+002  4.41770E+002
  3.40693E+002
  3.62110E+001  1.73222E+002  4.44993E+002  4.33428E+002  3.36892E+002
  2.92442E+002
  6.79418E+001  2.33676E+002  5.40275E+002  8.32462E+002  8.96938E+002
  7.62220E+002
  2.95136E-003  1.46990E-002  4.40164E-002  1.93408E-001  1.51008E+000
  1.04693E+001
  1.17314E+000  8.83172E+000  5.19219E+001  1.23091E+002  2.07396E+002
  2.94263E+002
  5.58723E+000  5.72179E+000  6.03892E+000  1.01888E+001  1.27253E+001
  5.53915E+001
  5.40560E+002  5.65496E+002  6.21962E+002  1.14738E+003  1.41602E+003
  4.49441E+003
  5.94671E+002  6.43096E+002  8.27555E+002  4.18125E+003  7.72095E+003
  3.54840E+004
  4.68079E+002  4.94517E+002  7.10692E+002  1.59385E+003  2.46974E+003
  9.65004E+003
  4.14265E+000  4.30035E+000  4.67828E+000  1.08056E+001  1.55211E+001
  1.19978E+002
  1.24585E+002  3.41217E+002  6.82839E+002  1.01052E+003  1.15525E+003
  1.09883E+003
  0.00000E+000
  4.91971E+000  5.76919E+001  1.96471E+002  4.18462E+002  4.04567E+002
  3.20500E+002
  9.34850E+000  8.27767E+001  3.33784E+002  3.87338E+002  3.16149E+002
  2.77990E+002
  2.29748E+001  1.00235E+002  2.77684E+002  4.95573E+002  6.05983E+002
  5.75172E+002
  1.42360E-006  3.85125E-005  2.65077E-004  2.88715E-003  6.10670E-002
  9.07484E-001
  5.41046E-002  8.81442E-001  9.12496E+000  2.82457E+001  5.63027E+001
  9.00895E+001
  5.96031E-001  6.22816E-001  6.88067E-001  1.66898E+000  2.30373E+000
  1.54881E+001
  3.26994E+002  3.46936E+002  3.93072E+002  8.54554E+002  1.09021E+003
  3.75368E+003
  3.19574E+002  3.67969E+002  5.25252E+002  3.12206E+003  5.93527E+003
  2.88777E+004
  2.89031E+002  3.08281E+002  4.75606E+002  1.22603E+003  1.97778E+003
  8.18476E+003
  5.35385E-001  5.71778E-001  6.60571E-001  2.26333E+000  3.60892E+000
  4.02452E+001
  5.31276E+001  1.63933E+002  3.59698E+002  5.72517E+002  6.94201E+002
  6.93254E+002
  0.00000E+000
  1.14721E+000  2.63847E+001  1.23759E+002  3.40870E+002  3.66354E+002
  2.99967E+002
  2.04857E+000  3.62930E+001  2.39847E+002  3.40918E+002  2.95039E+002
  2.63441E+002
  9.03192E+000  4.64958E+001  1.48624E+002  3.02309E+002  4.17650E+002
  4.42011E+002
  1.37230E-008  6.29890E-007  6.80679E-006  1.33589E-004  5.70830E-003
  1.47937E-001
  5.76781E-003  1.59040E-001  2.41752E+000  8.94792E+000  1.99613E+001
  3.46415E+001
  1.06262E-001  1.12347E-001  1.27520E-001  3.91663E-001  5.82257E-001
  5.26213E+000
  2.06813E+002  2.21067E+002  2.55334E+002  6.36422E+002  8.36463E+002
  3.11436E+003
  1.80139E+002  2.16823E+002  3.37681E+002  2.32089E+003  4.53173E+003
  2.32571E+004
  1.84410E+002  1.98018E+002  3.23428E+002  9.40513E+002  1.57509E+003
  6.91104E+003
  1.12669E-001  1.22428E-001  1.46911E-001  6.49315E-001  1.10636E+000
  1.56941E+001
  2.56944E+001  8.71439E+001  2.08803E+002  3.62018E+002  4.77927E+002
  5.18908E+002
  Planck function fitting parameters
 -5.12312E+000  7.40182E+003  9.59757E+006 -8.19748E+009  2.88974E+012
  Incident solar flux (W/m2)
  0.00000E+000
  Surface property
  0.00000E+000  0.00000E+000  0.00000E+000  0.00000E+000  0.00000E+000
  0.00000E+000  0.00000E+000
  Rayleigh scattering coefficient
  3.22108E-007
  Moments
  1.00000E+000
  9.61178E+002  1.62392E+003  2.10028E+003  1.97275E+003  1.14646E+003
  7.65901E+002
  9.97715E+002  1.68055E+003  2.22288E+003  1.46941E+003  8.65240E+002
  6.93136E+002
  2.06355E+003  3.05352E+003  3.99713E+003  4.07236E+003  3.23082E+003
  2.22191E+003
  3.82944E+003  3.83235E+003  3.83663E+003  3.85075E+003  3.92756E+003
  4.26048E+003
  1.43132E+003  1.64807E+003  2.49265E+003  3.52295E+003  4.47318E+003
  5.25074E+003
  6.02412E+003  6.11769E+003  6.32686E+003  8.06120E+003  8.67993E+003
  1.38698E+004
  3.20703E+003  3.32266E+003  3.59019E+003  6.39818E+003  7.85162E+003
  2.30702E+004
  3.08104E+003  3.48439E+003  4.96272E+003  2.47400E+004  4.25534E+004
  1.61842E+005
  3.68802E+003  3.82582E+003  4.93813E+003  9.54138E+003  1.40643E+004
  4.96396E+004
  1.61595E+003  1.69344E+003  1.86810E+003  3.63238E+003  4.50233E+003
  1.41755E+004
  7.26560E+002  1.55213E+003  2.49746E+003  3.05536E+003  2.96665E+003
  2.46353E+003
  0.00000E+000
  5.97647E+002  6.40670E+002  6.30096E+002  5.37354E+002  4.07183E+002
  3.33273E+002
  6.19001E+002  6.63450E+002  6.12978E+002  4.67580E+002  3.60420E+002
  3.16547E+002
  1.49537E+003  1.70862E+003  1.84123E+003  1.71180E+003  1.35220E+003
  9.74096E+002
  3.82939E+003  3.83207E+003  3.83578E+003  3.84702E+003  3.89995E+003
  4.09217E+003
  1.40870E+003  1.49858E+003  1.78874E+003  2.11318E+003  2.39925E+003
  2.62523E+003
  5.91744E+003  6.00928E+003  6.21435E+003  7.89181E+003  8.47144E+003
  1.29943E+004
  1.74333E+003  1.80337E+003  1.93981E+003  3.29535E+003  3.96696E+003
  1.08888E+004
  4.07754E+002  5.70415E+002  1.14016E+003  7.79254E+003  1.34431E+004
  5.01341E+004
  2.27759E+003  2.35958E+003  2.98785E+003  5.25045E+003  7.34206E+003
  2.39903E+004
  1.49994E+003  1.57230E+003  1.73510E+003  3.34116E+003  4.10768E+003
  1.19844E+004
  1.48377E+001  1.82650E+001  2.28686E+001  2.74064E+001  3.06107E+001
  3.21592E+001
  0.00000E+000
  1.46404E+002  6.89703E+002  1.21616E+003  1.28886E+003  6.77864E+002
  4.02811E+002
  1.53221E+002  7.13093E+002  1.40100E+003  9.12390E+002  4.67473E+002
  3.53870E+002
  2.24824E+002  6.60711E+002  1.24179E+003  1.53492E+003  1.34778E+003
  9.73809E+002
  7.68538E-005  1.89903E-003  1.24766E-002  1.25832E-001  2.22542E+000
  2.48226E+001
  2.47228E+000  3.05045E+001  2.11662E+002  4.95870E+002  7.98744E+002
  1.07562E+003
  1.28520E+001  1.32706E+001  1.43013E+001  3.29009E+001  4.50514E+001
  2.63514E+002
  8.77341E+002  9.24348E+002  1.03634E+003  2.31251E+003  2.99424E+003
  1.00581E+004
  1.56195E+003  1.79502E+003  2.59641E+003  1.35176E+004  2.38210E+004
  9.55465E+004
  8.49192E+002  8.96628E+002  1.31534E+003  3.35085E+003  5.43118E+003
  2.11374E+004
  2.32613E+001  2.44494E+001  2.72152E+001  7.10444E+001  1.03316E+002
  7.91187E+002
  3.46896E+002  8.39617E+002  1.46678E+003  1.89110E+003  1.89460E+003
  1.60124E+003
  1.00000E-001
  7.38840E+001  4.37481E+002  9.31101E+002  1.11678E+003  6.13386E+002
  3.74620E+002
  7.71788E+001  4.51874E+002  1.15609E+003  8.13804E+002  4.30957E+002
  3.32886E+002
  1.16516E+002  3.52605E+002  7.15816E+002  9.78952E+002  9.60083E+002
  7.71195E+002
  5.75002E-003  2.86949E-002  8.60520E-002  3.77370E-001  2.87938E+000
  1.88575E+001
  2.41395E+000  1.75998E+001  9.59763E+001  2.13983E+002  3.43180E+002
  4.67489E+002
  1.20162E+001  1.22650E+001  1.28648E+001  2.26410E+001  2.95346E+001
  1.58832E+002
  5.54773E+002  5.89560E+002  6.74119E+002  1.72120E+003  2.29931E+003
  8.34825E+003
  9.33072E+002  1.11759E+003  1.74849E+003  1.04132E+004  1.87768E+004
  7.86830E+004
  5.40583E+002  5.75348E+002  8.98689E+002  2.59478E+003  4.36399E+003
  1.77378E+004
  1.39675E+001  1.47364E+001  1.65496E+001  4.38325E+001  6.31920E+001
  4.68221E+002
  1.98676E+002  5.01940E+002  9.25507E+002  1.26468E+003  1.34345E+003
  1.20120E+003
  0.00000E+000
  2.35742E+001  2.40185E+002  6.59219E+002  9.36731E+002  5.48118E+002
  3.47142E+002
  2.46183E+001  2.47945E+002  9.06266E+002  7.12348E+002  3.95065E+002
  3.12690E+002
  4.07295E+001  1.55582E+002  3.79579E+002  6.05650E+002  6.79185E+002
  6.10653E+002
  4.47623E-006  1.10016E-004  7.25249E-004  7.50138E-003  1.46155E-001
  1.96484E+000
  1.37591E-001  2.03618E+000  1.86862E+001  5.34249E+001  1.00386E+002
  1.53295E+002
  1.35547E+000  1.41032E+000  1.54647E+000  4.22059E+000  6.21747E+000
  4.95744E+001
  3.52097E+002  3.76561E+002  4.36606E+002  1.23353E+003  1.69696E+003
  6.70123E+003
  4.88111E+002  6.17748E+002  1.07313E+003  7.61769E+003  1.41307E+004
  6.24523E+004
  3.44458E+002  3.69010E+002  6.03082E+002  1.93357E+003  3.37762E+003
  1.44471E+004
  1.76992E+000  1.93804E+000  2.35167E+000  9.95558E+000  1.60769E+001
  1.72095E+002
  8.76515E+001  2.47556E+002  4.97904E+002  7.29443E+002  8.20740E+002
  7.70702E+002
  0.00000E+000
  6.86338E+000  1.24948E+002  4.46626E+002  7.70075E+002  4.90229E+002
  3.24628E+002
  7.18175E+000  1.28928E+002  6.87599E+002  6.19668E+002  3.64854E+002
  2.96280E+002
  1.64463E+001  7.42555E+001  2.10244E+002  3.85029E+002  4.89886E+002
  4.89899E+002
  1.59917E-008  1.90768E-006  2.22980E-005  4.22849E-004  1.60839E-002
  3.63326E-001
  1.72854E-002  4.16245E-001  5.44309E+000  1.83761E+001  3.83794E+001
  6.32923E+001
  2.54462E-001  2.67688E-001  3.01115E-001  1.06045E+000  1.69690E+000
  1.82181E+001
  2.36443E+002  2.53314E+002  2.95228E+002  8.98255E+002  1.26667E+003
  5.39803E+003
  2.71397E+002  3.56055E+002  6.71447E+002  5.55193E+003  1.05707E+004
  4.91600E+004
  2.30736E+002  2.47749E+002  4.15661E+002  1.45301E+003  2.62522E+003
  1.18430E+004
  3.76759E-001  4.18753E-001  5.25780E-001  2.97247E+000  5.19512E+000
  7.19493E+001
  4.34857E+001  1.34759E+002  2.95949E+002  4.72959E+002  5.80861E+002
  5.94479E+002
  Planck function fitting parameters
 -5.33029E+000  7.92773E+003  8.00042E+006 -6.09067E+009  1.88318E+012
  Incident solar flux (W/m2)
  0.00000E+000
  Surface property
  0.00000E+000  0.00000E+000  0.00000E+000  0.00000E+000  0.00000E+000
  0.00000E+000  0.00000E+000
  Rayleigh scattering coefficient
  9.07052E-007
  Moments
  1.00000E+000
  1.41184E+003  2.60052E+003  3.13631E+003  2.29437E+003  1.09425E+003
  7.42795E+002
  1.71898E+003  2.91303E+003  2.98858E+003  1.44791E+003  8.25860E+002
  6.78471E+002
  9.81036E+002  1.31279E+003  1.73542E+003  1.99267E+003  1.90421E+003
  1.59464E+003
  4.64788E+003  4.65138E+003  4.65787E+003  4.68081E+003  4.80637E+003
  5.31421E+003
  9.14616E+002  9.74749E+002  1.20125E+003  1.49553E+003  1.79961E+003
  2.08542E+003
  6.48333E+003  6.48501E+003  6.49392E+003  6.93174E+003  7.29086E+003
  1.22773E+004
  1.59719E+003  1.67619E+003  1.87186E+003  4.75219E+003  6.47166E+003
  2.45925E+004
  2.54501E+003  3.09803E+003  5.15306E+003  3.23242E+004  5.59994E+004
  2.05598E+005
  3.02924E+003  3.12135E+003  3.99189E+003  8.96931E+003  1.43246E+004
  5.61884E+004
  1.06231E+003  1.09248E+003  1.16648E+003  2.33944E+003  3.11402E+003
  1.37448E+004
  1.07952E+003  2.14595E+003  3.20543E+003  3.64477E+003  3.30669E+003
  2.59303E+003
  0.00000E+000
  5.92976E+002  6.53795E+002  6.44388E+002  5.46515E+002  4.05828E+002
  3.26406E+002
  8.29834E+002  8.90285E+002  7.72317E+002  5.35600E+002  3.82329E+002
  3.25560E+002
  7.84320E+002  8.16510E+002  8.27683E+002  7.85783E+002  6.91342E+002
  5.83016E+002
  4.64777E+003  4.65084E+003  4.65625E+003  4.67385E+003  4.75691E+003
  5.03576E+003
  9.06815E+002  9.26809E+002  9.77799E+002  1.02786E+003  1.07065E+003
  1.10508E+003
  6.42461E+003  6.42575E+003  6.43315E+003  6.81774E+003  7.12328E+003
  1.08884E+004
  9.65948E+002  9.97534E+002  1.07436E+003  2.12029E+003  2.74023E+003
  9.53294E+003
  2.66941E+002  4.26332E+002  9.89587E+002  7.72246E+003  1.34640E+004
  5.06861E+004
  2.16044E+003  2.20377E+003  2.58469E+003  4.49546E+003  6.50346E+003
  2.28377E+004
  1.04094E+003  1.06883E+003  1.13684E+003  2.15042E+003  2.77499E+003
  1.00102E+004
  1.90135E+001  2.36572E+001  2.94353E+001  3.46290E+001  3.78253E+001
  3.89334E+001
  0.00000E+000
  4.00457E+002  1.45053E+003  2.08680E+003  1.53936E+003  6.15523E+002
  3.85860E+002
  4.34191E+002  1.50306E+003  1.91867E+003  8.15282E+002  4.11867E+002
  3.34934E+002
  9.30983E+001  2.98567E+002  6.42896E+002  9.50929E+002  1.02320E+003
  8.91969E+002
  2.16059E-004  4.90320E-003  3.08607E-002  2.93166E-001  4.68485E+000
  4.63946E+001
  7.34729E-001  9.48392E+000  7.55944E+001  2.00037E+002  3.57247E+002
  5.25746E+002
  7.57747E+000  7.86525E+000  8.61911E+000  2.60285E+001  4.06655E+001
  4.83017E+002
  5.05932E+002  5.45572E+002  6.45013E+002  2.17484E+003  3.08373E+003
  1.22369E+004
  1.51900E+003  1.82989E+003  3.00181E+003  1.96290E+004  3.45895E+004
  1.30442E+005
  6.55968E+002  6.96827E+002  1.10735E+003  3.63976E+003  6.37629E+003
  2.63338E+004
  4.28205E+000  4.81616E+000  6.24711E+000  5.21216E+001  1.01379E+002
  1.52228E+003
  5.34542E+002  1.18919E+003  1.91248E+003  2.27834E+003  2.12496E+003
  1.69393E+003
  1.00000E-001
  2.05846E+002  9.80802E+002  1.64871E+003  1.32934E+003  5.54105E+002
  3.62131E+002
  2.22128E+002  1.00997E+003  1.59792E+003  7.25099E+002  3.85974E+002
  3.20706E+002
  5.63680E+001  1.93090E+002  4.52955E+002  7.27013E+002  8.37427E+002
  7.69298E+002
  1.08014E-002  5.40338E-002  1.62138E-001  7.07638E-001  5.24187E+000
  3.23011E+001
  8.68391E-001  6.61445E+000  4.32870E+001  1.13063E+002  2.05528E+002
  3.09642E+002
  7.02005E+000  7.13961E+000  7.46682E+000  1.70629E+001  2.61838E+001
  2.85828E+002
  3.96226E+002  4.28635E+002  5.10169E+002  1.77100E+003  2.52247E+003
  1.01356E+004
  1.02047E+003  1.25209E+003  2.13128E+003  1.51532E+004  2.71950E+004
  1.06512E+005
  4.90466E+002  5.23387E+002  8.55765E+002  2.93743E+003  5.21042E+003
  2.16473E+004
  3.01553E+000  3.36711E+000  4.29992E+000  3.25331E+001  6.19850E+001
  8.99179E+002
  3.09002E+002  7.20308E+002  1.22482E+003  1.54785E+003  1.53174E+003
  1.29231E+003
  0.00000E+000
  7.60282E+001  5.88583E+002  1.21998E+003  1.11472E+003  4.93471E+002
  3.38960E+002
  8.16057E+001  6.03015E+002  1.27602E+003  6.37215E+002  3.61660E+002
  3.07217E+002
  2.64174E+001  1.09612E+002  2.96153E+002  5.29464E+002  6.62692E+002
  6.48276E+002
  1.31637E-005  2.96321E-004  1.87705E-003  1.84595E-002  3.31280E-001
  4.03733E+000
  7.76560E-002  1.28121E+000  1.39609E+001  4.48446E+001  9.17481E+001
  1.49602E+002
  1.07693E+000  1.11982E+000  1.23313E+000  4.11258E+000  6.78306E+000
  1.01729E+002
  2.97470E+002  3.22889E+002  3.87094E+002  1.38617E+003  1.98417E+003
  8.11240E+003
  6.13950E+002  7.75669E+002  1.39484E+003  1.10975E+004  2.03776E+004
  8.36437E+004
  3.53001E+002  3.78347E+002  6.36344E+002  2.28294E+003  4.10486E+003
  1.72484E+004
  6.30966E-001  7.17681E-001  9.53445E-001  9.45975E+000  1.93961E+001
  3.64988E+002
  1.40653E+002  3.63992E+002  6.72001E+002  9.07914E+002  9.50578E+002
  8.42614E+002
  0.00000E+000
  2.63961E+001  3.36756E+002  8.70719E+002  9.27542E+002  4.47199E+002
  3.22374E+002
  2.81762E+001  3.42789E+002  9.96391E+002  5.64767E+002  3.42827E+002
  2.96166E+002
  1.34336E+001  6.44804E+001  1.96058E+002  3.86362E+002  5.23824E+002
  5.45972E+002
  8.95693E-008  6.64912E-006  7.18465E-005  1.25722E-003  4.24268E-002
  8.39651E-001
  1.30078E-002  3.46964E-001  5.25745E+000  1.95272E+001  4.36220E+001
  7.56268E+001
  2.42929E-001  2.56047E-001  2.90891E-001  1.23378E+000  2.17058E+000
  4.12499E+001
  2.23836E+002  2.43702E+002  2.94101E+002  1.08445E+003  1.56128E+003
  6.56082E+003
  3.79929E+002  4.90791E+002  9.22840E+002  8.11362E+003  1.52260E+004
  6.54969E+004
  2.56669E+002  2.76128E+002  4.75835E+002  1.78038E+003  3.25137E+003
  1.40296E+004
  1.81965E-001  2.09481E-001  2.85577E-001  3.38491E+000  7.28835E+000
  1.64181E+002
  7.15076E+001  2.02757E+002  4.08762E+002  6.03258E+002  6.90860E+002
  6.68377E+002
  Planck function fitting parameters
 -6.56173E+000  9.69118E+003  4.18189E+006 -3.02230E+009  8.07642E+011
  Incident solar flux (W/m2)
  0.00000E+000
  Surface property
  0.00000E+000  0.00000E+000  0.00000E+000  0.00000E+000  0.00000E+000
  0.00000E+000  0.00000E+000
  Rayleigh scattering coefficient
  4.61215E-006
  Moments
  1.00000E+000
  2.64772E+003  4.14236E+003  4.05295E+003  2.19868E+003  1.03385E+003
  7.25205E+002
  2.72163E+003  4.13488E+003  3.20305E+003  1.35516E+003  8.05373E+002
  6.62494E+002
  9.30652E+002  1.28208E+003  1.72872E+003  2.01755E+003  1.95187E+003
  1.64069E+003
  6.07765E+003  6.08612E+003  6.10031E+003  6.15000E+003  6.40800E+003
  7.31707E+003
  3.27210E+002  4.79364E+002  1.05663E+003  1.76706E+003  2.45405E+003
  3.05708E+003
  2.89956E+003  2.93204E+003  3.01027E+003  4.14288E+003  4.84944E+003
  1.38846E+004
  2.14869E+003  2.26257E+003  2.53928E+003  6.19599E+003  8.30962E+003
  3.07478E+004
  3.90389E+003  4.69962E+003  7.61621E+003  4.28056E+004  7.15722E+004
  2.40726E+005
  3.53891E+003  3.66532E+003  4.83051E+003  1.11447E+004  1.78227E+004
  7.19321E+004
  6.11847E+002  6.64976E+002  7.94738E+002  2.84871E+003  4.21431E+003
  2.32826E+004
  1.86829E+003  3.32615E+003  4.44702E+003  4.54691E+003  3.75040E+003
  2.72544E+003
  0.00000E+000
  9.19627E+002  9.26423E+002  8.32904E+002  6.16285E+002  4.07306E+002
  3.12288E+002
  1.04688E+003  1.06127E+003  8.42308E+002  5.38959E+002  3.69082E+002
  3.10836E+002
  6.97778E+002  7.22052E+002  7.26117E+002  6.87618E+002  6.09677E+002
  5.22335E+002
  6.07736E+003  6.08469E+003  6.09605E+003  6.13213E+003  6.29184E+003
  6.74944E+003
  2.97762E+002  3.10633E+002  3.45170E+002  3.80975E+002  4.13316E+002
  4.41048E+002
  2.79632E+003  2.82432E+003  2.89137E+003  3.81422E+003  4.35498E+003
  1.02656E+004
  6.08424E+002  6.55077E+002  7.66464E+002  2.22387E+003  3.07044E+003
  1.21730E+004
  1.99768E+002  4.54383E+002  1.28110E+003  1.00930E+004  1.72291E+004
  6.11504E+004
  2.17310E+003  2.23105E+003  2.73994E+003  5.32412E+003  8.03703E+003
  3.00533E+004
  5.18485E+002  5.63263E+002  6.71721E+002  2.26498E+003  3.24095E+003
  1.45361E+004
  2.78249E+001  3.48795E+001  4.26479E+001  4.86024E+001  5.13157E+001
  5.13187E+001
  0.00000E+000
  1.04021E+003  2.55255E+003  2.74018E+003  1.37481E+003  5.65017E+002
  3.86416E+002
  1.01075E+003  2.45058E+003  2.06077E+003  7.32960E+002  4.10122E+002
  3.35586E+002
  1.26384E+002  3.78792E+002  7.80874E+002  1.12693E+003  1.19346E+003
  1.02208E+003
  1.06682E-003  2.10753E-002  1.22765E-001  1.04419E+000  1.39613E+001
  1.13479E+002
  4.15880E+000  4.48061E+001  2.90416E+002  6.75691E+002  1.09845E+003
  1.50073E+003
  2.38593E+001  2.51779E+001  2.84930E+001  9.64675E+001  1.55691E+002
  1.51571E+003
  1.19103E+003  1.24662E+003  1.38273E+003  3.15752E+003  4.16376E+003
  1.43782E+004
  2.47848E+003  2.93353E+003  4.63058E+003  2.62874E+004  4.43887E+004
  1.51089E+005
  1.02004E+003  1.07669E+003  1.61432E+003  4.60596E+003  7.70207E+003
  3.13736E+004
  2.40786E+001  2.65926E+001  3.31378E+001  1.97210E+002  3.51957E+002
  4.09954E+003
  9.70573E+002  1.90194E+003  2.70671E+003  2.87703E+003  2.42899E+003
  1.79341E+003
  1.00000E-001
  5.87299E+002  1.88106E+003  2.25218E+003  1.20130E+003  5.21101E+002
  3.66273E+002
  5.71513E+002  1.80955E+003  1.76282E+003  6.64999E+002  3.89702E+002
  3.22838E+002
  8.17888E+001  2.66038E+002  5.96535E+002  9.22690E+002  1.02824E+003
  9.12243E+002
  2.85855E-002  1.43827E-001  4.30259E-001  1.84037E+000  1.27451E+001
  7.05517E+001
  3.56908E+000  2.68850E+001  1.59971E+002  3.79586E+002  6.35770E+002
  8.93450E+002
  1.54203E+001  1.62028E+001  1.81688E+001  5.80915E+001  9.25076E+001
  8.86565E+002
  9.19268E+002  9.64925E+002  1.07685E+003  2.54324E+003  3.37659E+003
  1.17464E+004
  1.68436E+003  2.03187E+003  3.33753E+003  2.05787E+004  3.53586E+004
  1.24820E+005
  7.62123E+002  8.08069E+002  1.24643E+003  3.71563E+003  6.27110E+003
  2.51609E+004
  1.51658E+001  1.66819E+001  2.06123E+001  1.17103E+002  2.07581E+002
  2.44015E+003
  5.70410E+002  1.17616E+003  1.77277E+003  2.00031E+003  1.79264E+003
  1.40055E+003
  0.00000E+000
  2.68750E+002  1.26901E+003  1.75886E+003  1.02055E+003  4.74428E+002
  3.45134E+002
  2.62699E+002  1.22522E+003  1.45783E+003  5.96670E+002  3.69272E+002
  3.10051E+002
  4.46529E+001  1.71078E+002  4.31447E+002  7.26561E+002  8.60509E+002
  7.97071E+002
  6.79032E-005  1.34225E-003  7.95896E-003  7.15531E-002  1.11143E+000
  1.14727E+001
  4.60429E-001  6.54628E+000  5.81869E+001  1.62593E+002  2.99251E+002
  4.48049E+002
  3.60642E+000  3.83353E+000  4.41034E+000  1.73196E+001  2.94637E+001
  3.62482E+002
  6.69226E+002  7.05193E+002  7.93362E+002  1.95517E+003  2.61899E+003
  9.25862E+003
  1.02519E+003  1.27786E+003  2.22616E+003  1.53007E+004  2.68647E+004
  9.91940E+004
  5.51202E+002  5.86800E+002  9.29274E+002  2.89033E+003  4.92619E+003
  1.95478E+004
  3.95650E+000  4.41800E+000  5.63793E+000  3.99584E+001  7.52633E+001
  1.10032E+003
  2.71212E+002  6.14807E+002  9.99638E+002  1.20139E+003  1.13777E+003
  9.34776E+002
  0.00000E+000
  1.17778E+002  8.22116E+002  1.34238E+003  8.77175E+002  4.42295E+002
  3.29670E+002
  1.15340E+002  7.95667E+002  1.19485E+003  5.44897E+002  3.53609E+002
  2.99509E+002
  2.56653E+001  1.11853E+002  3.11787E+002  5.67466E+002  7.13528E+002
  6.91740E+002
  8.15907E-007  4.40660E-005  4.27938E-004  6.51335E-003  1.78203E-001
  2.82788E+000
  9.88532E-002  2.07150E+000  2.39651E+001  7.53317E+001  1.49069E+002
  2.34954E+002
  1.08506E+000  1.16274E+000  1.36196E+000  6.19371E+000  1.10482E+001
  1.63072E+002
  4.94403E+002  5.22746E+002  5.92376E+002  1.52364E+003  2.06271E+003
  7.52341E+003
  6.50530E+002  8.27305E+002  1.50665E+003  1.14059E+004  2.04582E+004
  7.91881E+004
  4.05347E+002  4.33047E+002  7.02143E+002  2.28297E+003  3.94804E+003
  1.58547E+004
  1.32715E+000  1.49616E+000  1.94902E+000  1.59735E+001  3.13553E+001
  5.35446E+002
  1.42980E+002  3.54427E+002  6.29337E+002  8.27571E+002  8.58994E+002
  7.70190E+002
  Planck function fitting parameters
 -6.56942E+000  1.04281E+004  2.82028E+006 -1.44365E+009  2.81511E+011
  Incident solar flux (W/m2)
  0.00000E+000
  Surface property
  0.00000E+000  0.00000E+000  0.00000E+000  0.00000E+000  0.00000E+000
  0.00000E+000  0.00000E+000
  Rayleigh scattering coefficient
  1.62647E-005
  Moments
  1.00000E+000
  4.62901E+003  6.38167E+003  4.84431E+003  2.02475E+003  1.00171E+003
  7.10093E+002
  4.95641E+003  6.49753E+003  3.21818E+003  1.28303E+003  7.87774E+002
  6.49255E+002
  1.22752E+003  2.19624E+003  3.17728E+003  3.47392E+003  2.91822E+003
  2.08350E+003
  8.46072E+003  8.48178E+003  8.51736E+003  8.64056E+003  9.22537E+003
  1.09397E+004
  2.58942E+002  6.83876E+002  2.06867E+003  3.51834E+003  4.73254E+003
  5.66027E+003
  3.26789E+003  3.29527E+003  3.36142E+003  4.40010E+003  5.11416E+003
  1.60450E+004
  2.64628E+003  2.77094E+003  3.07299E+003  7.02741E+003  9.32476E+003
  3.48751E+004
  6.30406E+003  7.40317E+003  1.14276E+004  5.62006E+004  9.06751E+004
  2.79462E+005
  4.21720E+003  4.35994E+003  5.65485E+003  1.26007E+004  2.00096E+004
  8.55100E+004
  5.73945E+002  6.16009E+002  7.20987E+002  2.66325E+003  4.13327E+003
  2.90259E+004
  3.42050E+003  5.35656E+003  6.29386E+003  5.68682E+003  4.20633E+003
  2.81414E+003
  0.00000E+000
  3.89388E+002  4.24257E+002  4.17655E+002  3.60757E+002  2.76623E+002
  2.32255E+002
  6.53394E+002  6.89529E+002  5.97183E+002  4.18188E+002  3.08961E+002
  2.70082E+002
  3.98619E+002  4.36441E+002  4.64817E+002  4.65204E+002  4.35192E+002
  3.91247E+002
  8.45983E+003  8.47734E+003  8.50435E+003  8.58825E+003  8.92194E+003
  9.68726E+003
  1.59847E+002  1.73012E+002  2.05737E+002  2.36810E+002  2.62945E+002
  2.84099E+002
  2.98247E+003  2.99693E+003  3.03094E+003  3.46151E+003  3.69888E+003
  6.14327E+003
  3.65371E+002  3.84803E+002  4.32124E+002  1.08616E+003  1.47747E+003
  5.82060E+003
  6.97336E+001  1.79829E+002  5.56495E+002  4.96581E+003  8.73574E+003
  3.33334E+004
  2.47141E+003  2.51766E+003  2.88452E+003  4.34239E+003  5.67940E+003
  1.61433E+004
  2.76249E+002  2.92692E+002  3.32544E+002  9.23519E+002  1.28998E+003
  5.65478E+003
  4.47671E+001  5.59301E+001  6.63930E+001  7.25860E+001  7.35832E+001
  7.12338E+001
  0.00000E+000
  2.97453E+003  4.85053E+003  3.65957E+003  1.36113E+003  6.36174E+002
  4.35021E+002
  3.01684E+003  4.73294E+003  2.16616E+003  7.55801E+002  4.42559E+002
  3.55917E+002
  4.98207E+002  1.25615E+003  2.14803E+003  2.52484E+003  2.14750E+003
  1.48728E+003
  5.90996E-003  1.03348E-001  5.55720E-001  4.18667E+000  4.59664E+001
  3.00329E+002
  1.89303E+001  1.67002E+002  8.64991E+002  1.75054E+003  2.56997E+003
  3.23942E+003
  8.58060E+001  9.04583E+001  1.02042E+002  3.46571E+002  5.55854E+002
  4.93123E+003
  1.69164E+003  1.77356E+003  1.97130E+003  4.46088E+003  5.86383E+003
  2.09535E+004
  4.15328E+003  4.96105E+003  7.89997E+003  4.05141E+004  6.55647E+004
  2.00762E+005
  1.29681E+003  1.37273E+003  2.09253E+003  6.21378E+003  1.05979E+004
  4.90249E+004
  9.67214E+001  1.06370E+002  1.31339E+002  7.18786E+002  1.24479E+003
  1.26605E+004
  1.86160E+003  3.15866E+003  3.90630E+003  3.64149E+003  2.74716E+003
  1.86923E+003
  1.00000E-001
  1.90690E+003  3.82650E+003  3.06753E+003  1.19023E+003  5.80887E+002
  4.03441E+002
  1.92610E+003  3.72086E+003  1.85095E+003  6.87201E+002  4.15275E+002
  3.37649E+002
  3.29163E+002  9.00311E+002  1.65678E+003  2.06050E+003  1.82487E+003
  1.30167E+003
  8.90026E-002  4.47250E-001  1.32621E+000  5.50513E+000  3.50234E+001
  1.70836E+002
  1.32674E+001  9.33538E+001  4.76674E+002  1.00276E+003  1.52721E+003
  1.98545E+003
  5.04229E+001  5.30865E+001  5.97394E+001  1.99850E+002  3.20517E+002
  2.93086E+003
  1.31273E+003  1.37969E+003  1.54139E+003  3.56569E+003  4.69524E+003
  1.64410E+004
  2.86741E+003  3.49295E+003  5.79166E+003  3.20661E+004  5.26889E+004
  1.66512E+005
  9.92608E+002  1.05363E+003  1.63351E+003  4.95243E+003  8.42294E+003
  3.73097E+004
  5.66458E+001  6.22269E+001  7.66702E+001  4.18820E+002  7.28805E+002
  7.74116E+003
  1.11730E+003  2.00254E+003  2.62762E+003  2.60290E+003  2.08548E+003
  1.50001E+003
  0.00000E+000
  1.05548E+003  2.80464E+003  2.42603E+003  9.81264E+002  5.13772E+002
  3.67978E+002
  1.06383E+003  2.72521E+003  1.50831E+003  6.10384E+002  3.87159E+002
  3.19660E+002
  1.89599E+002  5.94426E+002  1.20538E+003  1.60581E+003  1.49336E+003
  1.10477E+003
  3.89494E-004  6.91081E-003  3.84162E-002  3.13774E-001  4.15897E+000
  3.57215E+001
  2.28580E+000  2.71572E+001  1.92554E+002  4.63714E+002  7.63730E+002
  1.04647E+003
  1.48392E+001  1.57619E+001  1.80845E+001  7.16964E+001  1.21392E+002
  1.35743E+003
  9.40935E+002  9.92190E+002  1.11608E+003  2.66366E+003  3.52123E+003
  1.21697E+004
  1.74312E+003  2.19246E+003  3.86364E+003  2.37163E+004  3.97035E+004
  1.30283E+005
  7.39367E+002  7.86599E+002  1.23533E+003  3.78705E+003  6.39531E+003
  2.68693E+004
  1.78028E+001  1.98207E+001  2.51304E+001  1.66054E+002  3.03976E+002
  3.86354E+003
  5.55418E+002  1.08487E+003  1.52689E+003  1.60642E+003  1.36012E+003
  1.03073E+003
  0.00000E+000
  5.62190E+002  2.00341E+003  1.93295E+003  8.62584E+002  4.77338E+002
  3.46695E+002
  5.64424E+002  1.94327E+003  1.27191E+003  5.67564E+002  3.69446E+002
  3.07687E+002
  1.13178E+002  3.95927E+002  8.73506E+002  1.24245E+003  1.21762E+003
  9.41462E+002
  7.10091E-006  3.22750E-004  2.81639E-003  3.70411E-002  8.16224E-001
  1.03057E+001
  5.84900E-001  9.64092E+000  8.56397E+001  2.28688E+002  4.01970E+002
  5.77333E+002
  5.21030E+000  5.57085E+000  6.48565E+000  2.91742E+001  5.14366E+001
  6.70732E+002
  7.05279E+002  7.45672E+002  8.43599E+002  2.08057E+003  2.77000E+003
  9.64452E+003
  1.13434E+003  1.45178E+003  2.66305E+003  1.78686E+004  3.05194E+004
  1.04790E+005
  5.64272E+002  6.01599E+002  9.58039E+002  3.00976E+003  5.10250E+003
  2.08555E+004
  6.73502E+000  7.56635E+000  9.78043E+000  7.37102E+001  1.39907E+002
  2.03240E+003
  3.04601E+002  6.50209E+002  1.00082E+003  1.15518E+003  1.07385E+003
  8.85879E+002
  Planck function fitting parameters
  0.00000E+000  0.00000E+000  0.00000E+000  0.00000E+000  0.00000E+000
  Incident solar flux (W/m2)
  1.24208E+002
  Surface property
  2.28390E-002  1.19158E-001  1.19158E-001  1.19158E-001  1.19158E-001
  3.58944E-001  2.32754E-001
  Rayleigh scattering coefficient
  4.67369E-004
  Moments
  1.00000E+000
  1.16628E+004  7.63185E+003  4.06121E+003  1.83494E+003  9.59565E+002
  6.86493E+002
  1.05762E+004  7.46541E+003  2.73162E+003  1.21927E+003  7.59876E+002
  6.30000E+002
  4.85708E+003  6.69104E+003  6.86771E+003  5.34937E+003  3.42501E+003
  2.07945E+003
  1.65975E+004  1.67796E+004  1.70786E+004  1.79651E+004  2.08920E+004
  2.56357E+004
  1.45720E+003  4.07655E+003  8.92197E+003  1.17878E+004  1.31449E+004
  1.35858E+004
  3.08643E+003  3.20465E+003  3.49472E+003  8.21830E+003  1.14291E+004
  5.59767E+004
  4.25173E+003  4.46224E+003  4.97536E+003  1.22240E+004  1.67401E+004
  7.25530E+004
  1.05234E+004  1.21837E+004  1.78395E+004  7.13220E+004  1.08087E+005
  2.91919E+005
  6.84198E+003  7.07971E+003  9.29031E+003  2.23474E+004  3.77977E+004
  1.90209E+005
  3.18585E+003  3.40197E+003  3.93688E+003  1.31265E+004  1.96140E+004
  1.13373E+005
  1.10823E+004  1.26958E+004  1.11004E+004  7.73415E+003  4.68086E+003
  2.77328E+003
  0.00000E+000
  6.55216E+002  4.51232E+002  3.21575E+002  1.93832E+002  1.22797E+002
  9.72739E+001
  6.83640E+002  4.17375E+002  2.21298E+002  1.32570E+002  9.94562E+001
  8.88615E+001
  5.97845E+002  6.43368E+002  6.50519E+002  6.07510E+002  5.29588E+002
  4.48709E+002
  1.65830E+004  1.67124E+004  1.69005E+004  1.73807E+004  1.86078E+004
  1.97591E+004
  4.27188E+002  4.99804E+002  6.20711E+002  6.98622E+002  7.46773E+002
  7.75898E+002
  6.67668E+002  6.95679E+002  7.63301E+002  1.72595E+003  2.29479E+003
  8.31083E+003
  8.07979E+002  8.55315E+002  9.56858E+002  2.09766E+003  2.72718E+003
  9.16374E+003
  2.05997E+002  4.35624E+002  9.37098E+002  4.86872E+003  7.69181E+003
  2.34652E+004
  3.95606E+003  4.04015E+003  4.72543E+003  7.48540E+003  9.87449E+003
  2.60560E+004
  7.91300E+002  8.46156E+002  9.77139E+002  2.78632E+003  3.84846E+003
  1.51739E+004
  1.47449E+002  1.72780E+002  1.85083E+002  1.81635E+002  1.68260E+002
  1.53140E+002
  0.00000E+000
  9.07442E+003  5.95904E+003  3.04440E+003  1.38875E+003  7.33285E+002
  5.23042E+002
  8.30397E+003  6.00061E+003  2.11151E+003  9.52538E+002  5.90154E+002
  4.86868E+002
  3.02868E+003  4.71969E+003  5.12667E+003  4.04041E+003  2.52356E+003
  1.45146E+003
  3.92578E-001  4.69516E+000  1.92376E+001  9.81263E+001  6.04029E+002
  2.18417E+003
  3.56700E+002  1.73442E+003  4.95131E+003  7.14380E+003  8.31058E+003
  8.79367E+003
  1.20924E+003  1.26061E+003  1.38794E+003  3.63925E+003  5.28990E+003
  3.14335E+004
  2.42544E+003  2.54492E+003  2.84473E+003  7.21960E+003  1.00092E+004
  4.63394E+004
  7.33621E+003  8.61661E+003  1.29939E+004  5.42171E+004  8.24395E+004
  2.22726E+005
  1.99099E+003  2.10223E+003  3.21160E+003  1.06050E+004  2.00372E+004
  1.22197E+005
  1.18395E+003  1.27535E+003  1.50628E+003  6.02108E+003  9.52522E+003
  6.73354E+004
  6.54769E+003  7.87837E+003  7.09884E+003  5.04314E+003  3.10506E+003
  1.87658E+003
  1.00000E-001
  7.28725E+003  5.11698E+003  2.69364E+003  1.27116E+003  6.77841E+002
  4.85403E+002
  6.73287E+003  5.19851E+003  1.91419E+003  8.81210E+002  5.49528E+002
  4.54183E+002
  2.16009E+003  3.62045E+003  4.16971E+003  3.43600E+003  2.22025E+003
  1.31192E+003
  1.46335E+000  7.04136E+000  1.95544E+001  7.05624E+001  3.37264E+002
  1.14291E+003
  2.00840E+002  9.82169E+002  3.03640E+003  4.62843E+003  5.59399E+003
  6.08948E+003
  7.14813E+002  7.46703E+002  8.25934E+002  2.25604E+003  3.32713E+003
  2.11267E+004
  1.87866E+003  1.97318E+003  2.21024E+003  5.58942E+003  7.71139E+003
  3.51315E+004
  5.51012E+003  6.59179E+003  1.02989E+004  4.57456E+004  7.03866E+004
  1.94944E+005
  1.53211E+003  1.61882E+003  2.47905E+003  8.07727E+003  1.51330E+004
  9.21563E+004
  6.93450E+002  7.50112E+002  8.93867E+002  3.79868E+003  6.11623E+003
  4.64625E+004
  4.17071E+003  5.31932E+003  5.08872E+003  3.83855E+003  2.50067E+003
  1.58226E+003
  0.00000E+000
  5.46723E+003  4.12790E+003  2.20352E+003  1.08390E+003  5.92367E+002
  4.28428E+002
  5.13909E+003  4.28410E+003  1.62569E+003  7.73854E+002  4.89673E+002
  4.06778E+002
  1.41208E+003  2.60274E+003  3.21698E+003  2.79596E+003  1.88439E+003
  1.15385E+003
  2.81643E-002  3.67800E-001  1.65127E+000  9.86422E+000  8.03018E+001
  4.04552E+002
  6.34480E+001  4.21171E+002  1.59017E+003  2.64066E+003  3.35687E+003
  3.78215E+003
  3.27336E+002  3.43763E+002  3.84794E+002  1.15916E+003  1.76328E+003
  1.26272E+004
  1.36531E+003  1.43611E+003  1.61250E+003  4.05611E+003  5.56423E+003
  2.48393E+004
  3.68997E+003  4.55030E+003  7.47990E+003  3.60123E+004  5.61282E+004
  1.59416E+005
  1.16023E+003  1.22623E+003  1.87502E+003  5.92140E+003  1.08842E+004
  6.49982E+004
  3.13582E+002  3.42705E+002  4.17361E+002  2.02886E+003  3.38024E+003
  2.89040E+004
  2.27561E+003  3.10822E+003  3.15772E+003  2.52220E+003  1.74031E+003
  1.16367E+003
  0.00000E+000
  4.01297E+003  3.37841E+003  1.89888E+003  9.73060E+002  5.35758E+002
  3.88959E+002
  3.81717E+003  3.52663E+003  1.43158E+003  6.94302E+002  4.42227E+002
  3.68249E+002
  9.34731E+002  1.87667E+003  2.48739E+003  2.29059E+003  1.62022E+003
  1.03227E+003
  1.61680E-003  4.12657E-002  2.55472E-001  2.13528E+000  2.48450E+001
  1.65206E+002
  2.38960E+001  1.96300E+002  8.68778E+002  1.55973E+003  2.08701E+003
  2.44307E+003
  1.61255E+002  1.70036E+002  1.92074E+002  6.24502E+002  9.73741E+002
  7.69424E+003
  1.07254E+003  1.12909E+003  1.26937E+003  3.16303E+003  4.30631E+003
  1.84894E+004
  2.67806E+003  3.34367E+003  5.66406E+003  2.91419E+004  4.60831E+004
  1.35164E+005
  9.35123E+002  9.88444E+002  1.50957E+003  4.63947E+003  8.34323E+003
  4.75726E+004
  1.52629E+002  1.68182E+002  2.08448E+002  1.12870E+003  1.93336E+003
  1.82423E+004
  1.37472E+003  2.05108E+003  2.28398E+003  2.00228E+003  1.50420E+003
  1.07187E+003
  Planck function fitting parameters
  0.00000E+000  0.00000E+000  0.00000E+000  0.00000E+000  0.00000E+000
  Incident solar flux (W/m2)
  2.83500E+002
  Surface property
  2.28390E-002  2.62941E-001  2.62941E-001  2.62941E-001  2.62941E-001
  7.25428E-001  4.62487E-001
  Rayleigh scattering coefficient
  4.03480E-003
  Moments
  1.00000E+000
  1.62167E+004  6.68486E+003  3.68207E+003  1.76503E+003  9.35715E+002
  6.73438E+002
  1.61692E+004  6.84696E+003  2.57579E+003  1.18570E+003  7.44583E+002
  6.18963E+002
  2.19110E+004  2.01967E+004  1.35589E+004  7.26895E+003  3.63997E+003
  2.00417E+003
  2.78310E+004  2.87012E+004  2.99560E+004  3.30856E+004  4.04586E+004
  4.65951E+004
  6.26706E+003  1.48867E+004  2.37643E+004  2.54175E+004  2.43129E+004
  2.23368E+004
  1.05978E+004  1.09421E+004  1.17844E+004  2.51523E+004  3.39693E+004
  1.46134E+005
  9.73065E+003  1.01424E+004  1.11361E+004  2.59629E+004  3.53309E+004
  1.49444E+005
  1.34497E+004  1.54827E+004  2.23452E+004  7.83546E+004  1.14268E+005
  2.87802E+005
  1.29744E+004  1.34180E+004  1.76124E+004  4.40063E+004  7.61128E+004
  3.78980E+005
  1.49932E+004  1.56522E+004  1.72568E+004  4.33245E+004  6.06668E+004
  2.84010E+005
  2.22704E+004  2.04432E+004  1.45792E+004  8.60061E+003  4.67320E+003
  2.65018E+003
  0.00000E+000
  7.01537E+000  7.28442E+000  7.24128E+000  6.73890E+000  6.23636E+000
  6.03864E+000
  1.10269E+001  1.13665E+001  1.09230E+001  9.88395E+000  9.22090E+000
  8.89961E+000
  1.23083E+003  1.29064E+003  1.19106E+003  9.78789E+002  7.48493E+002
  5.69464E+002
  2.77224E+004  2.82556E+004  2.89071E+004  3.02483E+004  3.23597E+004
  3.17713E+004
  7.84065E+002  9.86486E+002  1.22078E+003  1.31889E+003  1.35370E+003
  1.35721E+003
  2.59888E+000  2.76369E+000  3.16378E+000  9.13634E+000  1.28399E+001
  5.58274E+001
  1.57259E+003  1.58682E+003  1.61779E+003  1.83351E+003  1.89378E+003
  2.06147E+003
  6.58122E+001  6.62585E+001  7.10145E+001  1.45384E+002  2.13030E+002
  6.75377E+002
  6.08321E+003  6.17202E+003  6.84143E+003  8.67965E+003  9.61959E+003
  1.14765E+004
  1.87889E+003  1.88689E+003  1.90399E+003  2.03909E+003  2.08787E+003
  2.35877E+003
  3.88066E+002  4.20822E+002  4.13250E+002  3.74639E+002  3.26291E+002
  2.84566E+002
  0.00000E+000
  1.32530E+004  5.24415E+003  2.97479E+003  1.48723E+003  8.01548E+002
  5.79937E+002
  1.35955E+004  5.49105E+003  2.15412E+003  1.01857E+003  6.45195E+002
  5.37766E+002
  1.37949E+004  1.32868E+004  9.00145E+003  4.75485E+003  2.31004E+003
  1.22055E+003
  6.21854E+000  5.47142E+001  1.82003E+002  7.00468E+002  2.89347E+003
  7.01682E+003
  2.47001E+003  7.87448E+003  1.45568E+004  1.62723E+004  1.58408E+004
  1.46569E+004
  6.24956E+003  6.48046E+003  7.04716E+003  1.62933E+004  2.25584E+004
  1.06117E+005
  5.07135E+003  5.35672E+003  6.04962E+003  1.66941E+004  2.35961E+004
  1.10961E+005
  9.51050E+003  1.12244E+004  1.69202E+004  6.26145E+004  9.18547E+004
  2.34173E+005
  4.27674E+003  4.52775E+003  7.04917E+003  2.50482E+004  4.84859E+004
  2.83411E+005
  7.36651E+003  7.80749E+003  8.88741E+003  2.71072E+004  3.96309E+004
  2.08707E+005
  1.36667E+004  1.29728E+004  9.43882E+003  5.65170E+003  3.11783E+003
  1.79011E+003
  1.00000E-001
  1.12174E+004  4.62232E+003  2.69436E+003  1.36037E+003  7.35861E+002
  5.33024E+002
  1.16139E+004  4.84133E+003  1.97210E+003  9.38270E+002  5.95363E+002
  4.96480E+002
  9.39557E+003  9.72316E+003  7.03373E+003  3.94325E+003  2.01518E+003
  1.10614E+003
  1.12469E+001  5.01348E+001  1.28549E+002  4.04230E+002  1.51455E+003
  3.82779E+003
  1.36436E+003  4.65995E+003  9.47336E+003  1.11807E+004  1.12863E+004
  1.07263E+004
  3.87233E+003  4.02678E+003  4.40675E+003  1.07392E+004  1.51238E+004
  7.61931E+004
  3.43220E+003  3.64105E+003  4.14896E+003  1.19918E+004  1.71270E+004
  8.38762E+004
  7.48643E+003  8.95381E+003  1.38625E+004  5.40006E+004  8.00316E+004
  2.08321E+005
  2.89781E+003  3.07745E+003  4.89005E+003  1.80368E+004  3.55072E+004
  2.17529E+005
  4.32668E+003  4.62271E+003  5.34948E+003  1.79711E+004  2.68771E+004
  1.52765E+005
  9.10685E+003  9.18108E+003  7.09910E+003  4.50796E+003  2.61536E+003
  1.55573E+003
  0.00000E+000
  8.84785E+003  3.67039E+003  2.20578E+003  1.14413E+003  6.26078E+002
  4.55541E+002
  9.36531E+003  3.90710E+003  1.66278E+003  8.06259E+002  5.15376E+002
  4.30864E+002
  5.70863E+003  6.41565E+003  4.99152E+003  3.01198E+003  1.66011E+003
  9.72890E+002
  4.79882E-001  4.92906E+000  1.87028E+001  8.81660E+001  5.03285E+002
  1.73911E+003
  5.39862E+002  2.30162E+003  5.43642E+003  6.85192E+003  7.19728E+003
  7.03524E+003
  2.02643E+003  2.11726E+003  2.34170E+003  6.21103E+003  8.97635E+003
  4.97725E+004
  2.16019E+003  2.29836E+003  2.63571E+003  7.91678E+003  1.14231E+004
  5.84644E+004
  5.15200E+003  6.30475E+003  1.01903E+004  4.25363E+004  6.37212E+004
  1.69364E+005
  1.92887E+003  2.05051E+003  3.27883E+003  1.22243E+004  2.42886E+004
  1.54952E+005
  2.12476E+003  2.29633E+003  2.72094E+003  1.05311E+004  1.62636E+004
  1.02292E+005
  5.25709E+003  5.64366E+003  4.63134E+003  3.12607E+003  1.93091E+003
  1.21684E+003
  0.00000E+000
  7.08156E+003  3.16791E+003  1.96514E+003  1.02162E+003  5.58304E+002
  4.05851E+002
  7.54064E+003  3.32233E+003  1.47084E+003  7.12892E+002  4.55324E+002
  3.80457E+002
  3.65799E+003  4.54546E+003  3.90450E+003  2.57981E+003  1.51945E+003
  9.23185E+002
  4.66332E-002  8.37220E-001  4.11732E+000  2.54299E+001  1.94413E+002
  8.50466E+002
  2.36922E+002  1.19816E+003  3.25075E+003  4.41285E+003  4.88212E+003
  4.96905E+003
  1.10855E+003  1.16262E+003  1.29676E+003  3.68414E+003  5.44061E+003
  3.27841E+004
  1.56338E+003  1.66223E+003  1.90371E+003  5.64953E+003  8.13394E+003
  4.19788E+004
  4.04744E+003  4.97203E+003  8.13895E+003  3.56086E+004  5.39729E+004
  1.47007E+005
  1.43694E+003  1.52538E+003  2.41419E+003  8.77300E+003  1.73413E+004
  1.12467E+005
  1.09831E+003  1.19855E+003  1.44852E+003  6.32149E+003  1.00327E+004
  6.90172E+004
  3.39955E+003  3.99998E+003  3.60686E+003  2.66091E+003  1.76204E+003
  1.15699E+003
  Planck function fitting parameters
  0.00000E+000  0.00000E+000  0.00000E+000  0.00000E+000  0.00000E+000
  Incident solar flux (W/m2)
  3.41037E+002
  Surface property
  2.28390E-002  3.00000E-001  3.00000E-001  2.89252E-001  2.78503E-001
  8.00000E-001  5.00000E-001
  Rayleigh scattering coefficient
  2.17633E-002
  Moments
  1.00000E+000
  1.45285E+004  6.16992E+003  3.57362E+003  1.72787E+003  9.22547E+002
  6.65724E+002
  1.49377E+004  6.20038E+003  2.50763E+003  1.16563E+003  7.35160E+002
  6.12447E+002
  3.62107E+004  2.63445E+004  1.46124E+004  7.06272E+003  3.47272E+003
  1.93920E+003
  4.26326E+004  4.53472E+004  4.88227E+004  5.60597E+004  6.77971E+004
  6.94229E+004
  1.71311E+004  3.23046E+004  3.92893E+004  3.58108E+004  3.07734E+004
  2.61978E+004
  2.53981E+004  2.61430E+004  2.79544E+004  5.54230E+004  7.26780E+004
  2.69291E+005
  1.78817E+004  1.86281E+004  2.04330E+004  4.68543E+004  6.30482E+004
  2.43460E+005
  1.43240E+004  1.64932E+004  2.33537E+004  7.70281E+004  1.10909E+005
  2.76091E+005
  2.17382E+004  2.25149E+004  2.99301E+004  7.62582E+004  1.30187E+005
  5.79989E+005
  3.31551E+004  3.45567E+004  3.79561E+004  8.97308E+004  1.22173E+005
  4.91806E+005
  3.35935E+004  2.61700E+004  1.62505E+004  8.71088E+003  4.52865E+003
  2.55435E+003
  0.00000E+000
  1.05684E-001  1.08494E-001  1.05778E-001  9.77145E-002  9.40053E-002
  9.03643E-002
  4.53668E-002  4.62367E-002  4.53951E-002  4.30616E-002  4.12565E-002
  3.91741E-002
  2.06021E+003  1.98745E+003  1.67600E+003  1.26873E+003  9.05878E+002
  6.51373E+002
  4.21086E+004  4.34959E+004  4.49685E+004  4.73618E+004  4.88883E+004
  4.32117E+004
  1.38166E+003  1.74622E+003  2.03709E+003  2.09280E+003  2.06747E+003
  2.01158E+003
  2.79678E-002  3.06523E-002  3.71612E-002  1.33539E-001  1.92911E-001
  8.73315E-001
  1.58245E+003  1.59243E+003  1.61472E+003  1.77376E+003  1.81387E+003
  1.87037E+003
  1.13152E+000  1.14491E+000  1.20638E+000  2.27458E+000  3.26277E+000
  1.00518E+001
  8.51414E+003  8.62567E+003  9.48172E+003  1.18815E+004  1.31388E+004
  1.57781E+004
  2.03926E+003  2.03980E+003  2.04207E+003  2.09504E+003  2.12045E+003
  2.25038E+003
  8.56904E+002  8.63244E+002  7.87377E+002  6.67923E+002  5.49252E+002
  4.55620E+002
  0.00000E+000
  1.14205E+004  4.94621E+003  2.97649E+003  1.47681E+003  7.99134E+002
  5.80544E+002
  1.20808E+004  5.02003E+003  2.14115E+003  1.01510E+003  6.46439E+002
  5.40369E+002
  2.28028E+004  1.68638E+004  9.29208E+003  4.41212E+003  2.10696E+003
  1.12705E+003
  4.93914E+001  3.27254E+002  9.07077E+002  2.74860E+003  8.16754E+003
  1.43880E+004
  8.25855E+003  1.89174E+004  2.51830E+004  2.34347E+004  2.02199E+004
  1.71859E+004
  1.63798E+004  1.69259E+004  1.82560E+004  3.87277E+004  5.17918E+004
  2.04764E+005
  1.02670E+004  1.08245E+004  1.21754E+004  3.22226E+004  4.47005E+004
  1.87013E+005
  1.01500E+004  1.19765E+004  1.76912E+004  6.17883E+004  8.97000E+004
  2.27463E+005
  8.39134E+003  8.88409E+003  1.37938E+004  4.74356E+004  8.85483E+004
  4.45191E+005
  1.88407E+004  1.98831E+004  2.24138E+004  6.14036E+004  8.62165E+004
  3.76158E+005
  2.09923E+004  1.67410E+004  1.05378E+004  5.70592E+003  2.98344E+003
  1.67107E+003
  1.00000E-001
  9.89266E+003  4.46829E+003  2.71459E+003  1.35350E+003  7.34335E+002
  5.34261E+002
  1.04945E+004  4.54400E+003  1.96596E+003  9.35596E+002  5.96829E+002
  4.99276E+002
  1.59140E+004  1.26597E+004  7.47557E+003  3.77074E+003  1.88485E+003
  1.04246E+003
  5.66276E+001  2.28168E+002  5.34776E+002  1.45854E+003  4.32076E+003
  8.38695E+003
  4.72199E+003  1.18461E+004  1.73376E+004  1.69740E+004  1.51481E+004
  1.32023E+004
  1.06974E+004  1.10875E+004  1.20394E+004  2.69503E+004  3.66430E+004
  1.54232E+005
  6.75725E+003  7.17128E+003  8.17680E+003  2.33088E+004  3.28703E+004
  1.45187E+005
  8.27786E+003  9.86689E+003  1.48913E+004  5.43400E+004  7.95678E+004
  2.05052E+005
  5.44626E+003  5.80022E+003  9.36635E+003  3.46031E+004  6.62830E+004
  3.51873E+005
  1.15993E+004  1.23473E+004  1.41681E+004  4.28605E+004  6.15076E+004
  2.87550E+005
  1.45013E+004  1.22898E+004  8.21657E+003  4.70207E+003  2.56864E+003
  1.48236E+003
  0.00000E+000
  7.77918E+003  3.63029E+003  2.25888E+003  1.14337E+003  6.25098E+002
  4.56473E+002
  8.41993E+003  3.73151E+003  1.67049E+003  8.04337E+002  5.15831E+002
  4.32344E+002
  9.88862E+003  8.50829E+003  5.44616E+003  2.99552E+003  1.62122E+003
  9.51252E+002
  4.12205E+000  3.36693E+001  1.09495E+002  4.18016E+002  1.75767E+003
  4.44715E+003
  2.15576E+003  6.44640E+003  1.06479E+004  1.10104E+004  1.01744E+004
  9.10208E+003
  6.11003E+003  6.36037E+003  6.97339E+003  1.68307E+004  2.34005E+004
  1.06632E+005
  4.03933E+003  4.31346E+003  4.98381E+003  1.53979E+004  2.21289E+004
  1.04012E+005
  5.80964E+003  7.07308E+003  1.11223E+004  4.33738E+004  6.41729E+004
  1.68667E+005
  3.41786E+003  3.65283E+003  6.05194E+003  2.36241E+004  4.62716E+004
  2.58324E+005
  6.17539E+003  6.64627E+003  7.80235E+003  2.69102E+004  3.97267E+004
  2.02222E+005
  8.73077E+003  7.87020E+003  5.60181E+003  3.42682E+003  2.00213E+003
  1.22641E+003
  0.00000E+000
  6.54625E+003  3.23866E+003  2.02250E+003  1.02196E+003  5.57394E+002
  4.06410E+002
  7.02256E+003  3.28901E+003  1.47968E+003  7.11259E+002  4.55504E+002
  3.81644E+002
  6.67363E+003  6.42186E+003  4.57620E+003  2.72895E+003  1.54168E+003
  9.21697E+002
  5.68265E-001  7.44789E+000  3.01445E+001  1.44878E+002  7.86481E+002
  2.46263E+003
  1.05261E+003  3.65599E+003  6.87688E+003  7.65612E+003  7.45962E+003
  6.95476E+003
  3.60647E+003  3.76732E+003  4.16258E+003  1.06929E+004  1.51560E+004
  7.42896E+004
  2.71342E+003  2.90226E+003  3.36603E+003  1.07073E+004  1.55293E+004
  7.60836E+004
  4.87610E+003  5.91286E+003  9.31947E+003  3.74190E+004  5.58188E+004
  1.48993E+005
  2.34280E+003  2.50469E+003  4.17127E+003  1.66464E+004  3.30644E+004
  1.92786E+005
  3.45063E+003  3.74630E+003  4.47877E+003  1.72297E+004  2.60651E+004
  1.43621E+005
  5.96196E+003  5.90136E+003  4.60592E+003  3.04787E+003  1.87666E+003
  1.17963E+003
  Planck function fitting parameters
  0.00000E+000  0.00000E+000  0.00000E+000  0.00000E+000  0.00000E+000
  Incident solar flux (W/m2)
  4.40867E+002
  Surface property
  2.28390E-002  3.00000E-001  3.00000E-001  2.11600E-001  1.15003E-001
  8.00000E-001  5.00000E-001
  Rayleigh scattering coefficient
  1.13011E-001
  Moments
  1.00000E+000
  1.28265E+004  5.99620E+003  3.49312E+003  1.70304E+003  9.14972E+002
  6.62188E+002
  1.29606E+004  6.00407E+003  2.46100E+003  1.15268E+003  7.30428E+002
  6.09229E+002
  4.70222E+004  2.87389E+004  1.43600E+004  6.75811E+003  3.36262E+003
  1.90182E+003
  6.90540E+004  7.65006E+004  8.43309E+004  9.68738E+004  1.07119E+005
  9.31134E+004
  3.91397E+004  5.72218E+004  5.35620E+004  4.25024E+004  3.35913E+004
  2.71164E+004
  4.80478E+004  4.93503E+004  5.25005E+004  9.81713E+004  1.25489E+005
  4.05429E+005
  2.96900E+004  3.08942E+004  3.38206E+004  7.47558E+004  9.86412E+004
  3.38897E+005
  1.41507E+004  1.62546E+004  2.29446E+004  7.42167E+004  1.06718E+005
  2.67204E+005
  3.39002E+004  3.51465E+004  4.70062E+004  1.17675E+005  1.94472E+005
  7.55881E+005
  5.92955E+004  6.17108E+004  6.75882E+004  1.51383E+005  2.00767E+005
  7.02102E+005
  4.47769E+004  3.02811E+004  1.69081E+004  8.54762E+003  4.37823E+003
  2.48613E+003
  0.00000E+000
  1.73989E-003  1.71601E-003  1.61389E-003  1.52787E-003  1.45878E-003
  1.44055E-003
  1.52477E-003  1.52245E-003  1.42863E-003  1.36369E-003  1.32392E-003
  1.35080E-003
  3.08134E+003  2.73868E+003  2.14845E+003  1.53214E+003  1.03837E+003
  7.12788E+002
  6.67655E+004  6.98829E+004  7.24175E+004  7.48575E+004  7.09373E+004
  5.45765E+004
  2.38517E+003  2.90518E+003  3.13378E+003  3.05733E+003  2.91226E+003
  2.75719E+003
  3.93343E-003  3.98024E-003  4.09425E-003  5.80270E-003  6.85079E-003
  1.85823E-002
  1.68799E+003  1.69425E+003  1.70851E+003  1.83225E+003  1.86729E+003
  1.90109E+003
  7.21904E-003  7.61526E-003  8.97810E-003  2.65015E-002  4.21143E-002
  1.48445E-001
  1.21308E+004  1.22832E+004  1.34701E+004  1.68060E+004  1.85618E+004
  2.27494E+004
  2.33668E+003  2.32934E+003  2.31454E+003  2.28870E+003  2.29868E+003
  2.37210E+003
  1.90730E+003  1.76486E+003  1.47930E+003  1.15569E+003  8.75973E+002
  6.71478E+002
  0.00000E+000
  1.00270E+004  4.95231E+003  2.95439E+003  1.46610E+003  7.96913E+002
  5.80158E+002
  1.02778E+004  5.00351E+003  2.12035E+003  1.00900E+003  6.44682E+002
  5.39206E+002
  2.98730E+004  1.82839E+004  9.01781E+003  4.14877E+003  1.98588E+003
  1.07047E+003
  3.20028E+002  1.54573E+003  3.53128E+003  8.37568E+003  1.80170E+004
  2.36427E+004
  2.14909E+004  3.56611E+004  3.50428E+004  2.79120E+004  2.19559E+004
  1.76127E+004
  3.28652E+004  3.38734E+004  3.63125E+004  7.18620E+004  9.32794E+004
  3.15551E+005
  1.81870E+004  1.91387E+004  2.14494E+004  5.37138E+004  7.26212E+004
  2.64757E+005
  1.00909E+004  1.18637E+004  1.74610E+004  6.00827E+004  8.72600E+004
  2.23078E+005
  1.45124E+004  1.53573E+004  2.36825E+004  7.69278E+004  1.36797E+005
  5.84607E+005
  3.62714E+004  3.81840E+004  4.28298E+004  1.08720E+005  1.47671E+005
  5.47050E+005
  2.81526E+004  1.93117E+004  1.08433E+004  5.47573E+003  2.76754E+003
  1.52432E+003
  1.00000E-001
  8.92425E+003  4.50805E+003  2.70103E+003  1.34497E+003  7.32574E+002
  5.33544E+002
  9.14510E+003  4.57075E+003  1.94944E+003  9.30213E+002  5.95306E+002
  4.98084E+002
  2.17207E+004  1.42837E+004  7.52346E+003  3.64773E+003  1.81514E+003
  1.00814E+003
  2.64279E+002  9.15875E+002  1.90820E+003  4.38332E+003  1.00260E+004
  1.49669E+004
  1.29385E+004  2.36300E+004  2.53768E+004  2.11852E+004  1.71990E+004
  1.41249E+004
  2.26450E+004  2.34067E+004  2.52524E+004  5.25179E+004  6.91876E+004
  2.47026E+005
  1.22171E+004  1.29481E+004  1.47283E+004  3.99809E+004  5.49887E+004
  2.11446E+005
  8.48554E+003  1.00494E+004  1.50419E+004  5.36311E+004  7.84005E+004
  2.02677E+005
  9.55124E+003  1.01771E+004  1.64285E+004  5.78213E+004  1.05564E+005
  4.74724E+005
  2.35713E+004  2.50178E+004  2.85421E+004  7.94978E+004  1.10116E+005
  4.33085E+005
  2.01139E+004  1.46607E+004  8.73031E+003  4.64236E+003  2.44213E+003
  1.38550E+003
  0.00000E+000
  7.09330E+003  3.72854E+003  2.26493E+003  1.13930E+003  6.24662E+002
  4.56346E+002
  7.34935E+003  3.82184E+003  1.66258E+003  8.00509E+002  5.14913E+002
  4.31561E+002
  1.40907E+004  1.00299E+004  5.75688E+003  3.04081E+003  1.62294E+003
  9.45685E+002
  3.00868E+001  1.87716E+002  5.13568E+002  1.56204E+003  4.80536E+003
  9.02588E+003
  6.60520E+003  1.38744E+004  1.64584E+004  1.44239E+004  1.21107E+004
  1.02163E+004
  1.38669E+004  1.43893E+004  1.56583E+004  3.47800E+004  4.66960E+004
  1.77862E+005
  7.37434E+003  7.87540E+003  9.10464E+003  2.71469E+004  3.81015E+004
  1.55633E+005
  6.08851E+003  7.34614E+003  1.14209E+004  4.33630E+004  6.40054E+004
  1.68343E+005
  6.06384E+003  6.49065E+003  1.08317E+004  4.07496E+004  7.61177E+004
  3.57678E+005
  1.34370E+004  1.44072E+004  1.67902E+004  5.26535E+004  7.47422E+004
  3.15444E+005
  1.26365E+004  9.82396E+003  6.26870E+003  3.58693E+003  2.02375E+003
  1.21702E+003
  0.00000E+000
  6.24622E+003  3.34547E+003  2.03019E+003  1.01867E+003  5.57217E+002
  4.06737E+002
  6.37997E+003  3.39801E+003  1.47550E+003  7.08948E+002  4.56129E+002
  3.82585E+002
  1.01524E+004  8.08499E+003  5.10267E+003  2.85575E+003  1.56483E+003
  9.23423E+002
  5.58461E+000  5.18207E+001  1.70754E+002  6.34111E+002  2.45047E+003
  5.59069E+003
  3.53647E+003  8.50376E+003  1.14437E+004  1.08051E+004  9.56344E+003
  8.39162E+003
  8.76840E+003  9.12641E+003  9.99888E+003  2.34542E+004  3.20242E+004
  1.29988E+005
  4.88930E+003  5.23865E+003  6.10151E+003  1.91803E+004  2.72993E+004
  1.17457E+005
  5.42046E+003  6.47445E+003  9.97404E+003  3.82239E+004  5.66567E+004
  1.50080E+005
  4.05576E+003  4.35176E+003  7.40994E+003  2.93005E+004  5.58918E+004
  2.76138E+005
  8.11524E+003  8.76266E+003  1.03674E+004  3.57054E+004  5.17768E+004
  2.34270E+005
  9.08659E+003  7.75084E+003  5.38636E+003  3.28801E+003  1.92649E+003
  1.17904E+003
  Planck function fitting parameters
  0.00000E+000  0.00000E+000  0.00000E+000  0.00000E+000  0.00000E+000
  Incident solar flux (W/m2)
  1.28567E+002
  Surface property
  2.28390E-002  3.00000E-001  3.00000E-001  2.00000E-001  6.21441E-002
  8.00000E-001  5.00000E-001
  Rayleigh scattering coefficient
  4.22731E-001
  Moments
  1.00000E+000
  1.22891E+004  5.87524E+003  3.43886E+003  1.68772E+003  9.10725E+002
  6.61228E+002
  1.22985E+004  5.87915E+003  2.43004E+003  1.14499E+003  7.28195E+002
  6.08738E+002
  5.36596E+004  2.92356E+004  1.38934E+004  6.54039E+003  3.29533E+003
  1.87936E+003
  1.07114E+005  1.21707E+005  1.34148E+005  1.48642E+005  1.46701E+005
  1.10350E+005
  6.89680E+004  8.18091E+004  6.25667E+004  4.50632E+004  3.38286E+004
  2.65579E+004
  7.37520E+004  7.56063E+004  8.00665E+004  1.42102E+005  1.77655E+005
  5.12460E+005
  4.13727E+004  4.30315E+004  4.70502E+004  1.00878E+005  1.30856E+005
  4.07407E+005
  1.37137E+004  1.57239E+004  2.21975E+004  7.19161E+004  1.03664E+005
  2.61638E+005
  4.55532E+004  4.72715E+004  6.35014E+004  1.55266E+005  2.48727E+005
  8.62971E+005
  8.50676E+004  8.84851E+004  9.67711E+004  2.08943E+005  2.71725E+005
  8.52866E+005
  5.33015E+004  3.25111E+004  1.69506E+004  8.32982E+003  4.26639E+003
  2.44307E+003
  0.00000E+000
  2.04773E-003  1.87887E-003  1.78628E-003  1.70871E-003  1.62414E-003
  1.58414E-003
  1.71170E-003  1.62370E-003  1.52371E-003  1.43331E-003  1.38658E-003
  1.35642E-003
  4.15969E+003  3.47003E+003  2.58013E+003  1.75710E+003  1.14069E+003
  7.54154E+002
  1.00307E+005  1.05199E+005  1.07798E+005  1.07171E+005  9.19474E+004
  6.24455E+004
  3.66325E+003  4.24538E+003  4.27551E+003  4.00345E+003  3.70928E+003
  3.44189E+003
  5.47380E-003  5.52979E-003  5.66687E-003  7.76135E-003  9.05403E-003
  2.34249E-002
  2.17002E+003  2.17628E+003  2.19130E+003  2.34931E+003  2.39824E+003
  2.46767E+003
  6.81656E-002  6.81791E-002  6.83453E-002  8.25822E-002  9.83838E-002
  2.11497E-001
  1.60916E+004  1.63069E+004  1.79947E+004  2.26778E+004  2.50845E+004
  3.12415E+004
  3.25278E+003  3.23827E+003  3.20809E+003  3.12635E+003  3.12741E+003
  3.17797E+003
  3.74612E+003  3.19927E+003  2.46706E+003  1.76638E+003  1.22339E+003
  8.60075E+002
  0.00000E+000
  9.84900E+003  4.92458E+003  2.93032E+003  1.45818E+003  7.95216E+002
  5.79815E+002
  9.92943E+003  4.96699E+003  2.10210E+003  1.00394E+003  6.42515E+002
  5.38162E+002
  3.41951E+004  1.84949E+004  8.63643E+003  3.94461E+003  1.89701E+003
  1.03215E+003
  1.20605E+003  4.57817E+003  9.03519E+003  1.78087E+004  3.00487E+004
  3.17937E+004
  4.06794E+004  5.26098E+004  4.11260E+004  2.94333E+004  2.19012E+004
  1.70620E+004
  5.15697E+004  5.30471E+004  5.65985E+004  1.05885E+005  1.34149E+005
  4.01088E+005
  2.60849E+004  2.74266E+004  3.06716E+004  7.37610E+004  9.77113E+004
  3.19095E+005
  9.93128E+003  1.16282E+004  1.70649E+004  5.88067E+004  8.56441E+004
  2.20516E+005
  2.05115E+004  2.16990E+004  3.33013E+004  1.03229E+005  1.76398E+005
  6.63990E+005
  5.37238E+004  5.64999E+004  6.32143E+004  1.52997E+005  2.03052E+005
  6.66720E+005
  3.32873E+004  2.03957E+004  1.05695E+004  5.10644E+003  2.53569E+003
  1.39458E+003
  1.00000E-001
  8.90245E+003  4.49225E+003  2.68151E+003  1.33803E+003  7.30350E+002
  5.32247E+002
  8.99257E+003  4.54468E+003  1.93225E+003  9.24963E+002  5.92002E+002
  4.95615E+002
  2.57406E+004  1.49321E+004  7.40654E+003  3.54020E+003  1.76276E+003
  9.85122E+002
  8.38633E+002  2.52862E+003  4.76288E+003  9.49704E+003  1.76902E+004
  2.16384E+004
  2.55924E+004  3.63972E+004  3.09553E+004  2.31707E+004  1.77662E+004
  1.41463E+004
  3.67855E+004  3.79453E+004  4.07367E+004  7.98857E+004  1.02604E+005
  3.22039E+005
  1.80670E+004  1.91248E+004  2.16906E+004  5.63401E+004  7.58495E+004
  2.60256E+005
  8.53522E+003  1.00501E+004  1.49455E+004  5.29644E+004  7.75039E+004
  2.01068E+005
  1.39434E+004  1.48477E+004  2.38027E+004  7.96037E+004  1.39389E+005
  5.49874E+005
  3.64718E+004  3.86413E+004  4.39040E+004  1.15597E+005  1.56127E+005
  5.40538E+005
  2.44258E+004  1.59080E+004  8.73948E+003  4.44169E+003  2.29590E+003
  1.30194E+003
  0.00000E+000
  7.21907E+003  3.74130E+003  2.25432E+003  1.13381E+003  6.22285E+002
  4.54446E+002
  7.35376E+003  3.82122E+003  1.64731E+003  7.94650E+002  5.10294E+002
  4.27701E+002
  1.73354E+004  1.09211E+004  5.91613E+003  3.06354E+003  1.62017E+003
  9.40900E+002
  1.25877E+002  6.36992E+002  1.52639E+003  3.90547E+003  9.49540E+003
  1.43116E+004
  1.40230E+004  2.24736E+004  2.08880E+004  1.63978E+004  1.30220E+004
  1.06678E+004
  2.33474E+004  2.41754E+004  2.61723E+004  5.46207E+004  7.13796E+004
  2.37069E+005
  1.12119E+004  1.19588E+004  1.37827E+004  3.92155E+004  5.38066E+004
  1.94881E+005
  6.24861E+003  7.48138E+003  1.15111E+004  4.32030E+004  6.37646E+004
  1.67840E+005
  9.19087E+003  9.82835E+003  1.62522E+004  5.77423E+004  1.03089E+005
  4.21227E+005
  2.18385E+004  2.33507E+004  2.70457E+004  7.91930E+004  1.09282E+005
  4.01719E+005
  1.59819E+004  1.11748E+004  6.63324E+003  3.64600E+003  2.01770E+003
  1.20332E+003
  0.00000E+000
  6.48312E+003  3.36407E+003  2.02372E+003  1.01496E+003  5.55827E+002
  4.05881E+002
  6.54433E+003  3.40779E+003  1.46554E+003  7.05745E+002  4.53312E+002
  3.80055E+002
  1.31811E+004  9.24869E+003  5.42018E+003  2.92255E+003  1.57381E+003
  9.23205E+002
  2.79988E+001  2.02259E+002  5.73967E+002  1.76586E+003  5.31883E+003
  9.62523E+003
  8.00278E+003  1.46087E+004  1.54261E+004  1.30519E+004  1.08972E+004
  9.24262E+003
  1.54718E+004  1.60644E+004  1.74981E+004  3.83770E+004  5.09321E+004
  1.79423E+005
  7.60067E+003  8.13541E+003  9.44967E+003  2.84501E+004  3.96158E+004
  1.51335E+005
  5.77252E+003  6.82491E+003  1.03352E+004  3.85855E+004  5.70236E+004
  1.50393E+005
  6.26100E+003  6.71601E+003  1.13760E+004  4.26953E+004  7.79083E+004
  3.34970E+005
  1.40213E+004  1.50767E+004  1.76749E+004  5.60433E+004  7.88115E+004
  3.08660E+005
  1.19643E+004  9.15641E+003  5.87165E+003  3.40369E+003  1.93929E+003
  1.17328E+003
  Planck function fitting parameters
  0.00000E+000  0.00000E+000  0.00000E+000  0.00000E+000  0.00000E+000
  Incident solar flux (W/m2)
  2.71057E+001
  Surface property
  2.28390E-002  3.00000E-001  3.00000E-001  2.00000E-001  6.00000E-002
  8.00000E-001  5.00000E-001
  Rayleigh scattering coefficient
  9.57827E-001
  Moments
  1.00000E+000
  1.21211E+004  5.81245E+003  3.41279E+003  1.68026E+003  9.07004E+002
  6.57565E+002
  1.21198E+004  5.81605E+003  2.41528E+003  1.14047E+003  7.24763E+002
  6.05487E+002
  5.62716E+004  2.90509E+004  1.35943E+004  6.43334E+003  3.26114E+003
  1.86513E+003
  1.39354E+005  1.59335E+005  1.73834E+005  1.86075E+005  1.70174E+005
  1.17989E+005
  9.21255E+004  9.62968E+004  6.58504E+004  4.52742E+004  3.32959E+004
  2.59155E+004
  9.16807E+004  9.38756E+004  9.91328E+004  1.70101E+005  2.09645E+005
  5.64494E+005
  4.83342E+004  5.02702E+004  5.49546E+004  1.15759E+005  1.48815E+005
  4.37589E+005
  1.34315E+004  1.53723E+004  2.17179E+004  7.07527E+004  1.02190E+005
  2.59115E+005
  5.23267E+004  5.43377E+004  7.32298E+004  1.76357E+005  2.77153E+005
  9.01406E+005
  1.00429E+005  1.04458E+005  1.14212E+005  2.41759E+005  3.11321E+005
  9.19490E+005
  5.75386E+004  3.32563E+004  1.68112E+004  8.18870E+003  4.20536E+003
  2.41784E+003
  0.00000E+000
  8.81049E-003  7.95562E-003  7.66159E-003  7.27234E-003  6.91953E-003
  6.73555E-003
  3.31882E-003  3.06296E-003  2.89708E-003  2.71581E-003  2.61345E-003
  2.56732E-003
  4.65844E+003  3.77402E+003  2.74552E+003  1.83684E+003  1.17270E+003
  7.64193E+002
  1.26941E+005  1.32378E+005  1.33835E+005  1.28848E+005  1.03525E+005
  6.55110E+004
  5.12380E+003  5.70166E+003  5.46715E+003  4.97279E+003  4.51707E+003
  4.13037E+003
  7.03320E-003  7.30559E-003  7.96359E-003  1.74530E-002  2.31607E-002
  8.60846E-002
  2.84833E+003  2.85748E+003  2.87950E+003  3.11274E+003  3.19446E+003
  3.35986E+003
  1.93175E-001  1.93712E-001  1.96817E-001  2.66729E-001  3.36790E-001
  8.28175E-001
  1.86192E+004  1.88888E+004  2.10055E+004  2.68246E+004  2.97619E+004
  3.73885E+004
  4.54850E+003  4.53092E+003  4.49411E+003  4.38135E+003  4.38316E+003
  4.43306E+003
  5.62718E+003  4.53551E+003  3.29023E+003  2.21067E+003  1.43757E+003
  9.55386E+002
  0.00000E+000
  9.85410E+003  4.89484E+003  2.91364E+003  1.45281E+003  7.91939E+002
  5.76501E+002
  9.91493E+003  4.92989E+003  2.08912E+003  9.98978E+002  6.38331E+002
  5.34113E+002
  3.59374E+004  1.83735E+004  8.44025E+003  3.85993E+003  1.86126E+003
  1.01660E+003
  2.50529E+003  8.23247E+003  1.48970E+004  2.63406E+004  3.86670E+004
  3.63843E+004
  5.58786E+004  6.24250E+004  4.30234E+004  2.92397E+004  2.12680E+004
  1.64077E+004
  6.39358E+004  6.57070E+004  6.99429E+004  1.26701E+005  1.58204E+005
  4.40189E+005
  3.06713E+004  3.22393E+004  3.60278E+004  8.47378E+004  1.11113E+005
  3.41174E+005
  9.81173E+003  1.14588E+004  1.67983E+004  5.81514E+004  8.48387E+004
  2.19183E+005
  2.40603E+004  2.54474E+004  3.89359E+004  1.17347E+005  1.95886E+005
  6.87622E+005
  6.39380E+004  6.72195E+004  7.51476E+004  1.77454E+005  2.32899E+005
  7.15910E+005
  3.54823E+004  2.04375E+004  1.01680E+004  4.81862E+003  2.38540E+003
  1.32211E+003
  1.00000E-001
  8.93567E+003  4.46682E+003  2.66583E+003  1.33243E+003  7.26487E+002
  5.28987E+002
  9.01233E+003  4.51033E+003  1.91878E+003  9.19094E+002  5.87313E+002
  4.91706E+002
  2.76103E+004  1.51097E+004  7.33865E+003  3.49699E+003  1.74195E+003
  9.75325E+002
  1.60393E+003  4.42666E+003  7.83419E+003  1.43346E+004  2.36492E+004
  2.58546E+004
  3.60914E+004  4.42457E+004  3.30915E+004  2.34950E+004  1.75911E+004
  1.38545E+004
  4.62807E+004  4.76985E+004  5.10929E+004  9.69923E+004  1.22734E+005
  3.57796E+005
  2.16782E+004  2.29302E+004  2.59635E+004  6.56581E+004  8.74268E+004
  2.81325E+005
  8.51625E+003  9.99684E+003  1.48227E+004  5.25513E+004  7.69645E+004
  2.00012E+005
  1.67556E+004  1.78280E+004  2.83900E+004  9.17759E+004  1.56726E+005
  5.75338E+005
  4.44928E+004  4.70958E+004  5.34016E+004  1.36332E+005  1.81883E+005
  5.87415E+005
  2.64516E+004  1.62090E+004  8.55639E+003  4.26829E+003  2.19974E+003
  1.25513E+003
  0.00000E+000
  7.29983E+003  3.72366E+003  2.23931E+003  1.12736E+003  6.17691E+002
  4.50950E+002
  7.41890E+003  3.79042E+003  1.63133E+003  7.86858E+002  5.04261E+002
  4.22628E+002
  1.89808E+004  1.12976E+004  5.98616E+003  3.07513E+003  1.61828E+003
  9.37462E+002
  2.80181E+002  1.24880E+003  2.76321E+003  6.37802E+003  1.35124E+004
  1.79821E+004
  2.05358E+004  2.81004E+004  2.29024E+004  1.70832E+004  1.32729E+004
  1.07680E+004
  2.96356E+004  3.06654E+004  3.31358E+004  6.70009E+004  8.62403E+004
  2.65329E+005
  1.37420E+004  1.46386E+004  1.68243E+004  4.63069E+004  6.27532E+004
  2.12096E+005
  6.28834E+003  7.50423E+003  1.14870E+004  4.29890E+004  6.34579E+004
  1.67052E+005
  1.13649E+004  1.21368E+004  1.98596E+004  6.76527E+004  1.17422E+005
  4.43816E+005
  2.74058E+004  2.92503E+004  3.37480E+004  9.48901E+004  1.29093E+005
  4.39914E+005
  1.78269E+004  1.17930E+004  6.75850E+003  3.64702E+003  2.00123E+003
  1.19021E+003
  0.00000E+000
  6.58631E+003  3.35651E+003  2.01422E+003  1.01092E+003  5.52573E+002
  4.02972E+002
  6.64756E+003  3.39262E+003  1.45571E+003  7.00731E+002  4.48676E+002
  3.75552E+002
  1.49024E+004  9.82610E+003  5.56914E+003  2.95300E+003  1.57704E+003
  9.21717E+002
  6.88476E+001  4.28649E+002  1.11339E+003  3.06539E+003  7.98271E+003
  1.26581E+004
  1.21511E+004  1.89114E+004  1.75279E+004  1.40681E+004  1.14489E+004
  9.57490E+003
  2.01566E+004  2.09097E+004  2.27222E+004  4.81424E+004  6.28894E+004
  2.04901E+005
  9.52309E+003  1.01778E+004  1.17824E+004  3.42390E+004  4.70702E+004
  1.67707E+005
  5.92377E+003  6.97168E+003  1.04648E+004  3.86555E+004  5.70557E+004
  1.50159E+005
  7.91246E+003  8.47578E+003  1.41971E+004  5.09843E+004  9.03999E+004
  3.59562E+005
  1.82419E+004  1.95627E+004  2.28035E+004  6.88229E+004  9.52723E+004
  3.44852E+005
  1.36555E+004  9.86293E+003  6.07329E+003  3.43561E+003  1.93392E+003
  1.16520E+003
  Planck function fitting parameters
  0.00000E+000  0.00000E+000  0.00000E+000  0.00000E+000  0.00000E+000
  Incident solar flux (W/m2)
  8.35700E+000
  Surface property
  2.28390E-002  3.00000E-001  3.00000E-001  2.00000E-001  6.00000E-002
  8.00000E-001  5.00000E-001
  Rayleigh scattering coefficient
  1.39922E+000
  Moments
  1.00000E+000
  1.20506E+004  5.78633E+003  3.40264E+003  1.67729E+003  9.05256E+002
  6.54275E+002
  1.20492E+004  5.78949E+003  2.40947E+003  1.13865E+003  7.22333E+002
  6.00953E+002
  5.70416E+004  2.88638E+004  1.34602E+004  6.39039E+003  3.24778E+003
  1.85977E+003
  1.57540E+005  1.78860E+005  1.92887E+005  2.01898E+005  1.78031E+005
  1.19619E+005
  1.04088E+005  1.02358E+005  6.66858E+004  4.50592E+004  3.29286E+004
  2.55823E+004
  9.90671E+004  1.01406E+005  1.06999E+005  1.81545E+005  2.22557E+005
  5.82892E+005
  5.12727E+004  5.33262E+004  5.82933E+004  1.21793E+005  1.56029E+005
  4.47691E+005
  1.32964E+004  1.52233E+004  2.15129E+004  7.02870E+004  1.01606E+005
  2.58097E+005
  5.49313E+004  5.70702E+004  7.70887E+004  1.84703E+005  2.87965E+005
  9.11777E+005
  1.06907E+005  1.11195E+005  1.21571E+005  2.55049E+005  3.27208E+005
  9.41782E+005
  5.92020E+004  3.34658E+004  1.67239E+004  8.12777E+003  4.18144E+003
  2.40845E+003
  0.00000E+000
  1.42841E-002  1.28498E-002  1.24506E-002  1.17637E-002  1.11961E-002
  1.08885E-002
  4.49172E-003  4.10357E-003  3.88918E-003  3.64396E-003  3.49926E-003
  3.43499E-003
  5.94408E+003  4.62663E+003  3.22313E+003  2.06024E+003  1.25962E+003
  7.93395E+002
  1.41980E+005  1.46807E+005  1.46847E+005  1.38605E+005  1.07773E+005
  6.62203E+004
  7.66163E+003  8.23415E+003  7.54393E+003  6.65395E+003  5.90414E+003
  5.29671E+003
  7.84044E-003  8.30068E-003  9.40964E-003  2.52098E-002  3.46510E-002
  1.38286E-001
  4.21421E+003  4.23209E+003  4.27547E+003  4.70987E+003  4.86663E+003
  5.33563E+003
  1.92002E-001  1.93787E-001  2.01481E-001  3.25646E-001  4.42338E-001
  1.24851E+000
  1.98827E+004  2.01873E+004  2.25766E+004  2.91413E+004  3.24326E+004
  4.09531E+004
  7.24271E+003  7.22738E+003  7.19921E+003  7.14937E+003  7.16593E+003
  7.29101E+003
  6.78208E+003  5.29984E+003  3.71993E+003  2.41665E+003  1.52305E+003
  9.86971E+002
  0.00000E+000
  9.84478E+003  4.87984E+003  2.90586E+003  1.45032E+003  7.89957E+002
  5.72670E+002
  9.89671E+003  4.90887E+003  2.08196E+003  9.96009E+002  6.34896E+002
  5.28553E+002
  3.59744E+004  1.79062E+004  8.13157E+003  3.71017E+003  1.79877E+003
  9.93428E+002
  3.31966E+003  1.02363E+004  1.78578E+004  3.02148E+004  4.20430E+004
  3.79382E+004
  6.28815E+004  6.56150E+004  4.27092E+004  2.83551E+004  2.03998E+004
  1.56504E+004
  6.90071E+004  7.09002E+004  7.54190E+004  1.35092E+005  1.67740E+005
  4.53306E+005
  3.21080E+004  3.37567E+004  3.77414E+004  8.83549E+004  1.15586E+005
  3.47036E+005
  9.77526E+003  1.14092E+004  1.67046E+004  5.78951E+004  8.45155E+004
  2.18571E+005
  2.53761E+004  2.68417E+004  4.10525E+004  1.22528E+005  2.02647E+005
  6.91848E+005
  6.72883E+004  7.07598E+004  7.91483E+004  1.85927E+005  2.43366E+005
  7.29904E+005
  3.61802E+004  2.02977E+004  9.93899E+003  4.68549E+003  2.32577E+003
  1.29780E+003
  1.00000E-001
  8.93244E+003  4.45303E+003  2.65825E+003  1.32959E+003  7.24314E+002
  5.25666E+002
  8.99826E+003  4.48908E+003  1.91093E+003  9.15406E+002  5.83823E+002
  4.86679E+002
  2.78692E+004  1.48526E+004  7.13652E+003  3.39685E+003  1.70097E+003
  9.60448E+002
  2.06813E+003  5.48951E+003  9.46767E+003  1.67352E+004  2.63262E+004
  2.75713E+004
  4.10551E+004  4.69457E+004  3.31317E+004  2.29868E+004  1.70331E+004
  1.33490E+004
  5.03374E+004  5.18641E+004  5.55122E+004  1.04113E+005  1.30969E+005
  3.70425E+005
  2.28825E+004  2.42053E+004  2.74097E+004  6.88530E+004  9.14429E+004
  2.87465E+005
  8.51925E+003  9.99100E+003  1.47842E+004  5.23789E+004  7.67289E+004
  1.99476E+005
  1.79221E+004  1.90625E+004  3.02570E+004  9.64572E+004  1.63031E+005
  5.81486E+005
  4.72679E+004  5.00367E+004  5.67427E+004  1.43766E+005  1.91221E+005
  6.01874E+005
  2.71634E+004  1.62258E+004  8.43859E+003  4.19017E+003  2.16413E+003
  1.24071E+003
  0.00000E+000
  7.31122E+003  3.71146E+003  2.23108E+003  1.12377E+003  6.15030E+002
  4.47482E+002
  7.41321E+003  3.76687E+003  1.62087E+003  7.81573E+002  4.99916E+002
  4.17182E+002
  1.95133E+004  1.13587E+004  5.96392E+003  3.05216E+003  1.60540E+003
  9.31846E+002
  3.90289E+002  1.64286E+003  3.51099E+003  7.75589E+003  1.55169E+004
  1.96305E+004
  2.38132E+004  3.03537E+004  2.34292E+004  1.71489E+004  1.32262E+004
  1.06967E+004
  3.23873E+004  3.35032E+004  3.61748E+004  7.22309E+004  9.23970E+004
  2.75383E+005
  1.47627E+004  1.57146E+004  1.80343E+004  4.89429E+004  6.60774E+004
  2.17407E+005
  6.32404E+003  7.53432E+003  1.14943E+004  4.28867E+004  6.32957E+004
  1.66561E+005
  1.23538E+004  1.31838E+004  2.14484E+004  7.16735E+004  1.22895E+005
  4.49876E+005
  2.96811E+004  3.16520E+004  3.64558E+004  1.00880E+005  1.36660E+005
  4.52170E+005
  1.85980E+004  1.20273E+004  6.80221E+003  3.64840E+003  1.99742E+003
  1.18729E+003
  0.00000E+000
  6.60726E+003  3.34988E+003  2.00919E+003  1.00864E+003  5.50758E+002
  4.00456E+002
  6.66064E+003  3.37976E+003  1.44950E+003  6.97278E+002  4.45624E+002
  3.71699E+002
  1.55107E+004  9.96821E+003  5.57458E+003  2.93925E+003  1.56856E+003
  9.18142E+002
  1.00794E+002  5.86732E+002  1.46562E+003  3.84515E+003  9.40930E+003
  1.41121E+004
  1.43162E+004  2.07406E+004  1.81965E+004  1.43078E+004  1.15347E+004
  9.59870E+003
  2.23321E+004  2.31561E+004  2.51352E+004  5.24751E+004  6.80941E+004
  2.14711E+005
  1.03386E+004  1.10420E+004  1.27635E+004  3.65397E+004  5.00303E+004
  1.73439E+005
  5.98944E+003  7.03751E+003  1.05229E+004  3.86677E+004  5.70372E+004
  1.49942E+005
  8.71630E+003  9.32909E+003  1.55179E+004  5.45362E+004  9.54772E+004
  3.67738E+005
  2.00565E+004  2.14875E+004  2.49926E+004  7.40030E+004  1.01941E+005
  3.57822E+005
  1.43871E+004  1.01456E+004  6.15103E+003  3.45061E+003  1.93522E+003
  1.16444E+003
  Planck function fitting parameters
  0.00000E+000  0.00000E+000  0.00000E+000  0.00000E+000  0.00000E+000
  Incident solar flux (W/m2)
  5.65706E+000
  Surface property
  2.28390E-002  3.00000E-001  3.00000E-001  2.00000E-001  6.00000E-002
  8.00000E-001  5.00000E-001
  Rayleigh scattering coefficient
  2.19543E+000
  Moments
  1.00000E+000
  1.19640E+004  5.75499E+003  3.39091E+003  1.67385E+003  9.04207E+002
  6.54838E+002
  1.19630E+004  5.75753E+003  2.40282E+003  1.13689E+003  7.22220E+002
  6.02524E+002
  5.74285E+004  2.84972E+004  1.32872E+004  6.33928E+003  3.23210E+003
  1.85403E+003
  1.82198E+005  2.01834E+005  2.12734E+005  2.15243E+005  1.81848E+005
  1.18865E+005
  1.20685E+005  1.08896E+005  6.69061E+004  4.44401E+004  3.23302E+004
  2.51132E+004
  1.07804E+005  1.10321E+005  1.16330E+005  1.95180E+005  2.37835E+005
  6.02462E+005
  5.45171E+004  5.67170E+004  6.20133E+004  1.28609E+005  1.64216E+005
  4.57738E+005
  1.31347E+004  1.50437E+004  2.12647E+004  6.97498E+004  1.00937E+005
  2.56945E+005
  5.73853E+004  5.97231E+004  8.11429E+004  1.94131E+005  3.00002E+005
  9.19924E+005
  1.14062E+005  1.18671E+005  1.29774E+005  2.70065E+005  3.45239E+005
  9.63952E+005
  6.10249E+004  3.36110E+004  1.65932E+004  8.05281E+003  4.15367E+003
  2.39817E+003
  0.00000E+000
  2.51815E-002  2.26697E-002  2.20622E-002  2.07452E-002  1.98201E-002
  1.94563E-002
  6.64370E-003  6.03435E-003  5.71541E-003  5.36392E-003  5.19183E-003
  5.15660E-003
  1.15981E+004  7.81400E+003  4.67855E+003  2.59458E+003  1.41839E+003
  8.33423E+002
  1.63362E+005  1.65476E+005  1.62373E+005  1.48740E+005  1.10969E+005
  6.61664E+004
  1.67906E+004  1.64121E+004  1.33677E+004  1.09221E+004  9.15877E+003
  7.85847E+003
  8.99089E-003  9.84582E-003  1.19016E-002  4.08966E-002  5.81199E-002
  2.46159E-001
  8.56537E+003  8.63504E+003  8.79150E+003  1.01213E+004  1.05942E+004
  1.25812E+004
  3.39397E+000  3.38079E+000  3.34107E+000  3.31136E+000  3.43566E+000
  4.59361E+000
  2.18326E+004  2.22344E+004  2.51801E+004  3.33266E+004  3.73955E+004
  4.77992E+004
  1.64221E+004  1.64943E+004  1.66493E+004  1.77741E+004  1.80897E+004
  1.91272E+004
  8.60409E+003  6.42818E+003  4.30787E+003  2.67536E+003  1.62071E+003
  1.01958E+003
  0.00000E+000
  9.80882E+003  4.85385E+003  2.89226E+003  1.44536E+003  7.87333E+002
  5.71285E+002
  9.85320E+003  4.87772E+003  2.07139E+003  9.91740E+002  6.32587E+002
  5.27788E+002
  3.37055E+004  1.61606E+004  7.26239E+003  3.36892E+003  1.68905E+003
  9.62982E+002
  4.32724E+003  1.24042E+004  2.08109E+004  3.36943E+004  4.46604E+004
  3.89659E+004
  6.95211E+004  6.62656E+004  4.01088E+004  2.58860E+004  1.83996E+004
  1.40472E+004
  7.48230E+004  7.68578E+004  8.17051E+004  1.44616E+005  1.78402E+005
  4.65393E+005
  3.23188E+004  3.40265E+004  3.81489E+004  9.01884E+004  1.18130E+005
  3.48446E+005
  9.73046E+003  1.13459E+004  1.65781E+004  5.75244E+004  8.40287E+004
  2.17558E+005
  2.63734E+004  2.79357E+004  4.28524E+004  1.27289E+005  2.08540E+005
  6.90184E+005
  6.79937E+004  7.16143E+004  8.03542E+004  1.90863E+005  2.50162E+005
  7.36063E+005
  3.67058E+004  1.99534E+004  9.60352E+003  4.51361E+003  2.25563E+003
  1.27192E+003
  1.00000E-001
  8.89935E+003  4.42653E+003  2.64389E+003  1.32345E+003  7.21048E+002
  5.24073E+002
  8.95508E+003  4.45607E+003  1.89891E+003  9.09869E+002  5.80998E+002
  4.85417E+002
  2.64558E+004  1.36841E+004  6.55895E+003  3.17867E+003  1.63368E+003
  9.42343E+002
  2.63436E+003  6.71904E+003  1.13034E+004  1.93371E+004  2.90885E+004
  2.92611E+004
  4.59468E+004  4.79741E+004  3.15562E+004  2.13576E+004  1.56856E+004
  1.22643E+004
  5.51081E+004  5.67612E+004  6.07033E+004  1.12311E+005  1.40299E+005
  3.82511E+005
  2.32774E+004  2.46472E+004  2.79640E+004  7.06725E+004  9.39437E+004
  2.89930E+005
  8.51831E+003  9.97634E+003  1.47180E+004  5.20803E+004  7.63059E+004
  1.98452E+005
  1.90706E+004  2.02883E+004  3.21042E+004  1.01018E+005  1.68813E+005
  5.82933E+005
  4.82858E+004  5.11724E+004  5.81623E+004  1.48446E+005  1.97645E+005
  6.09858E+005
  2.78246E+004  1.61281E+004  8.25651E+003  4.08859E+003  2.12232E+003
  1.22546E+003
  0.00000E+000
  7.28418E+003  3.68119E+003  2.21258E+003  1.11500E+003  6.10165E+002
  4.44375E+002
  7.37008E+003  3.72669E+003  1.60390E+003  7.73225E+002  4.95182E+002
  4.13986E+002
  1.95902E+004  1.11796E+004  5.84102E+003  2.99574E+003  1.58516E+003
  9.25740E+002
  5.60423E+002  2.20473E+003  4.52967E+003  9.53334E+003  1.79333E+004
  2.14992E+004
  2.75085E+004  3.21573E+004  2.34019E+004  1.68384E+004  1.29183E+004
  1.04322E+004
  3.56261E+004  3.68401E+004  3.97402E+004  7.81632E+004  9.92329E+004
  2.84480E+005
  1.56121E+004  1.66071E+004  1.90280E+004  5.10248E+004  6.87238E+004
  2.20211E+005
  6.36237E+003  7.56193E+003  1.14764E+004  4.26130E+004  6.28686E+004
  1.65337E+005
  1.34857E+004  1.43903E+004  2.32350E+004  7.59042E+004  1.28260E+005
  4.52087E+005
  3.15866E+004  3.36585E+004  3.87019E+004  1.05781E+005  1.42945E+005
  4.59856E+005
  1.94818E+004  1.22663E+004  6.83490E+003  3.64295E+003  1.99092E+003
  1.18379E+003
  0.00000E+000
  6.60608E+003  3.33301E+003  1.99859E+003  1.00322E+003  5.47691E+002
  3.98548E+002
  6.65067E+003  3.35728E+003  1.43955E+003  6.91910E+002  4.42675E+002
  3.69892E+002
  1.57806E+004  9.90405E+003  5.49660E+003  2.90289E+003  1.55680E+003
  9.14986E+002
  1.56044E+002  8.36768E+002  1.99598E+003  4.95219E+003  1.12878E+004
  1.58932E+004
  1.68949E+004  2.24466E+004  1.85468E+004  1.42980E+004  1.14353E+004
  9.48180E+003
  2.50358E+004  2.59427E+004  2.81168E+004  5.76199E+004  7.41556E+004
  2.24658E+005
  1.11047E+004  1.18523E+004  1.36788E+004  3.86226E+004  5.27239E+004
  1.77903E+005
  6.06196E+003  7.10872E+003  1.05745E+004  3.85958E+004  5.68822E+004
  1.49320E+005
  9.72555E+003  1.04026E+004  1.71216E+004  5.85241E+004  1.00869E+005
  3.74108E+005
  2.17624E+004  2.32947E+004  2.70413E+004  7.87789E+004  1.08144E+005
  3.68591E+005
  1.52633E+004  1.04599E+004  6.22905E+003  3.46259E+003  1.93505E+003
  1.16341E+003
  Planck function fitting parameters
  0.00000E+000  0.00000E+000  0.00000E+000  0.00000E+000  0.00000E+000
  Incident solar flux (W/m2)
  9.51557E-001
  Surface property
  2.28390E-002  3.00000E-001  3.00000E-001  2.00000E-001  6.00000E-002
  8.00000E-001  5.00000E-001
  Rayleigh scattering coefficient
  4.91215E+000
  Moments
  1.00000E+000
  1.18320E+004  5.70987E+003  3.37456E+003  1.66889E+003  9.02033E+002
  6.53784E+002
  1.18320E+004  5.71081E+003  2.39344E+003  1.13411E+003  7.20731E+002
  6.02194E+002
  5.72386E+004  2.77982E+004  1.30207E+004  6.26406E+003  3.20911E+003
  1.84542E+003
  2.04575E+005  2.21275E+005  2.28240E+005  2.23827E+005  1.82105E+005
  1.16447E+005
  1.47523E+005  1.16833E+005  6.62137E+004  4.31664E+004  3.13301E+004
  2.43896E+004
  1.19474E+005  1.22237E+005  1.28821E+005  2.13497E+005  2.58156E+005
  6.24169E+005
  5.85518E+004  6.09611E+004  6.67170E+004  1.37528E+005  1.74260E+005
  4.67620E+005
  1.28979E+004  1.47826E+004  2.09002E+004  6.89900E+004  9.99948E+004
  2.55297E+005
  6.08267E+004  6.34091E+004  8.70601E+004  2.06976E+005  3.15652E+005
  9.23065E+005
  1.22967E+005  1.28037E+005  1.40152E+005  2.89724E+005  3.67378E+005
  9.85824E+005
  6.33536E+004  3.36400E+004  1.63601E+004  7.93947E+003  4.11336E+003
  2.38308E+003
  0.00000E+000
  6.01649E-002  5.48549E-002  5.33033E-002  4.99949E-002  4.83720E-002
  4.83754E-002
  1.18357E-002  1.08082E-002  1.01739E-002  9.64096E-003  9.65432E-003
  9.91015E-003
  1.98720E+004  1.13803E+004  5.86253E+003  2.89343E+003  1.47439E+003
  8.40038E+002
  1.81168E+005  1.79380E+005  1.72569E+005  1.53569E+005  1.10532E+005
  6.45855E+004
  3.77018E+004  3.20863E+004  2.22603E+004  1.64881E+004  1.29074E+004
  1.05178E+004
  1.10163E-002  1.32001E-002  1.84455E-002  9.20205E-002  1.35559E-001
  6.07812E-001
  1.64800E+004  1.67244E+004  1.72673E+004  2.14530E+004  2.28173E+004
  2.87677E+004
  4.21616E+001  4.19622E+001  4.14707E+001  3.91053E+001  3.85163E+001
  3.83287E+001
  2.47053E+004  2.52382E+004  2.92413E+004  4.03702E+004  4.58750E+004
  5.97208E+004
  3.36240E+004  3.40627E+004  3.50235E+004  4.17484E+004  4.35981E+004
  4.93370E+004
  1.22392E+004  8.48736E+003  5.27768E+003  3.05680E+003  1.74803E+003
  1.05651E+003
  0.00000E+000
  9.71220E+003  4.80081E+003  2.86444E+003  1.43412E+003  7.79973E+002
  5.63752E+002
  9.73666E+003  4.81328E+003  2.04909E+003  9.81603E+002  6.24166E+002
  5.19337E+002
  2.96429E+004  1.39645E+004  6.47480E+003  3.15077E+003  1.63903E+003
  9.52259E+002
  6.32435E+003  1.64479E+004  2.61562E+004  3.98207E+004  4.92249E+004
  4.08134E+004
  7.66504E+004  6.38079E+004  3.51830E+004  2.22304E+004  1.58288E+004
  1.21976E+004
  8.24955E+004  8.47009E+004  8.99442E+004  1.56552E+005  1.91380E+005
  4.74703E+005
  3.12121E+004  3.29422E+004  3.71116E+004  8.98194E+004  1.17668E+005
  3.41864E+005
  9.65268E+003  1.12374E+004  1.63581E+004  5.68394E+004  8.30981E+004
  2.15434E+005
  2.77561E+004  2.94279E+004  4.53146E+004  1.32382E+005  2.13785E+005
  6.76830E+005
  6.56951E+004  6.93774E+004  7.82531E+004  1.90743E+005  2.50165E+005
  7.25749E+005
  3.67986E+004  1.91184E+004  9.01609E+003  4.25050E+003  2.15925E+003
  1.23962E+003
  1.00000E-001
  8.80137E+003  4.36977E+003  2.61310E+003  1.30895E+003  7.12123E+002
  5.15503E+002
  8.83126E+003  4.38491E+003  1.87225E+003  8.96713E+002  5.71017E+002
  4.75251E+002
  2.41367E+004  1.23591E+004  6.08709E+003  3.05167E+003  1.60509E+003
  9.35963E+002
  3.65821E+003  9.00074E+003  1.47087E+004  2.40818E+004  3.39067E+004
  3.20321E+004
  5.18176E+004  4.74492E+004  2.86854E+004  1.91169E+004  1.40962E+004
  1.11237E+004
  6.17547E+004  6.35613E+004  6.78610E+004  1.22968E+005  1.52074E+005
  3.93369E+005
  2.30809E+004  2.44648E+004  2.78118E+004  7.10326E+004  9.42781E+004
  2.86159E+005
  8.49995E+003  9.93332E+003  1.45763E+004  5.14515E+004  7.53957E+004
  1.96132E+005
  2.07966E+004  2.21184E+004  3.47865E+004  1.06217E+005  1.74509E+005
  5.75662E+005
  4.79284E+004  5.08543E+004  5.79327E+004  1.49722E+005  1.99121E+005
  6.04889E+005
  2.83784E+004  1.57722E+004  7.92865E+003  3.93301E+003  2.06480E+003
  1.20617E+003
  0.00000E+000
  7.17479E+003  3.60809E+003  2.16950E+003  1.09354E+003  5.96789E+002
  4.30486E+002
  7.22026E+003  3.63157E+003  1.56436E+003  7.53218E+002  4.79375E+002
  3.96844E+002
  1.94088E+004  1.09287E+004  5.73621E+003  2.96344E+003  1.57652E+003
  9.23182E+002
  9.37929E+002  3.38777E+003  6.59878E+003  1.29665E+004  2.22587E+004
  2.45711E+004
  3.26728E+004  3.38308E+004  2.29514E+004  1.63097E+004  1.25192E+004
  1.01420E+004
  4.02625E+004  4.15915E+004  4.47590E+004  8.57701E+004  1.07639E+005
  2.91517E+005
  1.64938E+004  1.75271E+004  2.00332E+004  5.28069E+004  7.05901E+004
  2.18897E+005
  6.41301E+003  7.58875E+003  1.14024E+004  4.19204E+004  6.17911E+004
  1.62255E+005
  1.52776E+004  1.62859E+004  2.59656E+004  8.10881E+004  1.33963E+005
  4.47144E+005
  3.35400E+004  3.56993E+004  4.09389E+004  1.09915E+005  1.47407E+005
  4.58881E+005
  2.06749E+004  1.25368E+004  6.84917E+003  3.62392E+003  1.97859E+003
  1.17812E+003
  0.00000E+000
  6.56519E+003  3.29336E+003  1.97496E+003  9.90143E+002  5.38621E+002
  3.87149E+002
  6.58769E+003  3.30527E+003  1.41677E+003  6.79103E+002  4.30854E+002
  3.55358E+002
  1.61432E+004  9.90396E+003  5.46916E+003  2.89216E+003  1.55392E+003
  9.13914E+002
  2.92569E+002  1.40704E+003  3.14717E+003  7.20273E+003  1.47629E+004
  1.88767E+004
  2.08444E+004  2.46019E+004  1.89140E+004  1.43125E+004  1.13844E+004
  9.42483E+003
  2.92121E+004  3.02253E+004  3.26490E+004  6.48154E+004  8.23707E+004
  2.35551E+005
  1.21456E+004  1.29423E+004  1.48817E+004  4.09716E+004  5.54496E+004
  1.80912E+005
  6.15523E+003  7.19812E+003  1.06183E+004  3.83284E+004  5.64047E+004
  1.47676E+005
  1.13920E+004  1.21678E+004  1.96818E+004  6.38743E+004  1.07510E+005
  3.78301E+005
  2.40512E+004  2.56927E+004  2.96922E+004  8.40585E+004  1.14336E+005
  3.76346E+005
  1.65318E+004  1.08764E+004  6.31898E+003  3.47099E+003  1.93206E+003
  1.16108E+003
