   18    1   26    3    7   28
 Band boundary wave number (cm-1)
  1.00000E+001  2.50000E+002  5.30000E+002  6.10000E+002  8.20000E+002
  9.80000E+002  1.17500E+003  1.40000E+003  2.00000E+003  2.50000E+003
  6.00000E+003  1.00000E+004  1.47500E+004  2.30000E+004  3.00000E+004
  3.35000E+004  3.60000E+004  4.35000E+004  5.00000E+004
 pressure grid
  3.00561E+000  2.80000E+000  2.60000E+000  2.40000E+000  2.20000E+000
  2.00000E+000  1.80000E+000  1.60000E+000  1.40000E+000  1.20000E+000
  1.00000E+000  8.00002E-001  6.00003E-001  4.00002E-001  2.00002E-001
  0.00000E+000 -1.99998E-001 -3.99997E-001 -5.99998E-001 -7.99998E-001
 -1.00000E+000 -1.20000E+000 -1.40000E+000 -1.60000E+000 -1.80000E+000
 -2.00000E+000
 Temperature grid
  2.00000E+002  2.60000E+002  3.20000E+002
 optical property flag
    1    1    1    0    1    0    0
 number of subinterval
    2
 weight of subintervals
  4.125000000000000E-003  9.958750000000000E-001
 Line absorption
    2
  1
  2.21259E+000 -7.86848E-002
  2.30906E+000 -2.79968E-001
  2.45998E+000 -4.87184E-001
  2.58215E+000 -6.81941E-001
  2.66255E+000 -8.79999E-001
  2.70625E+000 -1.07962E+000
  2.74765E+000 -1.27770E+000
  2.76343E+000 -1.47754E+000
  2.73622E+000 -1.67715E+000
  2.66934E+000 -1.87745E+000
  2.58312E+000 -2.07748E+000
  2.45916E+000 -2.27736E+000
  2.31026E+000 -2.47713E+000
  2.14657E+000 -2.67694E+000
  1.96983E+000 -2.87677E+000
  1.78776E+000 -3.07673E+000
  1.60640E+000 -3.27669E+000
  1.42084E+000 -3.47639E+000
  1.23473E+000 -3.67640E+000
  1.05202E+000 -3.87618E+000
  8.65987E-001 -4.07607E+000
  6.82137E-001 -4.27590E+000
  5.01102E-001 -4.47586E+000
  3.19279E-001 -4.67569E+000
  1.42762E-001 -4.87549E+000
 -2.97948E-002 -5.07532E+000
  2.20359E+000 -1.62016E-001
  2.29839E+000 -3.70035E-001
  2.42916E+000 -5.66291E-001
  2.54542E+000 -7.60228E-001
  2.63180E+000 -9.59909E-001
  2.66241E+000 -1.15819E+000
  2.70123E+000 -1.35951E+000
  2.70484E+000 -1.55919E+000
  2.68301E+000 -1.75881E+000
  2.61822E+000 -1.95859E+000
  2.52746E+000 -2.15871E+000
  2.41174E+000 -2.35849E+000
  2.26374E+000 -2.55826E+000
  2.10144E+000 -2.75798E+000
  1.93361E+000 -2.95780E+000
  1.75280E+000 -3.15753E+000
  1.57579E+000 -3.35740E+000
  1.39581E+000 -3.55717E+000
  1.21656E+000 -3.75696E+000
  1.04796E+000 -3.95678E+000
  8.74492E-001 -4.15650E+000
  7.03809E-001 -4.35624E+000
  5.43195E-001 -4.55595E+000
  3.86424E-001 -4.75568E+000
  2.34397E-001 -4.95539E+000
  8.79763E-002 -5.15507E+000
  2.15578E+000 -2.47837E-001
  2.28699E+000 -4.43425E-001
  2.40490E+000 -6.40414E-001
  2.51042E+000 -8.32830E-001
  2.58600E+000 -1.03558E+000
  2.62604E+000 -1.23477E+000
  2.64738E+000 -1.43278E+000
  2.65474E+000 -1.63026E+000
  2.63447E+000 -1.83059E+000
  2.57327E+000 -2.03035E+000
  2.48636E+000 -2.22997E+000
  2.36324E+000 -2.42959E+000
  2.22097E+000 -2.62939E+000
  2.05920E+000 -2.82892E+000
  1.89235E+000 -3.02852E+000
  1.72339E+000 -3.22827E+000
  1.55921E+000 -3.42784E+000
  1.39108E+000 -3.62751E+000
  1.23185E+000 -3.82721E+000
  1.07824E+000 -4.02680E+000
  9.31676E-001 -4.22658E+000
  7.88780E-001 -4.42634E+000
  6.43952E-001 -4.62603E+000
  5.15551E-001 -4.82573E+000
  3.91311E-001 -5.02543E+000
  2.75478E-001 -5.22510E+000
  3
 -4.81937E+000 -6.54195E-001
 -4.85096E+000 -6.10769E-001
 -4.89908E+000 -5.42763E-001
 -4.97920E+000 -4.79902E-001
 -5.09256E+000 -4.45087E-001
 -5.24196E+000 -4.30500E-001
 -5.41047E+000 -4.45377E-001
 -5.59643E+000 -4.94209E-001
 -5.78916E+000 -5.74772E-001
 -5.98339E+000 -6.79634E-001
 -6.18269E+000 -8.02815E-001
 -6.38215E+000 -9.43673E-001
 -6.57940E+000 -1.08694E+000
 -6.78144E+000 -1.24475E+000
 -6.98261E+000 -1.41332E+000
 -7.18287E+000 -1.58172E+000
 -7.38384E+000 -1.74866E+000
 -7.58154E+000 -1.92514E+000
 -7.78228E+000 -2.10102E+000
 -7.98155E+000 -2.27564E+000
 -8.18149E+000 -2.44460E+000
 -8.38120E+000 -2.61411E+000
 -8.58082E+000 -2.78068E+000
 -8.78113E+000 -2.94449E+000
 -8.98102E+000 -3.10722E+000
 -9.18141E+000 -3.26574E+000
 -4.35543E+000 -6.79099E-001
 -4.37276E+000 -6.22442E-001
 -4.38769E+000 -5.50042E-001
 -4.43214E+000 -4.88707E-001
 -4.51795E+000 -4.50736E-001
 -4.65904E+000 -4.41194E-001
 -4.83524E+000 -4.51090E-001
 -5.02634E+000 -4.95725E-001
 -5.22211E+000 -5.66032E-001
 -5.42023E+000 -6.58842E-001
 -5.61938E+000 -7.64023E-001
 -5.82135E+000 -8.81690E-001
 -6.02116E+000 -1.01261E+000
 -6.21914E+000 -1.15471E+000
 -6.41873E+000 -1.30283E+000
 -6.61982E+000 -1.45885E+000
 -6.81741E+000 -1.61803E+000
 -7.01786E+000 -1.77451E+000
 -7.21604E+000 -1.92685E+000
 -7.41658E+000 -2.07584E+000
 -7.61594E+000 -2.22324E+000
 -7.81673E+000 -2.36903E+000
 -8.01592E+000 -2.51189E+000
 -8.21638E+000 -2.65139E+000
 -8.41686E+000 -2.78831E+000
 -8.61726E+000 -2.92311E+000
 -3.95082E+000 -6.92049E-001
 -3.95056E+000 -6.31191E-001
 -3.95569E+000 -5.60432E-001
 -3.99613E+000 -5.07260E-001
 -4.07579E+000 -4.68845E-001
 -4.21219E+000 -4.54195E-001
 -4.38825E+000 -4.60045E-001
 -4.58047E+000 -4.98485E-001
 -4.77871E+000 -5.61352E-001
 -4.97321E+000 -6.36117E-001
 -5.17423E+000 -7.22618E-001
 -5.37781E+000 -8.26627E-001
 -5.57796E+000 -9.40820E-001
 -5.77393E+000 -1.05946E+000
 -5.97084E+000 -1.19231E+000
 -6.16673E+000 -1.33737E+000
 -6.36254E+000 -1.48486E+000
 -6.56254E+000 -1.62680E+000
 -6.76240E+000 -1.76242E+000
 -6.96170E+000 -1.89289E+000
 -7.16134E+000 -2.01945E+000
 -7.36160E+000 -2.14509E+000
 -7.56217E+000 -2.27516E+000
 -7.76218E+000 -2.40315E+000
 -7.96215E+000 -2.53269E+000
 -8.16208E+000 -2.66016E+000
  H2O continuum absorption
  7.50799E-001 -1.40000E+001
  5.44509E-001 -1.40000E+001
  3.44509E-001 -1.40000E+001
  1.44509E-001 -1.40000E+001
 -5.54909E-002 -1.40000E+001
 -2.55491E-001 -1.40000E+001
 -4.55491E-001 -1.40000E+001
 -6.55491E-001 -1.40000E+001
 -8.55491E-001 -1.40000E+001
 -1.05549E+000 -1.40000E+001
 -1.25549E+000 -1.40000E+001
 -1.45549E+000 -1.40000E+001
 -1.65549E+000 -1.40000E+001
 -1.85549E+000 -1.40000E+001
 -2.05549E+000 -1.40000E+001
 -2.25549E+000 -1.40000E+001
 -2.45549E+000 -1.40000E+001
 -2.65549E+000 -1.40000E+001
 -2.85549E+000 -1.40000E+001
 -3.05549E+000 -1.40000E+001
 -3.25549E+000 -1.40000E+001
 -3.45549E+000 -1.40000E+001
 -3.65549E+000 -1.40000E+001
 -3.85549E+000 -1.40000E+001
 -4.05549E+000 -1.40000E+001
 -4.25549E+000 -1.40000E+001
  2.65431E-001 -1.40000E+001
  5.62121E-002 -1.40000E+001
 -1.43788E-001 -1.40000E+001
 -3.43788E-001 -1.40000E+001
 -5.43788E-001 -1.40000E+001
 -7.43788E-001 -1.40000E+001
 -9.43788E-001 -1.40000E+001
 -1.14379E+000 -1.40000E+001
 -1.34379E+000 -1.40000E+001
 -1.54379E+000 -1.40000E+001
 -1.74379E+000 -1.40000E+001
 -1.94379E+000 -1.40000E+001
 -2.14379E+000 -1.40000E+001
 -2.34379E+000 -1.40000E+001
 -2.54379E+000 -1.40000E+001
 -2.74379E+000 -1.40000E+001
 -2.94379E+000 -1.40000E+001
 -3.14379E+000 -1.40000E+001
 -3.34379E+000 -1.40000E+001
 -3.54379E+000 -1.40000E+001
 -3.74379E+000 -1.40000E+001
 -3.94379E+000 -1.40000E+001
 -4.14379E+000 -1.40000E+001
 -4.34379E+000 -1.40000E+001
 -4.54379E+000 -1.40000E+001
 -4.74379E+000 -1.40000E+001
 -1.76764E-001 -1.40000E+001
 -3.82866E-001 -1.40000E+001
 -5.82866E-001 -1.40000E+001
 -7.82866E-001 -1.40000E+001
 -9.82866E-001 -1.40000E+001
 -1.18287E+000 -1.40000E+001
 -1.38287E+000 -1.40000E+001
 -1.58287E+000 -1.40000E+001
 -1.78287E+000 -1.40000E+001
 -1.98287E+000 -1.40000E+001
 -2.18287E+000 -1.40000E+001
 -2.38287E+000 -1.40000E+001
 -2.58287E+000 -1.40000E+001
 -2.78287E+000 -1.40000E+001
 -2.98287E+000 -1.40000E+001
 -3.18287E+000 -1.40000E+001
 -3.38287E+000 -1.40000E+001
 -3.58287E+000 -1.40000E+001
 -3.78287E+000 -1.40000E+001
 -3.98287E+000 -1.40000E+001
 -4.18287E+000 -1.40000E+001
 -4.38287E+000 -1.40000E+001
 -4.58287E+000 -1.40000E+001
 -4.78287E+000 -1.40000E+001
 -4.98287E+000 -1.40000E+001
 -5.18287E+000 -1.40000E+001
 optical property flag
    1    1    1    0    1    0    0
 number of subinterval
    4
 weight of subintervals
  3.785350000000000E-001  2.865000000000000E-003  1.861490000000000E-001
  4.324510000000000E-001
 Line absorption
    1
  1
 -1.47240E+000  1.74664E+000 -4.94124E-001 -2.55014E+000
 -1.67986E+000  1.82337E+000 -6.15895E-001 -2.76495E+000
 -1.87096E+000  1.80919E+000 -7.64262E-001 -2.96206E+000
 -2.07839E+000  1.84505E+000 -9.74865E-001 -3.16734E+000
 -2.27693E+000  1.86563E+000 -1.16496E+000 -3.36593E+000
 -2.47141E+000  1.85384E+000 -1.35866E+000 -3.56819E+000
 -2.67183E+000  1.87071E+000 -1.55539E+000 -3.77160E+000
 -2.87358E+000  1.83152E+000 -1.75652E+000 -3.97057E+000
 -3.07295E+000  1.76452E+000 -1.95707E+000 -4.17005E+000
 -3.27224E+000  1.69199E+000 -2.15730E+000 -4.37017E+000
 -3.47260E+000  1.56746E+000 -2.35694E+000 -4.56999E+000
 -3.67256E+000  1.43833E+000 -2.55676E+000 -4.76970E+000
 -3.87224E+000  1.29245E+000 -2.75684E+000 -4.96976E+000
 -4.07173E+000  1.14218E+000 -2.95601E+000 -5.16967E+000
 -4.27133E+000  9.90893E-001 -3.15528E+000 -5.36964E+000
 -4.47107E+000  8.40709E-001 -3.35497E+000 -5.56953E+000
 -4.67074E+000  6.90110E-001 -3.55364E+000 -5.76946E+000
 -4.87037E+000  5.37441E-001 -3.75280E+000 -5.96933E+000
 -5.06971E+000  3.92441E-001 -3.95184E+000 -6.16925E+000
 -5.26922E+000  2.49951E-001 -4.15083E+000 -6.36902E+000
 -5.46872E+000  1.19276E-001 -4.34942E+000 -6.56881E+000
 -5.66815E+000  4.08070E-003 -4.54829E+000 -6.76860E+000
 -5.86755E+000 -1.09047E-001 -4.74661E+000 -6.96839E+000
 -6.06694E+000 -2.10083E-001 -4.94499E+000 -7.16816E+000
 -6.26626E+000 -3.04000E-001 -5.14344E+000 -7.36793E+000
 -6.46549E+000 -3.79572E-001 -5.34156E+000 -7.56769E+000
 -1.28182E+000  2.00992E+000 -2.12214E-001 -2.37833E+000
 -1.50630E+000  2.46520E+000 -3.13070E-001 -2.62261E+000
 -1.70491E+000  2.05830E+000 -5.44569E-001 -2.80426E+000
 -1.90463E+000  2.11031E+000 -7.38179E-001 -3.02502E+000
 -2.10242E+000  2.10802E+000 -9.20738E-001 -3.22484E+000
 -2.30378E+000  2.25504E+000 -1.11321E+000 -3.42803E+000
 -2.50270E+000  2.18076E+000 -1.30728E+000 -3.62776E+000
 -2.70276E+000  2.09401E+000 -1.50268E+000 -3.82683E+000
 -2.90404E+000  2.03362E+000 -1.70689E+000 -4.02696E+000
 -3.10397E+000  1.92643E+000 -1.90815E+000 -4.22668E+000
 -3.30389E+000  1.81977E+000 -2.10707E+000 -4.42652E+000
 -3.50354E+000  1.70151E+000 -2.30562E+000 -4.62603E+000
 -3.70310E+000  1.57420E+000 -2.50414E+000 -4.82582E+000
 -3.90278E+000  1.43996E+000 -2.70301E+000 -5.02532E+000
 -4.10234E+000  1.31147E+000 -2.90231E+000 -5.22529E+000
 -4.30186E+000  1.18794E+000 -3.10102E+000 -5.42506E+000
 -4.50126E+000  1.06164E+000 -3.29909E+000 -5.62477E+000
 -4.70090E+000  9.41882E-001 -3.49820E+000 -5.82460E+000
 -4.90018E+000  8.35927E-001 -3.69676E+000 -6.02425E+000
 -5.09953E+000  7.35480E-001 -3.89506E+000 -6.22392E+000
 -5.29853E+000  6.51635E-001 -4.09307E+000 -6.42356E+000
 -5.49762E+000  5.84017E-001 -4.29098E+000 -6.62327E+000
 -5.69667E+000  5.26900E-001 -4.48856E+000 -6.82302E+000
 -5.89567E+000  4.87534E-001 -4.68593E+000 -7.02270E+000
 -6.09461E+000  4.59248E-001 -4.88313E+000 -7.22238E+000
 -6.29360E+000  4.36202E-001 -5.07981E+000 -7.42204E+000
 -1.16150E+000  2.11891E+000 -1.30615E-002 -2.18556E+000
 -1.35438E+000  2.16119E+000 -1.66799E-001 -2.39975E+000
 -1.57189E+000  2.59055E+000 -3.71563E-001 -2.60175E+000
 -1.77045E+000  2.23659E+000 -5.61361E-001 -2.79559E+000
 -1.96425E+000  2.46860E+000 -7.52117E-001 -3.00734E+000
 -2.16270E+000  2.29367E+000 -9.38273E-001 -3.20128E+000
 -2.36598E+000  2.28770E+000 -1.13868E+000 -3.40003E+000
 -2.56742E+000  2.23914E+000 -1.33903E+000 -3.59563E+000
 -2.76643E+000  2.18506E+000 -1.53995E+000 -3.79507E+000
 -2.96678E+000  2.08977E+000 -1.73947E+000 -3.99536E+000
 -3.16684E+000  1.99029E+000 -1.93762E+000 -4.19482E+000
 -3.36613E+000  1.88726E+000 -2.13690E+000 -4.39414E+000
 -3.56553E+000  1.77662E+000 -2.33606E+000 -4.59384E+000
 -3.76490E+000  1.66293E+000 -2.53447E+000 -4.79369E+000
 -3.96424E+000  1.54722E+000 -2.73228E+000 -4.99331E+000
 -4.16347E+000  1.44406E+000 -2.92990E+000 -5.19304E+000
 -4.36244E+000  1.35132E+000 -3.12824E+000 -5.39276E+000
 -4.56188E+000  1.27209E+000 -3.32574E+000 -5.59209E+000
 -4.76095E+000  1.20160E+000 -3.52240E+000 -5.79193E+000
 -4.96004E+000  1.15044E+000 -3.71907E+000 -5.99159E+000
 -5.15923E+000  1.11167E+000 -3.91489E+000 -6.19106E+000
 -5.35840E+000  1.08402E+000 -4.11058E+000 -6.39051E+000
 -5.55744E+000  1.06292E+000 -4.30621E+000 -6.59003E+000
 -5.75654E+000  1.05501E+000 -4.50219E+000 -6.78953E+000
 -5.95557E+000  1.05098E+000 -4.69799E+000 -6.98905E+000
 -6.15447E+000  1.04766E+000 -4.89378E+000 -7.18857E+000
  H2O continuum absorption
  4.42491E-001  4.64753E-001  7.73699E-002 -2.79863E-001
  2.36726E-001  2.59217E-001 -1.27653E-001 -4.98152E-001
  3.67256E-002  5.92172E-002 -3.27653E-001 -6.98152E-001
 -1.63274E-001 -1.40783E-001 -5.27653E-001 -8.98152E-001
 -3.63274E-001 -3.40783E-001 -7.27653E-001 -1.09815E+000
 -5.63274E-001 -5.40783E-001 -9.27653E-001 -1.29815E+000
 -7.63274E-001 -7.40783E-001 -1.12765E+000 -1.49815E+000
 -9.63274E-001 -9.40783E-001 -1.32765E+000 -1.69815E+000
 -1.16327E+000 -1.14078E+000 -1.52765E+000 -1.89815E+000
 -1.36327E+000 -1.34078E+000 -1.72765E+000 -2.09815E+000
 -1.56327E+000 -1.54078E+000 -1.92765E+000 -2.29815E+000
 -1.76327E+000 -1.74078E+000 -2.12765E+000 -2.49815E+000
 -1.96327E+000 -1.94078E+000 -2.32765E+000 -2.69815E+000
 -2.16327E+000 -2.14078E+000 -2.52765E+000 -2.89815E+000
 -2.36327E+000 -2.34078E+000 -2.72765E+000 -3.09815E+000
 -2.56327E+000 -2.54078E+000 -2.92765E+000 -3.29815E+000
 -2.76327E+000 -2.74078E+000 -3.12765E+000 -3.49815E+000
 -2.96327E+000 -2.94078E+000 -3.32765E+000 -3.69815E+000
 -3.16327E+000 -3.14078E+000 -3.52765E+000 -3.89815E+000
 -3.36327E+000 -3.34078E+000 -3.72765E+000 -4.09815E+000
 -3.56327E+000 -3.54078E+000 -3.92765E+000 -4.29815E+000
 -3.76327E+000 -3.74078E+000 -4.12765E+000 -4.49815E+000
 -3.96327E+000 -3.94078E+000 -4.32765E+000 -4.69815E+000
 -4.16327E+000 -4.14078E+000 -4.52765E+000 -4.89815E+000
 -4.36327E+000 -4.34078E+000 -4.72765E+000 -5.09815E+000
 -4.56327E+000 -4.54078E+000 -4.92765E+000 -5.29815E+000
  4.69925E-002  6.45138E-002 -3.13123E-001 -8.19692E-001
 -1.58696E-001 -1.40944E-001 -5.18969E-001 -1.01982E+000
 -3.58696E-001 -3.40944E-001 -7.18969E-001 -1.21982E+000
 -5.58696E-001 -5.40944E-001 -9.18969E-001 -1.41982E+000
 -7.58696E-001 -7.40944E-001 -1.11897E+000 -1.61982E+000
 -9.58696E-001 -9.40944E-001 -1.31897E+000 -1.81982E+000
 -1.15870E+000 -1.14094E+000 -1.51897E+000 -2.01982E+000
 -1.35870E+000 -1.34094E+000 -1.71897E+000 -2.21982E+000
 -1.55870E+000 -1.54094E+000 -1.91897E+000 -2.41982E+000
 -1.75870E+000 -1.74094E+000 -2.11897E+000 -2.61982E+000
 -1.95870E+000 -1.94094E+000 -2.31897E+000 -2.81982E+000
 -2.15870E+000 -2.14094E+000 -2.51897E+000 -3.01982E+000
 -2.35870E+000 -2.34094E+000 -2.71897E+000 -3.21982E+000
 -2.55870E+000 -2.54094E+000 -2.91897E+000 -3.41982E+000
 -2.75870E+000 -2.74094E+000 -3.11897E+000 -3.61982E+000
 -2.95870E+000 -2.94094E+000 -3.31897E+000 -3.81982E+000
 -3.15870E+000 -3.14094E+000 -3.51897E+000 -4.01982E+000
 -3.35870E+000 -3.34094E+000 -3.71897E+000 -4.21982E+000
 -3.55870E+000 -3.54094E+000 -3.91897E+000 -4.41982E+000
 -3.75870E+000 -3.74094E+000 -4.11897E+000 -4.61982E+000
 -3.95870E+000 -3.94094E+000 -4.31897E+000 -4.81982E+000
 -4.15870E+000 -4.14094E+000 -4.51897E+000 -5.01982E+000
 -4.35870E+000 -4.34094E+000 -4.71897E+000 -5.21982E+000
 -4.55870E+000 -4.54094E+000 -4.91897E+000 -5.41982E+000
 -4.75870E+000 -4.74094E+000 -5.11897E+000 -5.61982E+000
 -4.95870E+000 -4.94094E+000 -5.31897E+000 -5.81982E+000
 -3.19053E-001 -3.06162E-001 -6.81104E-001 -1.33926E+000
 -5.24621E-001 -5.11791E-001 -8.87060E-001 -1.53969E+000
 -7.24621E-001 -7.11791E-001 -1.08706E+000 -1.73969E+000
 -9.24621E-001 -9.11791E-001 -1.28706E+000 -1.93969E+000
 -1.12462E+000 -1.11179E+000 -1.48706E+000 -2.13969E+000
 -1.32462E+000 -1.31179E+000 -1.68706E+000 -2.33969E+000
 -1.52462E+000 -1.51179E+000 -1.88706E+000 -2.53969E+000
 -1.72462E+000 -1.71179E+000 -2.08706E+000 -2.73969E+000
 -1.92462E+000 -1.91179E+000 -2.28706E+000 -2.93969E+000
 -2.12462E+000 -2.11179E+000 -2.48706E+000 -3.13969E+000
 -2.32462E+000 -2.31179E+000 -2.68706E+000 -3.33969E+000
 -2.52462E+000 -2.51179E+000 -2.88706E+000 -3.53969E+000
 -2.72462E+000 -2.71179E+000 -3.08706E+000 -3.73969E+000
 -2.92462E+000 -2.91179E+000 -3.28706E+000 -3.93969E+000
 -3.12462E+000 -3.11179E+000 -3.48706E+000 -4.13969E+000
 -3.32462E+000 -3.31179E+000 -3.68706E+000 -4.33969E+000
 -3.52462E+000 -3.51179E+000 -3.88706E+000 -4.53969E+000
 -3.72462E+000 -3.71179E+000 -4.08706E+000 -4.73969E+000
 -3.92462E+000 -3.91179E+000 -4.28706E+000 -4.93969E+000
 -4.12462E+000 -4.11179E+000 -4.48706E+000 -5.13969E+000
 -4.32462E+000 -4.31179E+000 -4.68706E+000 -5.33969E+000
 -4.52462E+000 -4.51179E+000 -4.88706E+000 -5.53969E+000
 -4.72462E+000 -4.71179E+000 -5.08706E+000 -5.73969E+000
 -4.92462E+000 -4.91179E+000 -5.28706E+000 -5.93969E+000
 -5.12462E+000 -5.11179E+000 -5.48706E+000 -6.13969E+000
 -5.32462E+000 -5.31179E+000 -5.68706E+000 -6.33969E+000
 optical property flag
    1    1    1    0    1    0    1
 number of subinterval
    2
 weight of subintervals
  9.435000000000001E-003  9.905650000000000E-001
 Line absorption
    3
  1
 -6.12122E-001 -3.24392E+000
 -1.30468E+000 -3.44536E+000
 -1.28322E+000 -3.64205E+000
 -1.32347E+000 -3.84148E+000
 -1.40432E+000 -4.04191E+000
 -1.52734E+000 -4.23966E+000
 -1.69766E+000 -4.43949E+000
 -1.87931E+000 -4.63944E+000
 -2.06248E+000 -4.83929E+000
 -2.26832E+000 -5.03932E+000
 -2.45638E+000 -5.23919E+000
 -2.64791E+000 -5.43897E+000
 -2.84612E+000 -5.63885E+000
 -3.03681E+000 -5.83870E+000
 -3.23383E+000 -6.03864E+000
 -3.42183E+000 -6.23855E+000
 -3.60673E+000 -6.43843E+000
 -3.79688E+000 -6.63835E+000
 -3.98452E+000 -6.83823E+000
 -4.16982E+000 -7.03813E+000
 -4.35594E+000 -7.23803E+000
 -4.53880E+000 -7.43795E+000
 -4.72475E+000 -7.63782E+000
 -4.91083E+000 -7.83767E+000
 -5.08920E+000 -8.03753E+000
 -5.26940E+000 -8.23740E+000
 -9.12809E-001 -3.08678E+000
 -8.61502E-001 -3.29961E+000
 -8.34556E-001 -3.50196E+000
 -8.41813E-001 -3.70809E+000
 -9.29118E-001 -3.90563E+000
 -1.06871E+000 -4.10753E+000
 -1.24700E+000 -4.30741E+000
 -1.42276E+000 -4.50791E+000
 -1.60206E+000 -4.70783E+000
 -1.78066E+000 -4.90814E+000
 -1.96869E+000 -5.10814E+000
 -2.15579E+000 -5.30780E+000
 -2.33726E+000 -5.50761E+000
 -2.52279E+000 -5.70750E+000
 -2.70410E+000 -5.90727E+000
 -2.88468E+000 -6.10719E+000
 -3.06849E+000 -6.30713E+000
 -3.24044E+000 -6.50708E+000
 -3.42374E+000 -6.70692E+000
 -3.59968E+000 -6.90684E+000
 -3.77733E+000 -7.10677E+000
 -3.95178E+000 -7.30666E+000
 -4.12648E+000 -7.50657E+000
 -4.29706E+000 -7.70637E+000
 -4.46613E+000 -7.90623E+000
 -4.62548E+000 -8.10605E+000
 -5.56129E-001 -2.86090E+000
 -5.21032E-001 -3.07924E+000
 -5.13703E-001 -3.28524E+000
 -5.51926E-001 -3.49199E+000
 -6.31253E-001 -3.69627E+000
 -7.59103E-001 -3.89856E+000
 -9.21788E-001 -4.10386E+000
 -1.08516E+000 -4.30708E+000
 -1.26373E+000 -4.50719E+000
 -1.42649E+000 -4.70628E+000
 -1.59641E+000 -4.90558E+000
 -1.77203E+000 -5.10566E+000
 -1.95443E+000 -5.30547E+000
 -2.12738E+000 -5.50508E+000
 -2.30470E+000 -5.70515E+000
 -2.48151E+000 -5.90511E+000
 -2.65653E+000 -6.10480E+000
 -2.82590E+000 -6.30476E+000
 -2.99509E+000 -6.50458E+000
 -3.15702E+000 -6.70415E+000
 -3.31080E+000 -6.90409E+000
 -3.46092E+000 -7.10393E+000
 -3.60842E+000 -7.30360E+000
 -3.75142E+000 -7.50328E+000
 -3.88862E+000 -7.70301E+000
 -4.01751E+000 -7.90279E+000
  2
 -1.21725E+000 -3.02462E+000
 -1.05340E+000 -3.16278E+000
 -9.05779E-001 -3.30807E+000
 -7.86161E-001 -3.43262E+000
 -7.04386E-001 -3.55065E+000
 -6.70351E-001 -3.66786E+000
 -6.88216E-001 -3.82284E+000
 -7.61554E-001 -3.98824E+000
 -8.68279E-001 -4.15959E+000
 -9.81283E-001 -4.33457E+000
 -1.13057E+000 -4.51516E+000
 -1.26217E+000 -4.69836E+000
 -1.36800E+000 -4.88301E+000
 -1.44106E+000 -5.07018E+000
 -1.49529E+000 -5.25845E+000
 -1.54874E+000 -5.44481E+000
 -1.59703E+000 -5.62793E+000
 -1.63987E+000 -5.81280E+000
 -1.67017E+000 -5.99881E+000
 -1.70358E+000 -6.18338E+000
 -1.72138E+000 -6.36807E+000
 -1.68304E+000 -6.55376E+000
 -1.69200E+000 -6.73727E+000
 -1.70128E+000 -6.92378E+000
 -1.71277E+000 -7.10872E+000
 -1.73112E+000 -7.29337E+000
 -7.27262E-001 -2.44119E+000
 -5.52676E-001 -2.52103E+000
 -3.97780E-001 -2.66251E+000
 -2.75408E-001 -2.79647E+000
 -1.92988E-001 -2.92455E+000
 -1.61119E-001 -3.05456E+000
 -1.69902E-001 -3.20084E+000
 -2.30836E-001 -3.36092E+000
 -3.35279E-001 -3.52503E+000
 -4.62432E-001 -3.69540E+000
 -5.84146E-001 -3.86290E+000
 -6.32181E-001 -4.03049E+000
 -6.69677E-001 -4.20681E+000
 -7.19841E-001 -4.38698E+000
 -7.68358E-001 -4.56041E+000
 -8.18620E-001 -4.73701E+000
 -8.75039E-001 -4.91520E+000
 -9.19847E-001 -5.09632E+000
 -9.46130E-001 -5.28114E+000
 -9.66947E-001 -5.46582E+000
 -9.68140E-001 -5.65082E+000
 -9.69879E-001 -5.83652E+000
 -9.71554E-001 -6.02376E+000
 -9.74252E-001 -6.21133E+000
 -9.74878E-001 -6.39959E+000
 -9.77284E-001 -6.58920E+000
 -4.15601E-001 -2.00227E+000
 -2.41076E-001 -2.13095E+000
 -8.15139E-002 -2.25923E+000
  4.05259E-002 -2.38003E+000
  1.35488E-001 -2.47889E+000
  1.78154E-001 -2.60703E+000
  1.59621E-001 -2.74879E+000
  8.84154E-002 -2.89797E+000
 -1.81127E-002 -3.05670E+000
 -1.04515E-001 -3.21891E+000
 -1.58208E-001 -3.38584E+000
 -1.79507E-001 -3.55482E+000
 -2.16247E-001 -3.72557E+000
 -2.55318E-001 -3.89560E+000
 -2.87869E-001 -4.06578E+000
 -3.25037E-001 -4.24136E+000
 -3.47321E-001 -4.42215E+000
 -3.59195E-001 -4.60155E+000
 -3.63627E-001 -4.78448E+000
 -3.68002E-001 -4.97362E+000
 -3.70568E-001 -5.15885E+000
 -3.75872E-001 -5.34502E+000
 -3.77194E-001 -5.53147E+000
 -3.78113E-001 -5.71607E+000
 -3.78700E-001 -5.90191E+000
 -3.78738E-001 -6.08721E+000
  4
 -1.71934E+000 -6.77013E-002
 -1.83626E+000  1.63803E-002
 -1.97398E+000  6.97675E-002
 -2.12535E+000  7.32903E-002
 -2.27897E+000  1.48231E-002
 -2.45094E+000 -9.06101E-002
 -2.62999E+000 -2.24912E-001
 -2.81383E+000 -3.76172E-001
 -2.99537E+000 -4.84358E-001
 -3.17993E+000 -6.08531E-001
 -3.36954E+000 -7.60173E-001
 -3.55865E+000 -9.41463E-001
 -3.75147E+000 -1.12626E+000
 -3.94605E+000 -1.30347E+000
 -4.13995E+000 -1.47974E+000
 -4.33014E+000 -1.63244E+000
 -4.52098E+000 -1.78684E+000
 -4.71116E+000 -1.94744E+000
 -4.90739E+000 -2.10174E+000
 -5.10035E+000 -2.25737E+000
 -5.29183E+000 -2.40743E+000
 -5.48598E+000 -2.54677E+000
 -5.67909E+000 -2.67706E+000
 -5.87156E+000 -2.79649E+000
 -6.06432E+000 -2.90548E+000
 -6.25839E+000 -3.00867E+000
 -1.43029E+000 -4.79931E-002
 -1.55098E+000  4.29877E-002
 -1.68642E+000  8.37794E-002
 -1.83110E+000  7.73767E-002
 -1.99639E+000  1.22815E-002
 -2.15834E+000 -9.69063E-002
 -2.31755E+000 -1.85029E-001
 -2.48781E+000 -2.65028E-001
 -2.67100E+000 -3.68669E-001
 -2.85602E+000 -5.06212E-001
 -3.05020E+000 -6.37586E-001
 -3.24574E+000 -7.79185E-001
 -3.44185E+000 -9.27379E-001
 -3.64093E+000 -1.07346E+000
 -3.83477E+000 -1.21359E+000
 -4.03104E+000 -1.35249E+000
 -4.22560E+000 -1.48818E+000
 -4.42390E+000 -1.62047E+000
 -4.61932E+000 -1.74853E+000
 -4.81406E+000 -1.86386E+000
 -5.00914E+000 -1.97058E+000
 -5.20587E+000 -2.06125E+000
 -5.40195E+000 -2.13646E+000
 -5.59867E+000 -2.20687E+000
 -5.79548E+000 -2.26408E+000
 -5.99205E+000 -2.31672E+000
 -1.29172E+000 -4.53873E-002
 -1.40706E+000  3.96137E-002
 -1.54012E+000  8.39527E-002
 -1.69228E+000  7.30113E-002
 -1.83876E+000  6.69216E-003
 -1.99194E+000 -6.10260E-002
 -2.15790E+000 -1.07562E-001
 -2.33442E+000 -1.74311E-001
 -2.52408E+000 -2.73703E-001
 -2.71543E+000 -3.85035E-001
 -2.91396E+000 -5.00614E-001
 -3.11262E+000 -6.30807E-001
 -3.31191E+000 -7.55134E-001
 -3.50592E+000 -8.74400E-001
 -3.70191E+000 -9.89200E-001
 -3.89684E+000 -1.09816E+000
 -4.09134E+000 -1.19957E+000
 -4.28717E+000 -1.28725E+000
 -4.48342E+000 -1.36031E+000
 -4.67581E+000 -1.42706E+000
 -4.87328E+000 -1.48515E+000
 -5.07141E+000 -1.53442E+000
 -5.26814E+000 -1.57391E+000
 -5.46436E+000 -1.60836E+000
 -5.66153E+000 -1.63213E+000
 -5.85910E+000 -1.64591E+000
  H2O continuum absorption
 -3.94038E-001 -3.91664E-001
 -5.99594E-001 -5.97220E-001
 -7.99594E-001 -7.97220E-001
 -9.99594E-001 -9.97220E-001
 -1.19959E+000 -1.19722E+000
 -1.39959E+000 -1.39722E+000
 -1.59959E+000 -1.59722E+000
 -1.79959E+000 -1.79722E+000
 -1.99959E+000 -1.99722E+000
 -2.19959E+000 -2.19722E+000
 -2.39959E+000 -2.39722E+000
 -2.59959E+000 -2.59722E+000
 -2.79959E+000 -2.79722E+000
 -2.99959E+000 -2.99722E+000
 -3.19959E+000 -3.19722E+000
 -3.39959E+000 -3.39722E+000
 -3.59959E+000 -3.59722E+000
 -3.79959E+000 -3.79722E+000
 -3.99959E+000 -3.99722E+000
 -4.19959E+000 -4.19722E+000
 -4.39959E+000 -4.39722E+000
 -4.59959E+000 -4.59722E+000
 -4.79959E+000 -4.79722E+000
 -4.99959E+000 -4.99722E+000
 -5.19959E+000 -5.19722E+000
 -5.39959E+000 -5.39722E+000
 -9.58764E-001 -9.55711E-001
 -1.16432E+000 -1.16138E+000
 -1.36432E+000 -1.36138E+000
 -1.56432E+000 -1.56138E+000
 -1.76432E+000 -1.76138E+000
 -1.96432E+000 -1.96138E+000
 -2.16432E+000 -2.16138E+000
 -2.36432E+000 -2.36138E+000
 -2.56432E+000 -2.56138E+000
 -2.76432E+000 -2.76138E+000
 -2.96432E+000 -2.96138E+000
 -3.16432E+000 -3.16138E+000
 -3.36432E+000 -3.36138E+000
 -3.56432E+000 -3.56138E+000
 -3.76432E+000 -3.76138E+000
 -3.96432E+000 -3.96138E+000
 -4.16432E+000 -4.16138E+000
 -4.36432E+000 -4.36138E+000
 -4.56432E+000 -4.56138E+000
 -4.76432E+000 -4.76138E+000
 -4.96432E+000 -4.96138E+000
 -5.16432E+000 -5.16138E+000
 -5.36432E+000 -5.36138E+000
 -5.56432E+000 -5.56138E+000
 -5.76432E+000 -5.76138E+000
 -5.96432E+000 -5.96138E+000
 -1.50606E+000 -1.50250E+000
 -1.71189E+000 -1.70833E+000
 -1.91189E+000 -1.90833E+000
 -2.11189E+000 -2.10833E+000
 -2.31189E+000 -2.30833E+000
 -2.51189E+000 -2.50833E+000
 -2.71189E+000 -2.70833E+000
 -2.91189E+000 -2.90833E+000
 -3.11189E+000 -3.10833E+000
 -3.31189E+000 -3.30833E+000
 -3.51189E+000 -3.50833E+000
 -3.71189E+000 -3.70833E+000
 -3.91189E+000 -3.90833E+000
 -4.11189E+000 -4.10833E+000
 -4.31189E+000 -4.30833E+000
 -4.51189E+000 -4.50833E+000
 -4.71189E+000 -4.70833E+000
 -4.91189E+000 -4.90833E+000
 -5.11189E+000 -5.10833E+000
 -5.31189E+000 -5.30833E+000
 -5.51189E+000 -5.50833E+000
 -5.71189E+000 -5.70833E+000
 -5.91189E+000 -5.90833E+000
 -6.11189E+000 -6.10833E+000
 -6.31189E+000 -6.30833E+000
 -6.51189E+000 -6.50833E+000
  CFC absorption coefficients
 -2.00000E+001 -2.00000E+001 -2.00000E+001 -2.00000E+001 -2.00000E+001
 -2.00000E+001 -2.00000E+001 -2.00000E+001 -2.00000E+001 -2.00000E+001
 -2.00000E+001 -2.00000E+001 -2.00000E+001 -2.00000E+001 -2.00000E+001
 -2.00000E+001 -2.00000E+001 -1.53437E+000 -2.00000E+001  5.98996E-002
 -2.00000E+001 -2.00000E+001 -2.00000E+001 -2.00000E+001  9.21212E-001
 -2.00000E+001 -2.00000E+001  3.62862E-002
 optical property flag
    1    1    1    0    1    0    1
 number of subinterval
    6
 weight of subintervals
  7.443300000000000E-002  1.888620000000000E-001  2.543330000000000E-001
  4.550830000000000E-001  7.812000000000000E-003  1.947600000000000E-002
 Line absorption
    3
  1
 -3.72928E+000 -1.58168E+000 -3.97532E+000 -4.63454E+000 -4.03067E+000
 -4.03761E+000
 -3.92822E+000 -1.45264E+000 -4.17297E+000 -4.84379E+000 -4.23463E+000
 -4.24229E+000
 -4.12431E+000 -1.39281E+000 -4.36948E+000 -5.04227E+000 -4.43045E+000
 -4.43989E+000
 -4.32129E+000 -1.37520E+000 -4.56609E+000 -5.24272E+000 -4.62881E+000
 -4.63834E+000
 -4.51942E+000 -1.30861E+000 -4.76497E+000 -5.44147E+000 -4.83069E+000
 -4.83955E+000
 -4.72061E+000 -1.28531E+000 -4.96592E+000 -5.64137E+000 -5.02907E+000
 -5.03794E+000
 -4.91924E+000 -1.29970E+000 -5.16457E+000 -5.84130E+000 -5.22866E+000
 -5.23788E+000
 -5.11948E+000 -1.30876E+000 -5.36532E+000 -6.04100E+000 -5.42930E+000
 -5.43844E+000
 -5.31954E+000 -1.35432E+000 -5.56575E+000 -6.24092E+000 -5.62917E+000
 -5.63829E+000
 -5.51923E+000 -1.43362E+000 -5.76547E+000 -6.44104E+000 -5.82887E+000
 -5.83790E+000
 -5.71894E+000 -1.56062E+000 -5.96486E+000 -6.64107E+000 -6.02858E+000
 -6.03763E+000
 -5.91881E+000 -1.69827E+000 -6.16481E+000 -6.84099E+000 -6.22832E+000
 -6.23735E+000
 -6.11851E+000 -1.83083E+000 -6.36432E+000 -7.04099E+000 -6.42824E+000
 -6.43729E+000
 -6.31822E+000 -1.96545E+000 -6.56395E+000 -7.24089E+000 -6.62802E+000
 -6.63708E+000
 -6.51789E+000 -2.09687E+000 -6.76361E+000 -7.44083E+000 -6.82781E+000
 -6.83688E+000
 -6.71751E+000 -2.21425E+000 -6.96314E+000 -7.64079E+000 -7.02748E+000
 -7.03658E+000
 -6.91719E+000 -2.32080E+000 -7.16279E+000 -7.84078E+000 -7.22725E+000
 -7.23636E+000
 -7.11663E+000 -2.41351E+000 -7.36239E+000 -8.04072E+000 -7.42704E+000
 -7.43612E+000
 -7.31624E+000 -2.50630E+000 -7.56201E+000 -8.24069E+000 -7.62679E+000
 -7.63590E+000
 -7.51591E+000 -2.58017E+000 -7.76157E+000 -8.44058E+000 -7.82642E+000
 -7.83550E+000
 -7.71534E+000 -2.63022E+000 -7.96106E+000 -8.64049E+000 -8.02616E+000
 -8.03523E+000
 -7.91477E+000 -2.66146E+000 -8.16043E+000 -8.84042E+000 -8.22584E+000
 -8.23494E+000
 -8.11410E+000 -2.69138E+000 -8.35971E+000 -9.04034E+000 -8.42550E+000
 -8.43461E+000
 -8.31347E+000 -2.71280E+000 -8.55886E+000 -9.24028E+000 -8.62515E+000
 -8.63427E+000
 -8.51286E+000 -2.72324E+000 -8.75795E+000 -9.44024E+000 -8.82473E+000
 -8.83387E+000
 -8.71222E+000 -2.72973E+000 -8.95714E+000 -9.64019E+000 -9.02440E+000
 -9.03353E+000
 -3.40747E+000 -1.01085E+000 -3.78614E+000 -4.61363E+000 -3.86227E+000
 -3.87141E+000
 -3.61380E+000 -9.41501E-001 -4.00168E+000 -4.81590E+000 -4.07435E+000
 -4.08255E+000
 -3.81952E+000 -7.08198E-001 -4.20209E+000 -5.01754E+000 -4.27563E+000
 -4.28472E+000
 -4.01565E+000 -8.18583E-001 -4.39238E+000 -5.21718E+000 -4.47376E+000
 -4.48276E+000
 -4.21278E+000 -7.36679E-001 -4.59435E+000 -5.41633E+000 -4.67190E+000
 -4.68001E+000
 -4.41433E+000 -7.14954E-001 -4.79297E+000 -5.61665E+000 -4.87135E+000
 -4.88001E+000
 -4.61527E+000 -7.03247E-001 -4.99267E+000 -5.81686E+000 -5.07062E+000
 -5.07903E+000
 -4.81565E+000 -7.14357E-001 -5.19109E+000 -6.01729E+000 -5.26999E+000
 -5.27847E+000
 -5.01365E+000 -7.54261E-001 -5.39141E+000 -6.21730E+000 -5.47013E+000
 -5.47860E+000
 -5.21224E+000 -8.32828E-001 -5.59135E+000 -6.41738E+000 -5.66989E+000
 -5.67839E+000
 -5.41152E+000 -9.27047E-001 -5.79068E+000 -6.61734E+000 -5.86973E+000
 -5.87820E+000
 -5.61073E+000 -1.02167E+000 -5.99017E+000 -6.81733E+000 -6.06943E+000
 -6.07798E+000
 -5.80991E+000 -1.12950E+000 -6.18954E+000 -7.01727E+000 -6.26908E+000
 -6.27763E+000
 -6.00935E+000 -1.22662E+000 -6.38927E+000 -7.21726E+000 -6.46893E+000
 -6.47741E+000
 -6.20868E+000 -1.31673E+000 -6.58890E+000 -7.41725E+000 -6.66886E+000
 -6.67736E+000
 -6.40809E+000 -1.40340E+000 -6.78845E+000 -7.61726E+000 -6.86860E+000
 -6.87712E+000
 -6.60743E+000 -1.46023E+000 -6.98764E+000 -7.81720E+000 -7.06829E+000
 -7.07683E+000
 -6.80680E+000 -1.51366E+000 -7.18722E+000 -8.01719E+000 -7.26805E+000
 -7.27659E+000
 -7.00621E+000 -1.55224E+000 -7.38680E+000 -8.21719E+000 -7.46784E+000
 -7.47632E+000
 -7.20519E+000 -1.57749E+000 -7.58622E+000 -8.41715E+000 -7.66752E+000
 -7.67607E+000
 -7.40433E+000 -1.59071E+000 -7.78557E+000 -8.61714E+000 -7.86727E+000
 -7.87579E+000
 -7.60344E+000 -1.60463E+000 -7.98481E+000 -8.81712E+000 -8.06693E+000
 -8.07545E+000
 -7.80248E+000 -1.60807E+000 -8.18395E+000 -9.01711E+000 -8.26662E+000
 -8.27516E+000
 -8.00154E+000 -1.61360E+000 -8.38324E+000 -9.21710E+000 -8.46633E+000
 -8.47489E+000
 -8.20063E+000 -1.61724E+000 -8.58260E+000 -9.41709E+000 -8.66599E+000
 -8.67456E+000
 -8.39958E+000 -1.61724E+000 -8.78202E+000 -9.61708E+000 -8.86575E+000
 -8.87432E+000
 -3.05457E+000 -6.69221E-001 -3.47429E+000 -4.53389E+000 -3.56565E+000
 -3.58484E+000
 -3.25020E+000 -5.20900E-001 -3.67973E+000 -4.75411E+000 -3.75968E+000
 -3.77550E+000
 -3.45688E+000 -4.60671E-001 -3.88667E+000 -4.95324E+000 -3.96305E+000
 -3.97727E+000
 -3.66261E+000 -3.95346E-001 -4.09612E+000 -5.14984E+000 -4.17240E+000
 -4.18936E+000
 -3.86118E+000 -3.10714E-001 -4.29459E+000 -5.35248E+000 -4.37229E+000
 -4.38926E+000
 -4.06084E+000 -2.68712E-001 -4.49184E+000 -5.55102E+000 -4.57063E+000
 -4.58547E+000
 -4.25710E+000 -2.86537E-001 -4.69273E+000 -5.75081E+000 -4.77001E+000
 -4.78496E+000
 -4.45728E+000 -2.99200E-001 -4.89305E+000 -5.95149E+000 -4.97000E+000
 -4.98455E+000
 -4.65592E+000 -3.21139E-001 -5.09317E+000 -6.15135E+000 -5.17030E+000
 -5.18530E+000
 -4.85509E+000 -3.69637E-001 -5.29324E+000 -6.35124E+000 -5.37021E+000
 -5.38497E+000
 -5.05499E+000 -4.47447E-001 -5.49290E+000 -6.55139E+000 -5.57000E+000
 -5.58442E+000
 -5.25448E+000 -5.20890E-001 -5.69292E+000 -6.75131E+000 -5.76982E+000
 -5.78417E+000
 -5.45465E+000 -5.96402E-001 -5.89255E+000 -6.95127E+000 -5.96948E+000
 -5.98363E+000
 -5.65446E+000 -6.70187E-001 -6.09239E+000 -7.15125E+000 -6.16947E+000
 -6.18357E+000
 -5.85379E+000 -7.36477E-001 -6.29200E+000 -7.35128E+000 -6.36934E+000
 -6.38328E+000
 -6.05347E+000 -7.77409E-001 -6.49185E+000 -7.55103E+000 -6.56882E+000
 -6.58237E+000
 -6.25318E+000 -8.10647E-001 -6.69131E+000 -7.75101E+000 -6.76837E+000
 -6.78160E+000
 -6.45239E+000 -8.36244E-001 -6.89069E+000 -7.95103E+000 -6.96803E+000
 -6.98097E+000
 -6.65155E+000 -8.48325E-001 -7.09023E+000 -8.15089E+000 -7.16757E+000
 -7.18033E+000
 -6.85009E+000 -8.58649E-001 -7.28958E+000 -8.35090E+000 -7.36723E+000
 -7.37981E+000
 -7.04926E+000 -8.63604E-001 -7.48902E+000 -8.55084E+000 -7.56681E+000
 -7.57941E+000
 -7.24845E+000 -8.67491E-001 -7.68868E+000 -8.75102E+000 -7.76670E+000
 -7.77928E+000
 -7.44737E+000 -8.65658E-001 -7.88799E+000 -8.95098E+000 -7.96622E+000
 -7.97882E+000
 -7.64605E+000 -8.68325E-001 -8.08748E+000 -9.15095E+000 -8.16586E+000
 -8.17847E+000
 -7.84493E+000 -8.70305E-001 -8.28708E+000 -9.35093E+000 -8.36555E+000
 -8.37815E+000
 -8.04385E+000 -8.70305E-001 -8.48666E+000 -9.55090E+000 -8.56524E+000
 -8.57786E+000
  2
  5.58576E-001 -4.04841E-002 -1.28144E+000 -3.13154E+000  1.45968E+000
  1.03107E+000
  4.67964E-001 -1.93703E-001 -1.34318E+000 -3.27608E+000  1.45833E+000
  1.10037E+000
  3.58034E-001 -3.46361E-001 -1.45472E+000 -3.41989E+000  1.55380E+000
  1.10619E+000
  2.27966E-001 -4.90478E-001 -1.59628E+000 -3.56277E+000  1.65775E+000
  1.06089E+000
  1.02405E-001 -6.25630E-001 -1.74689E+000 -3.69745E+000  1.71964E+000
  9.67600E-001
  1.65183E-003 -7.70897E-001 -1.90946E+000 -3.84966E+000  1.70959E+000
  8.43588E-001
 -1.11488E-001 -9.32986E-001 -2.08304E+000 -4.01998E+000  1.64784E+000
  6.89450E-001
 -2.45881E-001 -1.10057E+000 -2.25350E+000 -4.19566E+000  1.53676E+000
  5.77234E-001
 -3.97737E-001 -1.27846E+000 -2.42885E+000 -4.37359E+000  1.40137E+000
  4.70253E-001
 -5.61073E-001 -1.45734E+000 -2.60942E+000 -4.55502E+000  1.24558E+000
  3.67819E-001
 -7.23214E-001 -1.63857E+000 -2.79361E+000 -4.74250E+000  1.11116E+000
  2.41975E-001
 -8.94790E-001 -1.81899E+000 -2.97860E+000 -4.93035E+000  9.89756E-001
  8.79562E-002
 -1.06885E+000 -2.00286E+000 -3.16622E+000 -5.11963E+000  8.71590E-001
 -6.09715E-002
 -1.24802E+000 -2.18904E+000 -3.35395E+000 -5.30327E+000  7.49056E-001
 -2.24292E-001
 -1.42035E+000 -2.37389E+000 -3.53877E+000 -5.48366E+000  6.28439E-001
 -3.77107E-001
 -1.58677E+000 -2.55436E+000 -3.72002E+000 -5.66166E+000  5.09719E-001
 -5.22548E-001
 -1.75134E+000 -2.73471E+000 -3.90421E+000 -5.84258E+000  3.96337E-001
 -6.50042E-001
 -1.91228E+000 -2.91563E+000 -4.08744E+000 -6.02051E+000  2.89940E-001
 -7.82018E-001
 -2.06692E+000 -3.09254E+000 -4.27461E+000 -6.19982E+000  1.85476E-001
 -9.01908E-001
 -2.21224E+000 -3.27091E+000 -4.45739E+000 -6.38090E+000  8.20195E-002
 -1.01901E+000
 -2.36868E+000 -3.44769E+000 -4.63833E+000 -6.56039E+000 -3.15835E-003
 -1.13737E+000
 -2.50775E+000 -3.62162E+000 -4.81836E+000 -6.74277E+000 -8.75451E-002
 -1.23837E+000
 -2.64273E+000 -3.79372E+000 -4.99631E+000 -6.92215E+000 -1.59987E-001
 -1.32900E+000
 -2.76979E+000 -3.96086E+000 -5.17295E+000 -7.10502E+000 -2.11244E-001
 -1.41432E+000
 -2.88911E+000 -4.12638E+000 -5.34772E+000 -7.28635E+000 -2.56483E-001
 -1.49402E+000
 -3.00126E+000 -4.28910E+000 -5.51952E+000 -7.47075E+000 -2.80770E-001
 -1.56263E+000
  5.58096E-001 -3.78721E-002 -8.85941E-001 -2.50804E+000  1.53541E+000
  1.05997E+000
  4.89748E-001 -1.70243E-001 -9.65182E-001 -2.63162E+000  1.50551E+000
  1.12386E+000
  3.95774E-001 -2.82705E-001 -1.08412E+000 -2.76854E+000  1.60499E+000
  1.13666E+000
  2.99034E-001 -3.75970E-001 -1.22743E+000 -2.86365E+000  1.70031E+000
  1.09240E+000
  2.05378E-001 -5.05471E-001 -1.38586E+000 -2.98751E+000  1.75108E+000
  9.91110E-001
  1.13873E-001 -6.58540E-001 -1.55108E+000 -3.15205E+000  1.73406E+000
  8.86662E-001
  9.16083E-003 -8.08942E-001 -1.70749E+000 -3.33471E+000  1.66692E+000
  7.98952E-001
 -1.20550E-001 -9.69775E-001 -1.86988E+000 -3.51874E+000  1.55289E+000
  7.10667E-001
 -2.68418E-001 -1.13833E+000 -2.04860E+000 -3.70671E+000  1.43419E+000
  6.20165E-001
 -4.17228E-001 -1.31102E+000 -2.22487E+000 -3.89399E+000  1.32820E+000
  5.06784E-001
 -5.73883E-001 -1.48090E+000 -2.40503E+000 -4.07623E+000  1.22310E+000
  3.79176E-001
 -7.27984E-001 -1.65451E+000 -2.58334E+000 -4.26168E+000  1.12020E+000
  2.53025E-001
 -8.86021E-001 -1.83105E+000 -2.76689E+000 -4.44573E+000  1.00771E+000
  1.21723E-001
 -1.04397E+000 -2.00453E+000 -2.94795E+000 -4.63000E+000  8.87005E-001
 -5.96039E-003
 -1.19094E+000 -2.17198E+000 -3.12752E+000 -4.80939E+000  7.82938E-001
 -1.18908E-001
 -1.33431E+000 -2.34205E+000 -3.30846E+000 -4.99540E+000  6.80713E-001
 -2.41204E-001
 -1.46933E+000 -2.50356E+000 -3.49071E+000 -5.17592E+000  5.86775E-001
 -3.56411E-001
 -1.60697E+000 -2.66922E+000 -3.66945E+000 -5.36480E+000  5.10559E-001
 -4.64920E-001
 -1.73388E+000 -2.82971E+000 -3.84580E+000 -5.55243E+000  4.40976E-001
 -5.69220E-001
 -1.85630E+000 -2.98498E+000 -4.02425E+000 -5.74245E+000  3.85968E-001
 -6.65038E-001
 -1.96680E+000 -3.13594E+000 -4.20473E+000 -5.93478E+000  3.42701E-001
 -7.45371E-001
 -2.06637E+000 -3.28330E+000 -4.38326E+000 -6.12671E+000  3.13976E-001
 -8.13561E-001
 -2.16055E+000 -3.42068E+000 -4.55880E+000 -6.31877E+000  2.93162E-001
 -8.72952E-001
 -2.24009E+000 -3.55316E+000 -4.73197E+000 -6.51156E+000  2.78720E-001
 -9.21403E-001
 -2.30507E+000 -3.68006E+000 -4.90374E+000 -6.70446E+000  2.66204E-001
 -9.65929E-001
 -2.36440E+000 -3.79544E+000 -5.07450E+000 -6.89862E+000  2.62528E-001
 -1.00147E+000
  6.00918E-001  2.41265E-002 -6.42732E-001 -2.05831E+000  1.62858E+000
  1.09584E+000
  5.34286E-001 -7.34398E-002 -7.34241E-001 -2.17815E+000  1.58812E+000
  1.15478E+000
  4.60254E-001 -1.70744E-001 -8.52715E-001 -2.30542E+000  1.64727E+000
  1.16030E+000
  3.92349E-001 -2.72203E-001 -9.93023E-001 -2.44031E+000  1.72829E+000
  1.10930E+000
  3.18662E-001 -3.92152E-001 -1.15617E+000 -2.58501E+000  1.76990E+000
  1.03217E+000
  2.30823E-001 -5.29211E-001 -1.31440E+000 -2.74289E+000  1.75617E+000
  9.79856E-001
  1.24280E-001 -6.77905E-001 -1.48671E+000 -2.91548E+000  1.68425E+000
  9.16158E-001
  1.38143E-002 -8.26090E-001 -1.65750E+000 -3.09085E+000  1.57872E+000
  8.42561E-001
 -1.17296E-001 -9.79691E-001 -1.83333E+000 -3.26795E+000  1.50117E+000
  7.49399E-001
 -2.67761E-001 -1.14201E+000 -2.01351E+000 -3.45046E+000  1.41659E+000
  6.37686E-001
 -4.12405E-001 -1.30856E+000 -2.19458E+000 -3.62880E+000  1.32971E+000
  5.27163E-001
 -5.58194E-001 -1.47082E+000 -2.37531E+000 -3.81022E+000  1.21950E+000
  4.11882E-001
 -7.00086E-001 -1.63499E+000 -2.55429E+000 -3.99571E+000  1.12498E+000
  3.04693E-001
 -8.30077E-001 -1.79170E+000 -2.72794E+000 -4.17600E+000  1.02351E+000
  1.80439E-001
 -9.56742E-001 -1.94355E+000 -2.89983E+000 -4.35928E+000  9.50418E-001
  6.84525E-002
 -1.07808E+000 -2.09474E+000 -3.07324E+000 -4.54633E+000  8.76069E-001
 -3.34284E-002
 -1.19284E+000 -2.24160E+000 -3.24492E+000 -4.73572E+000  8.16347E-001
 -1.21917E-001
 -1.29434E+000 -2.38392E+000 -3.41376E+000 -4.92818E+000  7.70006E-001
 -1.97949E-001
 -1.38809E+000 -2.51374E+000 -3.58224E+000 -5.11947E+000  7.36053E-001
 -2.61805E-001
 -1.47067E+000 -2.63837E+000 -3.74688E+000 -5.31212E+000  7.11621E-001
 -3.25343E-001
 -1.54634E+000 -2.75339E+000 -3.91061E+000 -5.50528E+000  6.94309E-001
 -3.76859E-001
 -1.61160E+000 -2.86368E+000 -4.07478E+000 -5.69950E+000  6.87434E-001
 -4.14151E-001
 -1.66651E+000 -2.96900E+000 -4.23619E+000 -5.89452E+000  6.81290E-001
 -4.44664E-001
 -1.71970E+000 -3.06276E+000 -4.40049E+000 -6.08920E+000  6.77098E-001
 -4.63979E-001
 -1.76013E+000 -3.14584E+000 -4.56580E+000 -6.28471E+000  6.75156E-001
 -4.77929E-001
 -1.79276E+000 -3.22090E+000 -4.73242E+000 -6.47957E+000  6.74413E-001
 -4.87061E-001
  3
 -3.78203E-001 -2.43393E+000 -1.45946E+000 -2.94862E+000 -9.03628E-001
 -1.88333E-001
 -3.48285E-001 -2.47538E+000 -1.51653E+000 -3.05144E+000 -9.15972E-001
 -1.05192E-001
 -3.06880E-001 -2.55614E+000 -1.58662E+000 -3.19750E+000 -9.21533E-001
 -4.54220E-002
 -2.58686E-001 -2.67117E+000 -1.67380E+000 -3.35242E+000 -9.45892E-001
  1.50255E-002
 -1.94620E-001 -2.81095E+000 -1.77486E+000 -3.51602E+000 -9.97473E-001
  9.33726E-002
 -1.17861E-001 -2.96736E+000 -1.89209E+000 -3.68474E+000 -1.06967E+000
  1.97966E-001
 -3.07118E-002 -3.13044E+000 -2.02655E+000 -3.85982E+000 -1.16545E+000
  3.04678E-001
  5.28773E-002 -3.30257E+000 -2.17999E+000 -4.04426E+000 -1.28039E+000
  4.09287E-001
  1.15783E-001 -3.48515E+000 -2.34318E+000 -4.23577E+000 -1.41522E+000
  5.12719E-001
  1.56143E-001 -3.67253E+000 -2.51618E+000 -4.43239E+000 -1.55928E+000
  6.22299E-001
  1.63709E-001 -3.86332E+000 -2.69206E+000 -4.62746E+000 -1.71383E+000
  7.27424E-001
  1.54079E-001 -4.05479E+000 -2.87305E+000 -4.82831E+000 -1.87885E+000
  8.22220E-001
  1.14194E-001 -4.24796E+000 -3.05828E+000 -5.02727E+000 -2.04849E+000
  8.85194E-001
  7.13806E-002 -4.44289E+000 -3.24577E+000 -5.22662E+000 -2.22080E+000
  9.35040E-001
  4.00533E-002 -4.63170E+000 -3.42394E+000 -5.42030E+000 -2.37550E+000
  9.65661E-001
  1.79839E-002 -4.82632E+000 -3.60538E+000 -5.62084E+000 -2.52640E+000
  9.83849E-001
 -2.05868E-004 -5.01794E+000 -3.78724E+000 -5.82261E+000 -2.68265E+000
  9.97319E-001
 -1.17159E-002 -5.21598E+000 -3.97059E+000 -6.02084E+000 -2.83909E+000
  1.00571E+000
 -2.26034E-002 -5.41309E+000 -4.15321E+000 -6.21801E+000 -2.99490E+000
  1.01167E+000
 -2.87383E-002 -5.60937E+000 -4.33473E+000 -6.41482E+000 -3.14999E+000
  1.01234E+000
 -3.06317E-002 -5.80558E+000 -4.51659E+000 -6.61718E+000 -3.30055E+000
  1.01541E+000
 -3.25424E-002 -6.00142E+000 -4.69990E+000 -6.81598E+000 -3.44882E+000
  1.01794E+000
 -3.45478E-002 -6.19977E+000 -4.88199E+000 -7.01481E+000 -3.59053E+000
  1.01909E+000
 -3.61987E-002 -6.39604E+000 -5.06458E+000 -7.21366E+000 -3.72715E+000
  1.01920E+000
 -3.69076E-002 -6.59252E+000 -5.24665E+000 -7.41426E+000 -3.85496E+000
  1.02068E+000
 -3.72868E-002 -6.78934E+000 -5.42813E+000 -7.61323E+000 -3.97607E+000
  1.02043E+000
 -4.13530E-001 -2.09003E+000 -1.36928E+000 -2.53361E+000 -9.02908E-001
 -2.35665E-001
 -3.86835E-001 -2.14484E+000 -1.41898E+000 -2.66233E+000 -9.09264E-001
 -1.43684E-001
 -3.40620E-001 -2.23697E+000 -1.47614E+000 -2.79548E+000 -9.14494E-001
 -7.50257E-002
 -2.93097E-001 -2.35883E+000 -1.54778E+000 -2.93257E+000 -9.35341E-001
 -1.26052E-002
 -2.21429E-001 -2.49247E+000 -1.63864E+000 -3.07723E+000 -9.72860E-001
  7.24975E-002
 -1.38525E-001 -2.64277E+000 -1.74834E+000 -3.24301E+000 -1.03420E+000
  1.70714E-001
 -4.90605E-002 -2.80248E+000 -1.88046E+000 -3.42423E+000 -1.11801E+000
  2.69189E-001
  3.46450E-002 -2.97331E+000 -2.02662E+000 -3.61613E+000 -1.22223E+000
  3.70049E-001
  1.04835E-001 -3.15127E+000 -2.18384E+000 -3.81167E+000 -1.34036E+000
  4.80570E-001
  1.48887E-001 -3.33984E+000 -2.35093E+000 -4.00908E+000 -1.47370E+000
  5.86675E-001
  1.66276E-001 -3.53326E+000 -2.52715E+000 -4.21116E+000 -1.61796E+000
  6.82950E-001
  1.69816E-001 -3.72957E+000 -2.70823E+000 -4.41340E+000 -1.76772E+000
  7.62546E-001
  1.53389E-001 -3.92540E+000 -2.88862E+000 -4.61234E+000 -1.91674E+000
  8.23748E-001
  1.41772E-001 -4.11470E+000 -3.05937E+000 -4.80559E+000 -2.05590E+000
  8.62574E-001
  1.37420E-001 -4.30877E+000 -3.23307E+000 -5.00550E+000 -2.19287E+000
  8.84840E-001
  1.32570E-001 -4.50396E+000 -3.41255E+000 -5.20308E+000 -2.33372E+000
  9.01342E-001
  1.27740E-001 -4.69734E+000 -3.59517E+000 -5.40167E+000 -2.47294E+000
  9.11518E-001
  1.25912E-001 -4.89446E+000 -3.78100E+000 -5.60063E+000 -2.60944E+000
  9.19585E-001
  1.22890E-001 -5.09132E+000 -3.96825E+000 -5.80011E+000 -2.73974E+000
  9.25315E-001
  1.21605E-001 -5.28908E+000 -4.15480E+000 -5.99396E+000 -2.86212E+000
  9.26993E-001
  1.20670E-001 -5.48727E+000 -4.33906E+000 -6.19396E+000 -2.97424E+000
  9.28550E-001
  1.19692E-001 -5.68383E+000 -4.52493E+000 -6.39758E+000 -3.07385E+000
  9.29778E-001
  1.20486E-001 -5.88113E+000 -4.70920E+000 -6.59651E+000 -3.16336E+000
  9.30471E-001
  1.19846E-001 -6.07897E+000 -4.89253E+000 -6.79523E+000 -3.24291E+000
  9.30931E-001
  1.19389E-001 -6.27621E+000 -5.07502E+000 -6.99431E+000 -3.31327E+000
  9.31035E-001
  1.19300E-001 -6.47440E+000 -5.25622E+000 -7.19321E+000 -3.37253E+000
  9.31392E-001
 -4.48397E-001 -1.88604E+000 -1.30636E+000 -2.29981E+000 -9.01171E-001
 -2.69411E-001
 -4.13982E-001 -1.94839E+000 -1.34049E+000 -2.40825E+000 -9.02181E-001
 -1.79677E-001
 -3.68721E-001 -2.04480E+000 -1.38864E+000 -2.52156E+000 -9.04871E-001
 -1.21413E-001
 -3.15939E-001 -2.15807E+000 -1.45258E+000 -2.66154E+000 -9.19370E-001
 -4.46736E-002
 -2.36901E-001 -2.28608E+000 -1.53708E+000 -2.81673E+000 -9.48838E-001
  4.73104E-002
 -1.56292E-001 -2.43355E+000 -1.64406E+000 -2.98930E+000 -1.00205E+000
  1.34585E-001
 -6.72931E-002 -2.59174E+000 -1.76717E+000 -3.17057E+000 -1.07568E+000
  2.34172E-001
  1.90494E-002 -2.76388E+000 -1.90560E+000 -3.37143E+000 -1.16169E+000
  3.43639E-001
  9.19927E-002 -2.94744E+000 -2.05891E+000 -3.56965E+000 -1.26770E+000
  4.56029E-001
  1.42016E-001 -3.14135E+000 -2.22459E+000 -3.76691E+000 -1.38995E+000
  5.53230E-001
  1.66590E-001 -3.34050E+000 -2.39825E+000 -3.96328E+000 -1.52030E+000
  6.38612E-001
  1.78293E-001 -3.53936E+000 -2.57803E+000 -4.17073E+000 -1.65344E+000
  7.07629E-001
  1.81773E-001 -3.72879E+000 -2.75334E+000 -4.35843E+000 -1.78369E+000
  7.57625E-001
  1.88285E-001 -3.91813E+000 -2.92621E+000 -4.56065E+000 -1.90481E+000
  7.86539E-001
  1.85797E-001 -4.10910E+000 -3.10594E+000 -4.75070E+000 -2.02787E+000
  8.04331E-001
  1.91229E-001 -4.30459E+000 -3.29043E+000 -4.95084E+000 -2.14571E+000
  8.21108E-001
  1.88567E-001 -4.49990E+000 -3.47878E+000 -5.15163E+000 -2.25520E+000
  8.30160E-001
  1.90430E-001 -4.69584E+000 -3.66701E+000 -5.34854E+000 -2.35277E+000
  8.33187E-001
  1.91095E-001 -4.89456E+000 -3.85517E+000 -5.55390E+000 -2.44058E+000
  8.38958E-001
  1.90611E-001 -5.09138E+000 -4.04454E+000 -5.75336E+000 -2.51739E+000
  8.40295E-001
  1.90181E-001 -5.28841E+000 -4.23062E+000 -5.95270E+000 -2.58488E+000
  8.42532E-001
  1.90781E-001 -5.48455E+000 -4.41548E+000 -6.14973E+000 -2.64232E+000
  8.43406E-001
  1.91566E-001 -5.68165E+000 -4.59856E+000 -6.34907E+000 -2.68771E+000
  8.43392E-001
  1.91314E-001 -5.87854E+000 -4.78055E+000 -6.54761E+000 -2.72056E+000
  8.43860E-001
  1.91355E-001 -6.07724E+000 -4.96279E+000 -6.74088E+000 -2.74387E+000
  8.43972E-001
  1.91381E-001 -6.27395E+000 -5.14322E+000 -6.93997E+000 -2.75779E+000
  8.44011E-001
  H2O continuum absorption
 -6.71131E-001 -7.76443E-001 -6.40835E-001 -8.87877E-001 -7.01135E-001
 -8.49200E-001
 -8.77110E-001 -9.82303E-001 -8.46689E-001 -1.09376E+000 -9.06590E-001
 -1.05480E+000
 -1.07711E+000 -1.18230E+000 -1.04669E+000 -1.29376E+000 -1.10659E+000
 -1.25480E+000
 -1.27711E+000 -1.38230E+000 -1.24669E+000 -1.49376E+000 -1.30659E+000
 -1.45480E+000
 -1.47711E+000 -1.58230E+000 -1.44669E+000 -1.69376E+000 -1.50659E+000
 -1.65480E+000
 -1.67711E+000 -1.78230E+000 -1.64669E+000 -1.89376E+000 -1.70659E+000
 -1.85480E+000
 -1.87711E+000 -1.98230E+000 -1.84669E+000 -2.09376E+000 -1.90659E+000
 -2.05480E+000
 -2.07711E+000 -2.18230E+000 -2.04669E+000 -2.29376E+000 -2.10659E+000
 -2.25480E+000
 -2.27711E+000 -2.38230E+000 -2.24669E+000 -2.49376E+000 -2.30659E+000
 -2.45480E+000
 -2.47711E+000 -2.58230E+000 -2.44669E+000 -2.69376E+000 -2.50659E+000
 -2.65480E+000
 -2.67711E+000 -2.78230E+000 -2.64669E+000 -2.89376E+000 -2.70659E+000
 -2.85480E+000
 -2.87711E+000 -2.98230E+000 -2.84669E+000 -3.09376E+000 -2.90659E+000
 -3.05480E+000
 -3.07711E+000 -3.18230E+000 -3.04669E+000 -3.29376E+000 -3.10659E+000
 -3.25480E+000
 -3.27711E+000 -3.38230E+000 -3.24669E+000 -3.49376E+000 -3.30659E+000
 -3.45480E+000
 -3.47711E+000 -3.58230E+000 -3.44669E+000 -3.69376E+000 -3.50659E+000
 -3.65480E+000
 -3.67711E+000 -3.78230E+000 -3.64669E+000 -3.89376E+000 -3.70659E+000
 -3.85480E+000
 -3.87711E+000 -3.98230E+000 -3.84669E+000 -4.09376E+000 -3.90659E+000
 -4.05480E+000
 -4.07711E+000 -4.18230E+000 -4.04669E+000 -4.29376E+000 -4.10659E+000
 -4.25480E+000
 -4.27711E+000 -4.38230E+000 -4.24669E+000 -4.49376E+000 -4.30659E+000
 -4.45480E+000
 -4.47711E+000 -4.58230E+000 -4.44669E+000 -4.69376E+000 -4.50659E+000
 -4.65480E+000
 -4.67711E+000 -4.78230E+000 -4.64669E+000 -4.89376E+000 -4.70659E+000
 -4.85480E+000
 -4.87711E+000 -4.98230E+000 -4.84669E+000 -5.09376E+000 -4.90659E+000
 -5.05480E+000
 -5.07711E+000 -5.18230E+000 -5.04669E+000 -5.29376E+000 -5.10659E+000
 -5.25480E+000
 -5.27711E+000 -5.38230E+000 -5.24669E+000 -5.49376E+000 -5.30659E+000
 -5.45480E+000
 -5.47711E+000 -5.58230E+000 -5.44669E+000 -5.69376E+000 -5.50659E+000
 -5.65480E+000
 -5.67711E+000 -5.78230E+000 -5.64669E+000 -5.89376E+000 -5.70659E+000
 -5.85480E+000
 -1.29937E+000 -1.42373E+000 -1.26269E+000 -1.55025E+000 -1.33472E+000
 -1.50756E+000
 -1.50496E+000 -1.62958E+000 -1.46807E+000 -1.75578E+000 -1.54027E+000
 -1.71318E+000
 -1.70496E+000 -1.82958E+000 -1.66807E+000 -1.95578E+000 -1.74027E+000
 -1.91318E+000
 -1.90496E+000 -2.02958E+000 -1.86807E+000 -2.15578E+000 -1.94027E+000
 -2.11318E+000
 -2.10496E+000 -2.22958E+000 -2.06807E+000 -2.35578E+000 -2.14027E+000
 -2.31318E+000
 -2.30496E+000 -2.42958E+000 -2.26807E+000 -2.55578E+000 -2.34027E+000
 -2.51318E+000
 -2.50496E+000 -2.62958E+000 -2.46807E+000 -2.75578E+000 -2.54027E+000
 -2.71318E+000
 -2.70496E+000 -2.82958E+000 -2.66807E+000 -2.95578E+000 -2.74027E+000
 -2.91318E+000
 -2.90496E+000 -3.02958E+000 -2.86807E+000 -3.15578E+000 -2.94027E+000
 -3.11318E+000
 -3.10496E+000 -3.22958E+000 -3.06807E+000 -3.35578E+000 -3.14027E+000
 -3.31318E+000
 -3.30496E+000 -3.42958E+000 -3.26807E+000 -3.55578E+000 -3.34027E+000
 -3.51318E+000
 -3.50496E+000 -3.62958E+000 -3.46807E+000 -3.75578E+000 -3.54027E+000
 -3.71318E+000
 -3.70496E+000 -3.82958E+000 -3.66807E+000 -3.95578E+000 -3.74027E+000
 -3.91318E+000
 -3.90496E+000 -4.02958E+000 -3.86807E+000 -4.15578E+000 -3.94027E+000
 -4.11318E+000
 -4.10496E+000 -4.22958E+000 -4.06807E+000 -4.35578E+000 -4.14027E+000
 -4.31318E+000
 -4.30496E+000 -4.42958E+000 -4.26807E+000 -4.55578E+000 -4.34027E+000
 -4.51318E+000
 -4.50496E+000 -4.62958E+000 -4.46807E+000 -4.75578E+000 -4.54027E+000
 -4.71318E+000
 -4.70496E+000 -4.82958E+000 -4.66807E+000 -4.95578E+000 -4.74027E+000
 -4.91318E+000
 -4.90496E+000 -5.02958E+000 -4.86807E+000 -5.15578E+000 -4.94027E+000
 -5.11318E+000
 -5.10496E+000 -5.22958E+000 -5.06807E+000 -5.35578E+000 -5.14027E+000
 -5.31318E+000
 -5.30496E+000 -5.42958E+000 -5.26807E+000 -5.55578E+000 -5.34027E+000
 -5.51318E+000
 -5.50496E+000 -5.62958E+000 -5.46807E+000 -5.75578E+000 -5.54027E+000
 -5.71318E+000
 -5.70496E+000 -5.82958E+000 -5.66807E+000 -5.95578E+000 -5.74027E+000
 -5.91318E+000
 -5.90496E+000 -6.02958E+000 -5.86807E+000 -6.15578E+000 -5.94027E+000
 -6.11318E+000
 -6.10496E+000 -6.22958E+000 -6.06807E+000 -6.35578E+000 -6.14027E+000
 -6.31318E+000
 -6.30496E+000 -6.42958E+000 -6.26807E+000 -6.55578E+000 -6.34027E+000
 -6.51318E+000
 -1.90995E+000 -2.05408E+000 -1.86739E+000 -2.19458E+000 -1.95156E+000
 -2.14829E+000
 -2.11595E+000 -2.25980E+000 -2.07291E+000 -2.40049E+000 -2.15719E+000
 -2.35400E+000
 -2.31595E+000 -2.45980E+000 -2.27291E+000 -2.60049E+000 -2.35719E+000
 -2.55400E+000
 -2.51595E+000 -2.65980E+000 -2.47291E+000 -2.80049E+000 -2.55719E+000
 -2.75400E+000
 -2.71595E+000 -2.85980E+000 -2.67291E+000 -3.00049E+000 -2.75719E+000
 -2.95400E+000
 -2.91595E+000 -3.05980E+000 -2.87291E+000 -3.20049E+000 -2.95719E+000
 -3.15400E+000
 -3.11595E+000 -3.25980E+000 -3.07291E+000 -3.40049E+000 -3.15719E+000
 -3.35400E+000
 -3.31595E+000 -3.45980E+000 -3.27291E+000 -3.60049E+000 -3.35719E+000
 -3.55400E+000
 -3.51595E+000 -3.65980E+000 -3.47291E+000 -3.80049E+000 -3.55719E+000
 -3.75400E+000
 -3.71595E+000 -3.85980E+000 -3.67291E+000 -4.00049E+000 -3.75719E+000
 -3.95400E+000
 -3.91595E+000 -4.05980E+000 -3.87291E+000 -4.20049E+000 -3.95719E+000
 -4.15400E+000
 -4.11595E+000 -4.25980E+000 -4.07291E+000 -4.40049E+000 -4.15719E+000
 -4.35400E+000
 -4.31595E+000 -4.45980E+000 -4.27291E+000 -4.60049E+000 -4.35719E+000
 -4.55400E+000
 -4.51595E+000 -4.65980E+000 -4.47291E+000 -4.80049E+000 -4.55719E+000
 -4.75400E+000
 -4.71595E+000 -4.85980E+000 -4.67291E+000 -5.00049E+000 -4.75719E+000
 -4.95400E+000
 -4.91595E+000 -5.05980E+000 -4.87291E+000 -5.20049E+000 -4.95719E+000
 -5.15400E+000
 -5.11595E+000 -5.25980E+000 -5.07291E+000 -5.40049E+000 -5.15719E+000
 -5.35400E+000
 -5.31595E+000 -5.45980E+000 -5.27291E+000 -5.60049E+000 -5.35719E+000
 -5.55400E+000
 -5.51595E+000 -5.65980E+000 -5.47291E+000 -5.80049E+000 -5.55719E+000
 -5.75400E+000
 -5.71595E+000 -5.85980E+000 -5.67291E+000 -6.00049E+000 -5.75719E+000
 -5.95400E+000
 -5.91595E+000 -6.05980E+000 -5.87291E+000 -6.20049E+000 -5.95719E+000
 -6.15400E+000
 -6.11595E+000 -6.25980E+000 -6.07291E+000 -6.40049E+000 -6.15719E+000
 -6.35400E+000
 -6.31595E+000 -6.45980E+000 -6.27291E+000 -6.60049E+000 -6.35719E+000
 -6.55400E+000
 -6.51595E+000 -6.65980E+000 -6.47291E+000 -6.80049E+000 -6.55719E+000
 -6.75400E+000
 -6.71595E+000 -6.85980E+000 -6.67291E+000 -7.00049E+000 -6.75719E+000
 -6.95400E+000
 -6.91595E+000 -7.05980E+000 -6.87291E+000 -7.20049E+000 -6.95719E+000
 -7.15400E+000
  CFC absorption coefficients
 -1.15594E+000 -2.00000E+001 -2.17678E-001 -2.00000E+001  3.46257E-001
 -1.27784E+000 -2.00000E+001  4.59161E-001  2.92805E-001 -5.78494E-001
  6.30921E-002  4.27580E-001 -3.04209E-002  3.84570E-001  5.32906E-001
 -2.00000E+001 -1.50140E-001 -5.83440E-001 -1.85615E+000 -6.11228E-001
 -2.00000E+001 -2.00000E+001  4.38478E-001  8.71086E-001  8.70729E-001
 -2.00000E+001  2.60036E-001  4.47249E-001
 optical property flag
    1    1    1    0    1    0    1
 number of subinterval
    1
 weight of subintervals
  1.000000000000000E+000
 Line absorption
    2
  1
 -4.81568E+000
 -5.02738E+000
 -5.21577E+000
 -5.41529E+000
 -5.61370E+000
 -5.81115E+000
 -6.01093E+000
 -6.21047E+000
 -6.41018E+000
 -6.60997E+000
 -6.80960E+000
 -7.00955E+000
 -7.20940E+000
 -7.40932E+000
 -7.60912E+000
 -7.80891E+000
 -8.00876E+000
 -8.20856E+000
 -8.40856E+000
 -8.60829E+000
 -8.80798E+000
 -9.00786E+000
 -9.20766E+000
 -9.40738E+000
 -9.60716E+000
 -9.80699E+000
 -4.49653E+000
 -4.59985E+000
 -4.82841E+000
 -5.02887E+000
 -5.22522E+000
 -5.40830E+000
 -5.61068E+000
 -5.81068E+000
 -6.00273E+000
 -6.20213E+000
 -6.40206E+000
 -6.60062E+000
 -6.80102E+000
 -7.00218E+000
 -7.20216E+000
 -7.40106E+000
 -7.60094E+000
 -7.79885E+000
 -7.99866E+000
 -8.19776E+000
 -8.39595E+000
 -8.59398E+000
 -8.79288E+000
 -8.99147E+000
 -9.19025E+000
 -9.38920E+000
 -3.97979E+000
 -4.11765E+000
 -4.28042E+000
 -4.46595E+000
 -4.63814E+000
 -4.83983E+000
 -5.04613E+000
 -5.24681E+000
 -5.44475E+000
 -5.64615E+000
 -5.84714E+000
 -6.04599E+000
 -6.24554E+000
 -6.44509E+000
 -6.64473E+000
 -6.84416E+000
 -7.04401E+000
 -7.24426E+000
 -7.44309E+000
 -7.64202E+000
 -7.84010E+000
 -8.03702E+000
 -8.23431E+000
 -8.43281E+000
 -8.63146E+000
 -8.83056E+000
  2
 -4.61728E+000
 -4.80730E+000
 -4.99461E+000
 -5.18737E+000
 -5.37124E+000
 -5.54525E+000
 -5.71702E+000
 -5.88609E+000
 -6.06044E+000
 -6.23640E+000
 -6.42611E+000
 -6.61379E+000
 -6.80334E+000
 -6.99405E+000
 -7.18297E+000
 -7.37268E+000
 -7.56309E+000
 -7.75599E+000
 -7.95267E+000
 -8.14556E+000
 -8.33877E+000
 -8.53521E+000
 -8.72926E+000
 -8.92619E+000
 -9.12126E+000
 -9.31693E+000
 -4.04875E+000
 -4.16270E+000
 -4.29820E+000
 -4.38599E+000
 -4.49639E+000
 -4.60710E+000
 -4.74623E+000
 -4.89527E+000
 -5.04741E+000
 -5.19364E+000
 -5.36514E+000
 -5.55092E+000
 -5.74636E+000
 -5.93237E+000
 -6.11998E+000
 -6.31792E+000
 -6.50262E+000
 -6.70078E+000
 -6.89706E+000
 -7.09125E+000
 -7.27834E+000
 -7.47419E+000
 -7.66484E+000
 -7.85869E+000
 -8.05391E+000
 -8.24998E+000
 -3.45538E+000
 -3.54148E+000
 -3.61862E+000
 -3.71469E+000
 -3.80636E+000
 -3.90758E+000
 -4.03132E+000
 -4.16652E+000
 -4.30890E+000
 -4.47717E+000
 -4.65078E+000
 -4.83329E+000
 -5.01354E+000
 -5.20347E+000
 -5.38834E+000
 -5.58320E+000
 -5.77690E+000
 -5.97215E+000
 -6.16596E+000
 -6.36075E+000
 -6.55551E+000
 -6.75063E+000
 -6.94655E+000
 -7.14173E+000
 -7.33725E+000
 -7.53364E+000
  H2O continuum absorption
 -1.22670E+000
 -1.43218E+000
 -1.63218E+000
 -1.83218E+000
 -2.03218E+000
 -2.23218E+000
 -2.43218E+000
 -2.63218E+000
 -2.83218E+000
 -3.03218E+000
 -3.23218E+000
 -3.43218E+000
 -3.63218E+000
 -3.83218E+000
 -4.03218E+000
 -4.23218E+000
 -4.43218E+000
 -4.63218E+000
 -4.83218E+000
 -5.03218E+000
 -5.23218E+000
 -5.43218E+000
 -5.63218E+000
 -5.83218E+000
 -6.03218E+000
 -6.23218E+000
 -1.87767E+000
 -2.08355E+000
 -2.28355E+000
 -2.48355E+000
 -2.68355E+000
 -2.88355E+000
 -3.08355E+000
 -3.28355E+000
 -3.48355E+000
 -3.68355E+000
 -3.88355E+000
 -4.08355E+000
 -4.28355E+000
 -4.48355E+000
 -4.68355E+000
 -4.88355E+000
 -5.08355E+000
 -5.28355E+000
 -5.48355E+000
 -5.68355E+000
 -5.88355E+000
 -6.08355E+000
 -6.28355E+000
 -6.48355E+000
 -6.68355E+000
 -6.88355E+000
 -2.50876E+000
 -2.71443E+000
 -2.91443E+000
 -3.11443E+000
 -3.31443E+000
 -3.51443E+000
 -3.71443E+000
 -3.91443E+000
 -4.11443E+000
 -4.31443E+000
 -4.51443E+000
 -4.71443E+000
 -4.91443E+000
 -5.11443E+000
 -5.31443E+000
 -5.51443E+000
 -5.71443E+000
 -5.91443E+000
 -6.11443E+000
 -6.31443E+000
 -6.51443E+000
 -6.71443E+000
 -6.91443E+000
 -7.11443E+000
 -7.31443E+000
 -7.51443E+000
  CFC absorption coefficients
  1.10150E+000  9.87600E-001 -2.00000E+001 -2.00000E+001  8.26760E-001
  8.96156E-001  1.75087E-001 -1.15173E-001  4.75961E-002  5.42852E-001
  4.06906E-001  2.17419E-001  5.80153E-001  3.02443E-001  5.83539E-001
 -2.00000E+001  8.06155E-002 -6.29117E-001 -3.39633E-001  3.58867E-001
  2.58146E-001  1.51104E+000 -1.01306E+000 -2.00000E+001  6.13317E-002
 -2.00000E+001 -6.86254E-001  1.41070E+000
 optical property flag
    1    1    1    0    1    0    1
 number of subinterval
    3
 weight of subintervals
  8.736840000000000E-001  1.125670000000000E-001  1.374900000000000E-002
 Line absorption
    3
  1
 -5.70057E+000 -4.37295E+000 -5.75719E+000
 -5.90317E+000 -4.47355E+000 -5.96227E+000
 -6.10193E+000 -4.61785E+000 -6.15835E+000
 -6.30196E+000 -4.73412E+000 -6.36017E+000
 -6.50076E+000 -4.90416E+000 -6.55921E+000
 -6.70048E+000 -5.07663E+000 -6.75812E+000
 -6.89991E+000 -5.26098E+000 -6.95795E+000
 -7.09970E+000 -5.44733E+000 -7.15764E+000
 -7.29980E+000 -5.63598E+000 -7.35758E+000
 -7.49979E+000 -5.82861E+000 -7.55755E+000
 -7.69969E+000 -6.02613E+000 -7.75752E+000
 -7.89952E+000 -6.22481E+000 -7.95743E+000
 -8.09952E+000 -6.41923E+000 -8.15727E+000
 -8.29940E+000 -6.61334E+000 -8.35722E+000
 -8.49926E+000 -6.80629E+000 -8.55711E+000
 -8.69918E+000 -6.99768E+000 -8.75700E+000
 -8.89911E+000 -7.19074E+000 -8.95692E+000
 -9.09899E+000 -7.38250E+000 -9.15682E+000
 -9.29893E+000 -7.57298E+000 -9.35672E+000
 -9.49885E+000 -7.76510E+000 -9.55663E+000
 -9.69874E+000 -7.95262E+000 -9.75653E+000
 -9.89866E+000 -8.14120E+000 -9.95647E+000
 -1.00986E+001 -8.32806E+000 -1.01564E+001
 -1.02985E+001 -8.51244E+000 -1.03563E+001
 -1.04985E+001 -8.69566E+000 -1.05563E+001
 -1.06984E+001 -8.87885E+000 -1.07562E+001
 -5.46737E+000 -3.66210E+000 -5.62027E+000
 -5.66981E+000 -3.76802E+000 -5.81487E+000
 -5.86530E+000 -3.88480E+000 -6.01255E+000
 -6.06029E+000 -4.03006E+000 -6.21275E+000
 -6.25865E+000 -4.17718E+000 -6.41062E+000
 -6.45929E+000 -4.34767E+000 -6.60944E+000
 -6.65939E+000 -4.52712E+000 -6.81045E+000
 -6.85947E+000 -4.71279E+000 -7.01077E+000
 -7.05951E+000 -4.88897E+000 -7.21090E+000
 -7.25939E+000 -5.07949E+000 -7.41098E+000
 -7.45933E+000 -5.26938E+000 -7.61037E+000
 -7.65888E+000 -5.45941E+000 -7.81021E+000
 -7.85868E+000 -5.65611E+000 -8.00979E+000
 -8.05828E+000 -5.85133E+000 -8.20940E+000
 -8.25785E+000 -6.04107E+000 -8.40915E+000
 -8.45777E+000 -6.23359E+000 -8.60886E+000
 -8.65748E+000 -6.42634E+000 -8.80855E+000
 -8.85693E+000 -6.61868E+000 -9.00834E+000
 -9.05678E+000 -6.81158E+000 -9.20810E+000
 -9.25650E+000 -7.00283E+000 -9.40795E+000
 -9.45627E+000 -7.19207E+000 -9.60778E+000
 -9.65599E+000 -7.38041E+000 -9.80768E+000
 -9.85587E+000 -7.56758E+000 -1.00075E+001
 -1.00557E+001 -7.75221E+000 -1.02073E+001
 -1.02555E+001 -7.93777E+000 -1.04072E+001
 -1.04553E+001 -8.12359E+000 -1.06071E+001
 -5.07405E+000 -3.20654E+000 -5.23333E+000
 -5.27477E+000 -3.28395E+000 -5.43367E+000
 -5.47242E+000 -3.41380E+000 -5.63798E+000
 -5.67209E+000 -3.54435E+000 -5.83485E+000
 -5.87290E+000 -3.67964E+000 -6.03729E+000
 -6.07462E+000 -3.84563E+000 -6.23844E+000
 -6.27432E+000 -4.01590E+000 -6.43810E+000
 -6.47382E+000 -4.19744E+000 -6.63875E+000
 -6.67368E+000 -4.37913E+000 -6.83922E+000
 -6.87434E+000 -4.56268E+000 -7.03833E+000
 -7.07428E+000 -4.75492E+000 -7.23794E+000
 -7.27418E+000 -4.94809E+000 -7.43771E+000
 -7.47361E+000 -5.14366E+000 -7.63747E+000
 -7.67338E+000 -5.34174E+000 -7.83719E+000
 -7.87285E+000 -5.53153E+000 -8.03674E+000
 -8.07239E+000 -5.73102E+000 -8.23641E+000
 -8.27193E+000 -5.92581E+000 -8.43608E+000
 -8.47161E+000 -6.12148E+000 -8.63585E+000
 -8.67138E+000 -6.31709E+000 -8.83568E+000
 -8.87108E+000 -6.51138E+000 -9.03567E+000
 -9.07093E+000 -6.70474E+000 -9.23549E+000
 -9.27072E+000 -6.89743E+000 -9.43532E+000
 -9.47053E+000 -7.08667E+000 -9.63518E+000
 -9.67031E+000 -7.27496E+000 -9.83503E+000
 -9.87013E+000 -7.46148E+000 -1.00349E+001
 -1.00700E+001 -7.64558E+000 -1.02348E+001
  2
 -4.62471E+000 -4.19461E+000 -6.48401E+000
 -4.73081E+000 -4.21408E+000 -6.68967E+000
 -4.87158E+000 -4.27335E+000 -6.88967E+000
 -5.02902E+000 -4.36832E+000 -7.08967E+000
 -5.15849E+000 -4.50080E+000 -7.28956E+000
 -5.28126E+000 -4.66083E+000 -7.48955E+000
 -5.42973E+000 -4.78680E+000 -7.68967E+000
 -5.59413E+000 -4.90600E+000 -7.88967E+000
 -5.76316E+000 -5.04161E+000 -8.08967E+000
 -5.92994E+000 -5.20768E+000 -8.28967E+000
 -6.11523E+000 -5.37338E+000 -8.49000E+000
 -6.29756E+000 -5.53615E+000 -8.69002E+000
 -6.48588E+000 -5.71100E+000 -8.88983E+000
 -6.67875E+000 -5.86771E+000 -9.08967E+000
 -6.85755E+000 -6.01449E+000 -9.29012E+000
 -7.05092E+000 -6.16850E+000 -9.48996E+000
 -7.23224E+000 -6.32227E+000 -9.69026E+000
 -7.42577E+000 -6.48349E+000 -9.88997E+000
 -7.61664E+000 -6.65040E+000 -1.00897E+001
 -7.80356E+000 -6.81142E+000 -1.02897E+001
 -7.99732E+000 -6.97085E+000 -1.04899E+001
 -8.18080E+000 -7.12706E+000 -1.06903E+001
 -8.37207E+000 -7.28020E+000 -1.08903E+001
 -8.56024E+000 -7.42548E+000 -1.10903E+001
 -8.75321E+000 -7.57027E+000 -1.12903E+001
 -8.94443E+000 -7.71071E+000 -1.14903E+001
 -3.71841E+000 -3.28116E+000 -6.59944E+000
 -3.81814E+000 -3.29142E+000 -6.80570E+000
 -3.93730E+000 -3.34817E+000 -7.00510E+000
 -4.04438E+000 -3.44245E+000 -7.20510E+000
 -4.18139E+000 -3.56353E+000 -7.40510E+000
 -4.30684E+000 -3.66076E+000 -7.60511E+000
 -4.45073E+000 -3.79136E+000 -7.80510E+000
 -4.60621E+000 -3.92110E+000 -8.00510E+000
 -4.76239E+000 -4.05189E+000 -8.20510E+000
 -4.91531E+000 -4.20297E+000 -8.40510E+000
 -5.08300E+000 -4.35613E+000 -8.60510E+000
 -5.25548E+000 -4.50724E+000 -8.80510E+000
 -5.43388E+000 -4.64473E+000 -9.00564E+000
 -5.61557E+000 -4.78663E+000 -9.20510E+000
 -5.79546E+000 -4.92586E+000 -9.40526E+000
 -5.98162E+000 -5.05639E+000 -9.60526E+000
 -6.17352E+000 -5.18874E+000 -9.80510E+000
 -6.36048E+000 -5.31972E+000 -1.00053E+001
 -6.55094E+000 -5.45580E+000 -1.02053E+001
 -6.74079E+000 -5.59396E+000 -1.04053E+001
 -6.93287E+000 -5.74333E+000 -1.06051E+001
 -7.12349E+000 -5.87836E+000 -1.08051E+001
 -7.31576E+000 -6.01498E+000 -1.10051E+001
 -7.50676E+000 -6.15109E+000 -1.12051E+001
 -7.69908E+000 -6.28120E+000 -1.14051E+001
 -7.89077E+000 -6.40730E+000 -1.16051E+001
 -3.14036E+000 -2.70413E+000 -6.69285E+000
 -3.22467E+000 -2.71211E+000 -6.89906E+000
 -3.29530E+000 -2.77182E+000 -7.09915E+000
 -3.40490E+000 -2.85889E+000 -7.29906E+000
 -3.54521E+000 -2.91664E+000 -7.49906E+000
 -3.66853E+000 -3.02128E+000 -7.69906E+000
 -3.78409E+000 -3.15841E+000 -7.89906E+000
 -3.92917E+000 -3.28619E+000 -8.09906E+000
 -4.09190E+000 -3.39103E+000 -8.29906E+000
 -4.25145E+000 -3.50921E+000 -8.49906E+000
 -4.42416E+000 -3.65199E+000 -8.69906E+000
 -4.59137E+000 -3.79676E+000 -8.89967E+000
 -4.77003E+000 -3.92022E+000 -9.09906E+000
 -4.94726E+000 -4.04143E+000 -9.29925E+000
 -5.13567E+000 -4.17074E+000 -9.49905E+000
 -5.32080E+000 -4.29300E+000 -9.69905E+000
 -5.51023E+000 -4.42877E+000 -9.89906E+000
 -5.70094E+000 -4.56348E+000 -1.00994E+001
 -5.89131E+000 -4.69714E+000 -1.02994E+001
 -6.08842E+000 -4.83639E+000 -1.04994E+001
 -6.27931E+000 -4.96501E+000 -1.06996E+001
 -6.47148E+000 -5.08591E+000 -1.08996E+001
 -6.66437E+000 -5.19559E+000 -1.10996E+001
 -6.85669E+000 -5.30581E+000 -1.12996E+001
 -7.04766E+000 -5.40291E+000 -1.14996E+001
 -7.23987E+000 -5.49613E+000 -1.16996E+001
  3
 -2.91787E-001  9.99833E-001  1.21011E+000
 -3.21611E-001  1.02477E+000  1.26005E+000
 -3.46570E-001  1.04724E+000  1.31577E+000
 -3.91120E-001  1.06894E+000  1.39876E+000
 -4.43734E-001  1.07611E+000  1.48071E+000
 -4.85509E-001  1.06742E+000  1.58166E+000
 -5.26919E-001  1.03308E+000  1.68986E+000
 -5.97697E-001  9.69453E-001  1.79778E+000
 -7.06862E-001  8.76002E-001  1.88016E+000
 -8.40699E-001  7.63064E-001  1.94106E+000
 -9.85226E-001  6.31843E-001  1.97902E+000
 -1.13466E+000  5.03715E-001  1.99682E+000
 -1.29191E+000  3.92417E-001  2.00211E+000
 -1.43956E+000  3.05588E-001  2.00544E+000
 -1.58759E+000  2.22201E-001  2.01470E+000
 -1.73384E+000  1.46557E-001  2.01337E+000
 -1.87825E+000  7.54942E-002  2.01690E+000
 -2.01545E+000  1.02603E-002  2.01779E+000
 -2.14740E+000 -3.87114E-002  2.01850E+000
 -2.27310E+000 -7.67045E-002  2.01666E+000
 -2.38911E+000 -1.01133E-001  2.02041E+000
 -2.50203E+000 -1.17086E-001  2.02037E+000
 -2.60923E+000 -1.25915E-001  2.02096E+000
 -2.70307E+000 -1.32895E-001  2.01972E+000
 -2.78820E+000 -1.35832E-001  2.02004E+000
 -2.86487E+000 -1.37762E-001  2.02004E+000
 -1.83187E-002  9.58698E-001  1.15925E+000
 -3.25617E-002  9.87748E-001  1.21250E+000
 -8.83424E-002  1.01386E+000  1.27697E+000
 -1.36900E-001  1.03955E+000  1.35613E+000
 -1.96411E-001  1.04969E+000  1.44309E+000
 -2.72596E-001  1.04988E+000  1.54975E+000
 -3.38633E-001  1.02369E+000  1.66455E+000
 -4.24366E-001  9.66641E-001  1.76677E+000
 -5.36533E-001  8.82080E-001  1.85136E+000
 -6.68554E-001  7.84202E-001  1.92083E+000
 -8.10067E-001  6.85515E-001  1.96718E+000
 -9.55150E-001  5.87292E-001  1.98596E+000
 -1.08873E+000  5.08779E-001  2.00477E+000
 -1.21572E+000  4.41913E-001  2.01192E+000
 -1.34016E+000  3.81323E-001  2.02065E+000
 -1.46375E+000  3.34331E-001  2.03099E+000
 -1.57907E+000  3.02366E-001  2.03540E+000
 -1.68760E+000  2.82333E-001  2.03724E+000
 -1.79052E+000  2.67270E-001  2.04288E+000
 -1.88167E+000  2.57632E-001  2.04196E+000
 -1.96723E+000  2.49821E-001  2.04155E+000
 -2.03765E+000  2.46058E-001  2.04297E+000
 -2.09694E+000  2.43432E-001  2.04301E+000
 -2.14629E+000  2.42571E-001  2.04336E+000
 -2.18540E+000  2.41649E-001  2.04336E+000
 -2.21521E+000  2.41139E-001  2.04339E+000
  1.80931E-001  9.27784E-001  1.12712E+000
  1.50113E-001  9.55821E-001  1.18078E+000
  1.01373E-001  9.84005E-001  1.23885E+000
  3.98671E-002  1.01064E+000  1.31727E+000
 -3.40571E-002  1.02866E+000  1.40674E+000
 -1.12743E-001  1.03546E+000  1.52084E+000
 -1.98888E-001  1.01515E+000  1.63614E+000
 -2.96262E-001  9.62315E-001  1.73499E+000
 -4.07758E-001  8.88848E-001  1.82054E+000
 -5.33394E-001  8.14644E-001  1.88350E+000
 -6.66293E-001  7.41602E-001  1.92844E+000
 -7.91881E-001  6.75343E-001  1.95728E+000
 -9.07859E-001  6.20874E-001  1.97815E+000
 -1.02155E+000  5.79004E-001  1.98924E+000
 -1.12773E+000  5.48243E-001  1.99611E+000
 -1.22678E+000  5.28714E-001  2.00391E+000
 -1.31925E+000  5.14169E-001  2.00957E+000
 -1.40147E+000  5.03853E-001  2.01266E+000
 -1.47025E+000  4.98525E-001  2.01390E+000
 -1.52965E+000  4.93118E-001  2.01685E+000
 -1.57578E+000  4.89696E-001  2.01750E+000
 -1.61231E+000  4.88458E-001  2.01773E+000
 -1.63930E+000  4.87518E-001  2.01776E+000
 -1.66004E+000  4.86833E-001  2.01799E+000
 -1.67373E+000  4.86450E-001  2.01801E+000
 -1.68203E+000  4.86200E-001  2.01803E+000
  H2O continuum absorption
 -1.38339E+000 -1.28000E+000 -1.54071E+000
 -1.58939E+000 -1.48000E+000 -1.74591E+000
 -1.78939E+000 -1.68000E+000 -1.94591E+000
 -1.98939E+000 -1.88000E+000 -2.14591E+000
 -2.18939E+000 -2.08000E+000 -2.34591E+000
 -2.38939E+000 -2.28000E+000 -2.54591E+000
 -2.58939E+000 -2.48000E+000 -2.74591E+000
 -2.78939E+000 -2.68000E+000 -2.94591E+000
 -2.98939E+000 -2.88000E+000 -3.14591E+000
 -3.18939E+000 -3.08000E+000 -3.34591E+000
 -3.38939E+000 -3.28000E+000 -3.54591E+000
 -3.58939E+000 -3.48000E+000 -3.74591E+000
 -3.78939E+000 -3.68000E+000 -3.94591E+000
 -3.98939E+000 -3.88000E+000 -4.14591E+000
 -4.18939E+000 -4.08000E+000 -4.34591E+000
 -4.38939E+000 -4.28000E+000 -4.54591E+000
 -4.58939E+000 -4.48000E+000 -4.74591E+000
 -4.78939E+000 -4.68000E+000 -4.94591E+000
 -4.98939E+000 -4.88000E+000 -5.14591E+000
 -5.18939E+000 -5.08000E+000 -5.34591E+000
 -5.38939E+000 -5.28000E+000 -5.54591E+000
 -5.58939E+000 -5.48000E+000 -5.74591E+000
 -5.78939E+000 -5.68000E+000 -5.94591E+000
 -5.98939E+000 -5.88000E+000 -6.14591E+000
 -6.18939E+000 -6.08000E+000 -6.34591E+000
 -6.38939E+000 -6.28000E+000 -6.54591E+000
 -2.01512E+000 -1.92000E+000 -2.14243E+000
 -2.22116E+000 -2.12000E+000 -2.34782E+000
 -2.42116E+000 -2.32000E+000 -2.54782E+000
 -2.62116E+000 -2.52000E+000 -2.74782E+000
 -2.82116E+000 -2.72000E+000 -2.94782E+000
 -3.02116E+000 -2.92000E+000 -3.14782E+000
 -3.22116E+000 -3.12000E+000 -3.34782E+000
 -3.42116E+000 -3.32000E+000 -3.54782E+000
 -3.62116E+000 -3.52000E+000 -3.74782E+000
 -3.82116E+000 -3.72000E+000 -3.94782E+000
 -4.02116E+000 -3.92000E+000 -4.14782E+000
 -4.22116E+000 -4.12000E+000 -4.34782E+000
 -4.42116E+000 -4.32000E+000 -4.54782E+000
 -4.62116E+000 -4.52000E+000 -4.74782E+000
 -4.82116E+000 -4.72000E+000 -4.94782E+000
 -5.02116E+000 -4.92000E+000 -5.14782E+000
 -5.22116E+000 -5.12000E+000 -5.34782E+000
 -5.42116E+000 -5.32000E+000 -5.54782E+000
 -5.62116E+000 -5.52000E+000 -5.74782E+000
 -5.82116E+000 -5.72000E+000 -5.94782E+000
 -6.02116E+000 -5.92000E+000 -6.14782E+000
 -6.22116E+000 -6.12000E+000 -6.34782E+000
 -6.42116E+000 -6.32000E+000 -6.54782E+000
 -6.62116E+000 -6.52000E+000 -6.74782E+000
 -6.82116E+000 -6.72000E+000 -6.94782E+000
 -7.02116E+000 -6.92000E+000 -7.14782E+000
 -2.62648E+000 -2.54000E+000 -2.72167E+000
 -2.83214E+000 -2.74000E+000 -2.92523E+000
 -3.03214E+000 -2.94000E+000 -3.12523E+000
 -3.23214E+000 -3.14000E+000 -3.32523E+000
 -3.43214E+000 -3.34000E+000 -3.52523E+000
 -3.63214E+000 -3.54000E+000 -3.72523E+000
 -3.83214E+000 -3.74000E+000 -3.92523E+000
 -4.03214E+000 -3.94000E+000 -4.12523E+000
 -4.23214E+000 -4.14000E+000 -4.32523E+000
 -4.43214E+000 -4.34000E+000 -4.52523E+000
 -4.63214E+000 -4.54000E+000 -4.72523E+000
 -4.83214E+000 -4.74000E+000 -4.92523E+000
 -5.03214E+000 -4.94000E+000 -5.12523E+000
 -5.23214E+000 -5.14000E+000 -5.32523E+000
 -5.43214E+000 -5.34000E+000 -5.52523E+000
 -5.63214E+000 -5.54000E+000 -5.72523E+000
 -5.83214E+000 -5.74000E+000 -5.92523E+000
 -6.03214E+000 -5.94000E+000 -6.12523E+000
 -6.23214E+000 -6.14000E+000 -6.32523E+000
 -6.43214E+000 -6.34000E+000 -6.52523E+000
 -6.63214E+000 -6.54000E+000 -6.72523E+000
 -6.83214E+000 -6.74000E+000 -6.92523E+000
 -7.03214E+000 -6.94000E+000 -7.12523E+000
 -7.23214E+000 -7.14000E+000 -7.32523E+000
 -7.43214E+000 -7.34000E+000 -7.52523E+000
 -7.63214E+000 -7.54000E+000 -7.72523E+000
  CFC absorption coefficients
  5.51447E-001  9.69369E-001  9.43207E-001 -2.00000E+001  7.64593E-001
  9.46637E-001  8.78359E-001 -2.00000E+001  9.38816E-001  5.08877E-001
  7.24121E-001  6.05247E-001  5.79905E-001  6.70928E-001  8.93469E-001
  8.40485E-001  6.75932E-001  1.06062E+000  4.72756E-001 -1.59042E-001
  7.33283E-001 -2.00000E+001 -2.00000E+001 -2.00000E+001 -4.65383E-001
  7.69047E-001 -2.00000E+001  1.81101E-001
 optical property flag
    1    1    1    0    1    0    1
 number of subinterval
    2
 weight of subintervals
  4.103620000000000E-001  5.896380000000000E-001
 Line absorption
    3
  1
 -2.51893E+000 -4.03873E+000
 -2.69589E+000 -4.24678E+000
 -2.87686E+000 -4.43829E+000
 -3.06388E+000 -4.63496E+000
 -3.25618E+000 -4.83043E+000
 -3.44871E+000 -5.02770E+000
 -3.64577E+000 -5.22648E+000
 -3.84258E+000 -5.42392E+000
 -4.04247E+000 -5.62257E+000
 -4.24019E+000 -5.82098E+000
 -4.43707E+000 -6.01972E+000
 -4.63486E+000 -6.21859E+000
 -4.83154E+000 -6.41742E+000
 -5.02751E+000 -6.61647E+000
 -5.22386E+000 -6.81490E+000
 -5.41980E+000 -7.01348E+000
 -5.61554E+000 -7.21192E+000
 -5.81122E+000 -7.41025E+000
 -6.00642E+000 -7.60867E+000
 -6.20173E+000 -7.80696E+000
 -6.39592E+000 -8.00559E+000
 -6.58976E+000 -8.20386E+000
 -6.78268E+000 -8.40199E+000
 -6.97422E+000 -8.60026E+000
 -7.16523E+000 -8.79913E+000
 -7.35556E+000 -8.99805E+000
 -2.13975E+000 -3.82685E+000
 -2.32704E+000 -4.01311E+000
 -2.50001E+000 -4.20395E+000
 -2.69917E+000 -4.39912E+000
 -2.88989E+000 -4.59586E+000
 -3.08348E+000 -4.79077E+000
 -3.28270E+000 -4.99108E+000
 -3.48315E+000 -5.18920E+000
 -3.68070E+000 -5.38660E+000
 -3.87689E+000 -5.58332E+000
 -4.07426E+000 -5.78048E+000
 -4.27073E+000 -5.97882E+000
 -4.46716E+000 -6.17596E+000
 -4.66371E+000 -6.37470E+000
 -4.85941E+000 -6.57270E+000
 -5.05346E+000 -6.77050E+000
 -5.24647E+000 -6.96808E+000
 -5.43926E+000 -7.16513E+000
 -5.63135E+000 -7.36235E+000
 -5.82315E+000 -7.55930E+000
 -6.01419E+000 -7.75592E+000
 -6.20599E+000 -7.95213E+000
 -6.39720E+000 -8.14840E+000
 -6.58845E+000 -8.34452E+000
 -6.77952E+000 -8.54018E+000
 -6.96851E+000 -8.73577E+000
 -1.88313E+000 -3.42441E+000
 -2.05621E+000 -3.65030E+000
 -2.22899E+000 -3.84896E+000
 -2.41516E+000 -4.04471E+000
 -2.60149E+000 -4.24025E+000
 -2.80004E+000 -4.43414E+000
 -2.99604E+000 -4.63386E+000
 -3.19176E+000 -4.83235E+000
 -3.38698E+000 -5.03121E+000
 -3.58289E+000 -5.22960E+000
 -3.77745E+000 -5.42693E+000
 -3.97240E+000 -5.62580E+000
 -4.16664E+000 -5.82273E+000
 -4.36101E+000 -6.02066E+000
 -4.55648E+000 -6.21851E+000
 -4.75153E+000 -6.41554E+000
 -4.94486E+000 -6.61179E+000
 -5.13714E+000 -6.80830E+000
 -5.32906E+000 -7.00394E+000
 -5.51962E+000 -7.19911E+000
 -5.70961E+000 -7.39390E+000
 -5.89932E+000 -7.58830E+000
 -6.08872E+000 -7.78215E+000
 -6.27805E+000 -7.97584E+000
 -6.46635E+000 -8.16972E+000
 -6.65503E+000 -8.36419E+000
  4
 -5.76182E+000 -2.48373E+000
 -5.91916E+000 -2.59589E+000
 -6.09760E+000 -2.72399E+000
 -6.28631E+000 -2.86133E+000
 -6.48038E+000 -3.01064E+000
 -6.67956E+000 -3.18252E+000
 -6.87642E+000 -3.35890E+000
 -7.07747E+000 -3.53426E+000
 -7.27799E+000 -3.71540E+000
 -7.47877E+000 -3.90104E+000
 -7.67942E+000 -4.09050E+000
 -7.88113E+000 -4.28190E+000
 -8.07939E+000 -4.47230E+000
 -8.27954E+000 -4.66003E+000
 -8.47970E+000 -4.84780E+000
 -8.67937E+000 -5.03690E+000
 -8.87968E+000 -5.22932E+000
 -9.07893E+000 -5.41963E+000
 -9.27888E+000 -5.60893E+000
 -9.47883E+000 -5.79821E+000
 -9.67910E+000 -5.98743E+000
 -9.87911E+000 -6.17899E+000
 -1.00791E+001 -6.36852E+000
 -1.02791E+001 -6.55757E+000
 -1.04791E+001 -6.75186E+000
 -1.06791E+001 -6.94309E+000
 -4.97320E+000 -1.86498E+000
 -5.16018E+000 -1.97850E+000
 -5.34817E+000 -2.11451E+000
 -5.54177E+000 -2.26554E+000
 -5.74034E+000 -2.42206E+000
 -5.94020E+000 -2.58555E+000
 -6.14031E+000 -2.75611E+000
 -6.33398E+000 -2.92708E+000
 -6.54041E+000 -3.10382E+000
 -6.74277E+000 -3.28907E+000
 -6.94387E+000 -3.47775E+000
 -7.14418E+000 -3.66402E+000
 -7.34541E+000 -3.85421E+000
 -7.54366E+000 -4.04265E+000
 -7.74675E+000 -4.23114E+000
 -7.94473E+000 -4.41790E+000
 -8.14449E+000 -4.61518E+000
 -8.34424E+000 -4.80666E+000
 -8.54431E+000 -4.99782E+000
 -8.74434E+000 -5.18898E+000
 -8.94401E+000 -5.37940E+000
 -9.14404E+000 -5.56941E+000
 -9.34405E+000 -5.75931E+000
 -9.54404E+000 -5.95043E+000
 -9.74404E+000 -6.14220E+000
 -9.94403E+000 -6.33619E+000
 -4.50595E+000 -1.50338E+000
 -4.69638E+000 -1.60867E+000
 -4.90235E+000 -1.72551E+000
 -5.09821E+000 -1.87041E+000
 -5.29705E+000 -2.02852E+000
 -5.49839E+000 -2.20017E+000
 -5.70095E+000 -2.37692E+000
 -5.88976E+000 -2.55607E+000
 -6.09729E+000 -2.74314E+000
 -6.30506E+000 -2.93850E+000
 -6.50394E+000 -3.13767E+000
 -6.70355E+000 -3.33173E+000
 -6.90348E+000 -3.52435E+000
 -7.10730E+000 -3.72135E+000
 -7.30846E+000 -3.91508E+000
 -7.50487E+000 -4.11056E+000
 -7.70452E+000 -4.30826E+000
 -7.90331E+000 -4.50461E+000
 -8.10344E+000 -4.69941E+000
 -8.30729E+000 -4.89471E+000
 -8.50736E+000 -5.08913E+000
 -8.70739E+000 -5.28428E+000
 -8.90741E+000 -5.47962E+000
 -9.10741E+000 -5.67554E+000
 -9.30741E+000 -5.87187E+000
 -9.50741E+000 -6.06823E+000
  6
 -9.08074E-002 -6.22410E-001
 -1.73647E-001 -7.55949E-001
 -3.33840E-001 -9.21261E-001
 -4.85560E-001 -1.09546E+000
 -6.50258E-001 -1.26921E+000
 -8.19550E-001 -1.43980E+000
 -9.95839E-001 -1.61387E+000
 -1.17127E+000 -1.78952E+000
 -1.34507E+000 -1.96563E+000
 -1.51521E+000 -2.14322E+000
 -1.68303E+000 -2.32387E+000
 -1.85443E+000 -2.50358E+000
 -2.02332E+000 -2.68163E+000
 -2.19154E+000 -2.85609E+000
 -2.35973E+000 -3.03015E+000
 -2.52144E+000 -3.20195E+000
 -2.67804E+000 -3.37047E+000
 -2.82671E+000 -3.53329E+000
 -2.97219E+000 -3.69315E+000
 -3.11166E+000 -3.84692E+000
 -3.24481E+000 -3.99493E+000
 -3.37227E+000 -4.13462E+000
 -3.49448E+000 -4.26921E+000
 -3.60956E+000 -4.40011E+000
 -3.71847E+000 -4.52146E+000
 -3.81490E+000 -4.63493E+000
 -3.95274E-002 -5.30014E-001
 -1.52738E-001 -7.08176E-001
 -2.93139E-001 -8.54317E-001
 -4.41454E-001 -1.01409E+000
 -6.06211E-001 -1.17722E+000
 -7.66170E-001 -1.32591E+000
 -9.29637E-001 -1.47989E+000
 -1.08369E+000 -1.63167E+000
 -1.23602E+000 -1.79064E+000
 -1.38532E+000 -1.95552E+000
 -1.53442E+000 -2.12543E+000
 -1.68164E+000 -2.29138E+000
 -1.82714E+000 -2.45233E+000
 -1.96768E+000 -2.60968E+000
 -2.10548E+000 -2.76137E+000
 -2.23553E+000 -2.90924E+000
 -2.35271E+000 -3.04869E+000
 -2.46410E+000 -3.17845E+000
 -2.56848E+000 -3.30108E+000
 -2.66310E+000 -3.41352E+000
 -2.74953E+000 -3.51947E+000
 -2.82678E+000 -3.61706E+000
 -2.89605E+000 -3.70296E+000
 -2.95347E+000 -3.78066E+000
 -3.00023E+000 -3.85285E+000
 -3.03949E+000 -3.91549E+000
  4.12911E-003 -4.40904E-001
 -1.11165E-001 -6.20078E-001
 -2.35552E-001 -7.75952E-001
 -4.00209E-001 -9.21225E-001
 -5.52827E-001 -1.04947E+000
 -6.79021E-001 -1.17835E+000
 -8.16895E-001 -1.32013E+000
 -9.46173E-001 -1.46930E+000
 -1.07912E+000 -1.62508E+000
 -1.21553E+000 -1.78018E+000
 -1.35060E+000 -1.93378E+000
 -1.48230E+000 -2.08215E+000
 -1.60553E+000 -2.22424E+000
 -1.71988E+000 -2.35598E+000
 -1.82670E+000 -2.47806E+000
 -1.92550E+000 -2.59312E+000
 -2.01128E+000 -2.69849E+000
 -2.09130E+000 -2.79470E+000
 -2.15873E+000 -2.88001E+000
 -2.21572E+000 -2.95669E+000
 -2.26162E+000 -3.02509E+000
 -2.29900E+000 -3.08517E+000
 -2.32883E+000 -3.13592E+000
 -2.34975E+000 -3.18065E+000
 -2.36411E+000 -3.21560E+000
 -2.37195E+000 -3.24265E+000
  H2O continuum absorption
 -1.59859E+000 -1.40000E+001
 -1.79893E+000 -1.40000E+001
 -1.99893E+000 -1.40000E+001
 -2.19893E+000 -1.40000E+001
 -2.39893E+000 -1.40000E+001
 -2.59893E+000 -1.40000E+001
 -2.79893E+000 -1.40000E+001
 -2.99893E+000 -1.40000E+001
 -3.19893E+000 -1.40000E+001
 -3.39893E+000 -1.40000E+001
 -3.59893E+000 -1.40000E+001
 -3.79893E+000 -1.40000E+001
 -3.99893E+000 -1.40000E+001
 -4.19893E+000 -1.40000E+001
 -4.39893E+000 -1.40000E+001
 -4.59893E+000 -1.40000E+001
 -4.79893E+000 -1.40000E+001
 -4.99893E+000 -1.40000E+001
 -5.19893E+000 -1.40000E+001
 -5.39893E+000 -1.40000E+001
 -5.59893E+000 -1.40000E+001
 -5.79893E+000 -1.40000E+001
 -5.99893E+000 -1.40000E+001
 -6.19893E+000 -1.40000E+001
 -6.39893E+000 -1.40000E+001
 -6.59893E+000 -1.40000E+001
 -2.15813E+000 -1.40000E+001
 -2.37487E+000 -1.40000E+001
 -2.57487E+000 -1.40000E+001
 -2.77487E+000 -1.40000E+001
 -2.97487E+000 -1.40000E+001
 -3.17487E+000 -1.40000E+001
 -3.37487E+000 -1.40000E+001
 -3.57487E+000 -1.40000E+001
 -3.77487E+000 -1.40000E+001
 -3.97487E+000 -1.40000E+001
 -4.17487E+000 -1.40000E+001
 -4.37487E+000 -1.40000E+001
 -4.57487E+000 -1.40000E+001
 -4.77487E+000 -1.40000E+001
 -4.97487E+000 -1.40000E+001
 -5.17487E+000 -1.40000E+001
 -5.37487E+000 -1.40000E+001
 -5.57487E+000 -1.40000E+001
 -5.77487E+000 -1.40000E+001
 -5.97487E+000 -1.40000E+001
 -6.17487E+000 -1.40000E+001
 -6.37487E+000 -1.40000E+001
 -6.57487E+000 -1.40000E+001
 -6.77487E+000 -1.40000E+001
 -6.97487E+000 -1.40000E+001
 -7.17487E+000 -1.40000E+001
 -2.71589E+000 -1.40000E+001
 -2.91742E+000 -1.40000E+001
 -3.11742E+000 -1.40000E+001
 -3.31742E+000 -1.40000E+001
 -3.51742E+000 -1.40000E+001
 -3.71742E+000 -1.40000E+001
 -3.91742E+000 -1.40000E+001
 -4.11742E+000 -1.40000E+001
 -4.31742E+000 -1.40000E+001
 -4.51742E+000 -1.40000E+001
 -4.71742E+000 -1.40000E+001
 -4.91742E+000 -1.40000E+001
 -5.11742E+000 -1.40000E+001
 -5.31742E+000 -1.40000E+001
 -5.51742E+000 -1.40000E+001
 -5.71742E+000 -1.40000E+001
 -5.91742E+000 -1.40000E+001
 -6.11742E+000 -1.40000E+001
 -6.31742E+000 -1.40000E+001
 -6.51742E+000 -1.40000E+001
 -6.71742E+000 -1.40000E+001
 -6.91742E+000 -1.40000E+001
 -7.11742E+000 -1.40000E+001
 -7.31742E+000 -1.40000E+001
 -7.51742E+000 -1.40000E+001
 -7.71742E+000 -1.40000E+001
  CFC absorption coefficients
 -2.00000E+001 -6.77713E-001  1.07838E+000  1.55815E+000  5.89293E-001
  8.73394E-001  1.01963E+000 -2.00000E+001  1.30360E-001  9.85353E-001
  1.00028E+000 -3.84860E-001  8.01659E-001  1.16790E+000  8.67597E-001
 -5.42947E-001  1.16952E+000  1.54421E-001  1.20975E+000  1.13063E+000
 -2.56494E-001 -2.00000E+001  6.01685E-001 -2.00000E+001  8.71470E-001
  1.34103E+000 -2.00000E+001  1.06889E+000
 optical property flag
    1    1    1    0    1    0    1
 number of subinterval
    1
 weight of subintervals
  1.000000000000000E+000
 Line absorption
    1
  1
 -1.36088E+000
 -1.55512E+000
 -1.75233E+000
 -1.94709E+000
 -2.14607E+000
 -2.34274E+000
 -2.54165E+000
 -2.74069E+000
 -2.93860E+000
 -3.13726E+000
 -3.33620E+000
 -3.53512E+000
 -3.73402E+000
 -3.93271E+000
 -4.13130E+000
 -4.33005E+000
 -4.52824E+000
 -4.72601E+000
 -4.92333E+000
 -5.12049E+000
 -5.31759E+000
 -5.51466E+000
 -5.71153E+000
 -5.90798E+000
 -6.10460E+000
 -6.30067E+000
 -1.34680E+000
 -1.55062E+000
 -1.74608E+000
 -1.94129E+000
 -2.13876E+000
 -2.33460E+000
 -2.53341E+000
 -2.73208E+000
 -2.93065E+000
 -3.12932E+000
 -3.32713E+000
 -3.52614E+000
 -3.72420E+000
 -3.92228E+000
 -4.11990E+000
 -4.31824E+000
 -4.51623E+000
 -4.71395E+000
 -4.91150E+000
 -5.10869E+000
 -5.30602E+000
 -5.50326E+000
 -5.70036E+000
 -5.89773E+000
 -6.09493E+000
 -6.29232E+000
 -1.36829E+000
 -1.56772E+000
 -1.76093E+000
 -1.95883E+000
 -2.15599E+000
 -2.35398E+000
 -2.55219E+000
 -2.75005E+000
 -2.94733E+000
 -3.14511E+000
 -3.34323E+000
 -3.54108E+000
 -3.73899E+000
 -3.93671E+000
 -4.13427E+000
 -4.33137E+000
 -4.52875E+000
 -4.72619E+000
 -4.92370E+000
 -5.12132E+000
 -5.31886E+000
 -5.51607E+000
 -5.71322E+000
 -5.91030E+000
 -6.10716E+000
 -6.30388E+000
  H2O continuum absorption
 -1.40000E+001
 -1.40000E+001
 -1.40000E+001
 -1.40000E+001
 -1.40000E+001
 -1.40000E+001
 -1.40000E+001
 -1.40000E+001
 -1.40000E+001
 -1.40000E+001
 -1.40000E+001
 -1.40000E+001
 -1.40000E+001
 -1.40000E+001
 -1.40000E+001
 -1.40000E+001
 -1.40000E+001
 -1.40000E+001
 -1.40000E+001
 -1.40000E+001
 -1.40000E+001
 -1.40000E+001
 -1.40000E+001
 -1.40000E+001
 -1.40000E+001
 -1.40000E+001
 -1.40000E+001
 -1.40000E+001
 -1.40000E+001
 -1.40000E+001
 -1.40000E+001
 -1.40000E+001
 -1.40000E+001
 -1.40000E+001
 -1.40000E+001
 -1.40000E+001
 -1.40000E+001
 -1.40000E+001
 -1.40000E+001
 -1.40000E+001
 -1.40000E+001
 -1.40000E+001
 -1.40000E+001
 -1.40000E+001
 -1.40000E+001
 -1.40000E+001
 -1.40000E+001
 -1.40000E+001
 -1.40000E+001
 -1.40000E+001
 -1.40000E+001
 -1.40000E+001
 -1.40000E+001
 -1.40000E+001
 -1.40000E+001
 -1.40000E+001
 -1.40000E+001
 -1.40000E+001
 -1.40000E+001
 -1.40000E+001
 -1.40000E+001
 -1.40000E+001
 -1.40000E+001
 -1.40000E+001
 -1.40000E+001
 -1.40000E+001
 -1.40000E+001
 -1.40000E+001
 -1.40000E+001
 -1.40000E+001
 -1.40000E+001
 -1.40000E+001
 -1.40000E+001
 -1.40000E+001
 -1.40000E+001
 -1.40000E+001
 -1.40000E+001
 -1.40000E+001
  CFC absorption coefficients
 -2.00000E+001 -2.00000E+001 -2.00000E+001 -2.00000E+001 -2.00000E+001
 -2.00000E+001 -2.00000E+001 -2.00000E+001 -2.00000E+001 -1.81317E+000
 -1.16939E+000 -9.48010E-001 -4.87541E-001 -1.92409E+000 -2.00000E+001
 -7.38554E-001 -1.13835E+000 -1.05594E+000  1.25113E-001  7.58892E-002
 -6.86006E-002 -2.00000E+001  3.03674E-001 -2.00000E+001 -2.00000E+001
 -2.00000E+001 -2.00000E+001 -8.48278E-001
 optical property flag
    1    1    1    0    1    0    0
 number of subinterval
    1
 weight of subintervals
  1.000000000000000E+000
 Line absorption
    3
  1
 -4.40034E+000
 -4.59161E+000
 -4.77102E+000
 -4.94557E+000
 -5.11950E+000
 -5.30404E+000
 -5.49012E+000
 -5.67712E+000
 -5.86556E+000
 -6.05890E+000
 -6.25553E+000
 -6.45224E+000
 -6.64926E+000
 -6.84580E+000
 -7.04294E+000
 -7.23959E+000
 -7.43640E+000
 -7.63296E+000
 -7.82953E+000
 -8.02639E+000
 -8.22320E+000
 -8.41994E+000
 -8.61589E+000
 -8.81184E+000
 -9.00825E+000
 -9.20460E+000
 -4.03934E+000
 -4.17829E+000
 -4.31633E+000
 -4.47102E+000
 -4.65049E+000
 -4.83209E+000
 -5.01812E+000
 -5.20572E+000
 -5.39838E+000
 -5.59343E+000
 -5.78852E+000
 -5.98425E+000
 -6.18107E+000
 -6.37813E+000
 -6.57469E+000
 -6.77200E+000
 -6.96840E+000
 -7.16484E+000
 -7.36199E+000
 -7.55904E+000
 -7.75613E+000
 -7.95344E+000
 -8.15034E+000
 -8.34721E+000
 -8.54379E+000
 -8.74050E+000
 -3.62069E+000
 -3.76674E+000
 -3.92884E+000
 -4.10011E+000
 -4.27600E+000
 -4.46137E+000
 -4.64607E+000
 -4.83524E+000
 -5.02717E+000
 -5.22055E+000
 -5.41712E+000
 -5.61288E+000
 -5.80946E+000
 -6.00604E+000
 -6.20437E+000
 -6.40109E+000
 -6.59694E+000
 -6.79374E+000
 -6.99009E+000
 -7.18652E+000
 -7.38251E+000
 -7.57778E+000
 -7.77299E+000
 -7.96740E+000
 -8.16209E+000
 -8.35674E+000
  2
 -2.62369E+000
 -2.77734E+000
 -2.94191E+000
 -3.10616E+000
 -3.26018E+000
 -3.42375E+000
 -3.58960E+000
 -3.75853E+000
 -3.93337E+000
 -4.10790E+000
 -4.28445E+000
 -4.45875E+000
 -4.63044E+000
 -4.80880E+000
 -4.97728E+000
 -5.14516E+000
 -5.30978E+000
 -5.46893E+000
 -5.62227E+000
 -5.76699E+000
 -5.90692E+000
 -6.04610E+000
 -6.17707E+000
 -6.30934E+000
 -6.43498E+000
 -6.56264E+000
 -2.54201E+000
 -2.67771E+000
 -2.81062E+000
 -2.93795E+000
 -3.06562E+000
 -3.19407E+000
 -3.33967E+000
 -3.48240E+000
 -3.62699E+000
 -3.77573E+000
 -3.93004E+000
 -4.08070E+000
 -4.21766E+000
 -4.35780E+000
 -4.49188E+000
 -4.61770E+000
 -4.73166E+000
 -4.84078E+000
 -4.95314E+000
 -5.05600E+000
 -5.15967E+000
 -5.26558E+000
 -5.37878E+000
 -5.49857E+000
 -5.61260E+000
 -5.72913E+000
 -2.34151E+000
 -2.44503E+000
 -2.52527E+000
 -2.61904E+000
 -2.73168E+000
 -2.84773E+000
 -2.97000E+000
 -3.10311E+000
 -3.23968E+000
 -3.37446E+000
 -3.51061E+000
 -3.64177E+000
 -3.76266E+000
 -3.88065E+000
 -3.98880E+000
 -4.09767E+000
 -4.20398E+000
 -4.31181E+000
 -4.41075E+000
 -4.50690E+000
 -4.59823E+000
 -4.69636E+000
 -4.79707E+000
 -4.89456E+000
 -4.99195E+000
 -5.08982E+000
  3
 -3.56250E-001
 -4.03753E-001
 -4.60145E-001
 -5.24293E-001
 -6.03374E-001
 -7.02925E-001
 -8.06793E-001
 -9.16577E-001
 -1.02409E+000
 -1.12996E+000
 -1.23761E+000
 -1.34110E+000
 -1.43267E+000
 -1.52018E+000
 -1.59965E+000
 -1.66921E+000
 -1.72516E+000
 -1.77557E+000
 -1.81311E+000
 -1.84136E+000
 -1.85890E+000
 -1.87107E+000
 -1.87784E+000
 -1.88246E+000
 -1.88551E+000
 -1.88700E+000
 -3.54041E-001
 -3.88476E-001
 -4.31826E-001
 -4.90743E-001
 -5.66508E-001
 -6.51621E-001
 -7.49330E-001
 -8.49637E-001
 -9.46459E-001
 -1.03904E+000
 -1.12692E+000
 -1.19542E+000
 -1.25484E+000
 -1.30785E+000
 -1.35415E+000
 -1.39125E+000
 -1.42067E+000
 -1.43717E+000
 -1.44831E+000
 -1.45485E+000
 -1.45898E+000
 -1.46166E+000
 -1.46328E+000
 -1.46429E+000
 -1.46516E+000
 -1.46562E+000
 -3.63417E-001
 -3.92605E-001
 -4.26092E-001
 -4.76867E-001
 -5.39812E-001
 -6.18646E-001
 -6.97591E-001
 -7.83874E-001
 -8.67614E-001
 -9.36675E-001
 -9.93210E-001
 -1.04294E+000
 -1.08469E+000
 -1.12236E+000
 -1.14792E+000
 -1.16498E+000
 -1.17524E+000
 -1.18457E+000
 -1.18895E+000
 -1.19172E+000
 -1.19339E+000
 -1.19428E+000
 -1.19502E+000
 -1.19538E+000
 -1.19581E+000
 -1.19590E+000
  H2O continuum absorption
 -1.40000E+001
 -1.40000E+001
 -1.40000E+001
 -1.40000E+001
 -1.40000E+001
 -1.40000E+001
 -1.40000E+001
 -1.40000E+001
 -1.40000E+001
 -1.40000E+001
 -1.40000E+001
 -1.40000E+001
 -1.40000E+001
 -1.40000E+001
 -1.40000E+001
 -1.40000E+001
 -1.40000E+001
 -1.40000E+001
 -1.40000E+001
 -1.40000E+001
 -1.40000E+001
 -1.40000E+001
 -1.40000E+001
 -1.40000E+001
 -1.40000E+001
 -1.40000E+001
 -1.40000E+001
 -1.40000E+001
 -1.40000E+001
 -1.40000E+001
 -1.40000E+001
 -1.40000E+001
 -1.40000E+001
 -1.40000E+001
 -1.40000E+001
 -1.40000E+001
 -1.40000E+001
 -1.40000E+001
 -1.40000E+001
 -1.40000E+001
 -1.40000E+001
 -1.40000E+001
 -1.40000E+001
 -1.40000E+001
 -1.40000E+001
 -1.40000E+001
 -1.40000E+001
 -1.40000E+001
 -1.40000E+001
 -1.40000E+001
 -1.40000E+001
 -1.40000E+001
 -1.40000E+001
 -1.40000E+001
 -1.40000E+001
 -1.40000E+001
 -1.40000E+001
 -1.40000E+001
 -1.40000E+001
 -1.40000E+001
 -1.40000E+001
 -1.40000E+001
 -1.40000E+001
 -1.40000E+001
 -1.40000E+001
 -1.40000E+001
 -1.40000E+001
 -1.40000E+001
 -1.40000E+001
 -1.40000E+001
 -1.40000E+001
 -1.40000E+001
 -1.40000E+001
 -1.40000E+001
 -1.40000E+001
 -1.40000E+001
 -1.40000E+001
 -1.40000E+001
 optical property flag
    1    1    0    1    1    0    0
 number of subinterval
    4
 weight of subintervals
  0.000000000000000E+000  5.606510000000000E-001  9.384000000000000E-003
  4.299650000000000E-001
 Line absorption
    3
  1
 -6.65891E+000 -3.50259E+000  1.02039E+000 -5.89877E+000
 -6.86367E+000 -3.68117E+000  1.07257E+000 -6.09277E+000
 -7.06260E+000 -3.85734E+000  1.12634E+000 -6.28456E+000
 -7.26163E+000 -4.03978E+000  1.14201E+000 -6.48005E+000
 -7.46050E+000 -4.22593E+000  1.14364E+000 -6.67657E+000
 -7.66013E+000 -4.41590E+000  1.12168E+000 -6.87437E+000
 -7.85815E+000 -4.60652E+000  1.07937E+000 -7.07166E+000
 -8.05814E+000 -4.79933E+000  1.03474E+000 -7.27046E+000
 -8.25787E+000 -4.99242E+000  9.94564E-001 -7.46915E+000
 -8.45770E+000 -5.18753E+000  9.48437E-001 -7.66823E+000
 -8.65690E+000 -5.38129E+000  9.10892E-001 -7.86768E+000
 -8.85724E+000 -5.57455E+000  8.76878E-001 -8.06684E+000
 -9.05667E+000 -5.76813E+000  8.59240E-001 -8.26581E+000
 -9.25727E+000 -5.96034E+000  8.39928E-001 -8.46519E+000
 -9.45678E+000 -6.15284E+000  8.30105E-001 -8.66411E+000
 -9.65629E+000 -6.34372E+000  8.28951E-001 -8.86291E+000
 -9.85632E+000 -6.53353E+000  8.24127E-001 -9.06172E+000
 -1.00561E+001 -6.72280E+000  8.21638E-001 -9.26087E+000
 -1.02562E+001 -6.91174E+000  8.18097E-001 -9.46006E+000
 -1.04561E+001 -7.09998E+000  8.16867E-001 -9.65932E+000
 -1.06560E+001 -7.28781E+000  8.15666E-001 -9.85866E+000
 -1.08559E+001 -7.47515E+000  8.14540E-001 -1.00580E+001
 -1.10557E+001 -7.66110E+000  8.14506E-001 -1.02575E+001
 -1.12556E+001 -7.84721E+000  8.14384E-001 -1.04569E+001
 -1.14555E+001 -8.03256E+000  8.14291E-001 -1.06564E+001
 -1.16554E+001 -8.21760E+000  8.14291E-001 -1.08558E+001
 -6.56922E+000 -3.35849E+000  9.87186E-001 -5.84031E+000
 -6.76606E+000 -3.52800E+000  1.05810E+000 -6.03897E+000
 -6.96908E+000 -3.70154E+000  1.11218E+000 -6.23613E+000
 -7.16920E+000 -3.87957E+000  1.14093E+000 -6.43418E+000
 -7.36929E+000 -4.06113E+000  1.14152E+000 -6.63351E+000
 -7.56778E+000 -4.24805E+000  1.12448E+000 -6.83278E+000
 -7.76738E+000 -4.43694E+000  1.09271E+000 -7.03210E+000
 -7.96733E+000 -4.62579E+000  1.05360E+000 -7.23173E+000
 -8.16750E+000 -4.81586E+000  1.02516E+000 -7.43109E+000
 -8.36660E+000 -5.00655E+000  9.99760E-001 -7.63068E+000
 -8.56659E+000 -5.19613E+000  9.80924E-001 -7.83044E+000
 -8.76633E+000 -5.38523E+000  9.66508E-001 -8.03017E+000
 -8.96623E+000 -5.57510E+000  9.52908E-001 -8.22947E+000
 -9.16556E+000 -5.76600E+000  9.47436E-001 -8.42908E+000
 -9.36560E+000 -5.95677E+000  9.45005E-001 -8.62857E+000
 -9.56544E+000 -6.14777E+000  9.43401E-001 -8.82834E+000
 -9.76506E+000 -6.33855E+000  9.41810E-001 -9.02793E+000
 -9.96490E+000 -6.52842E+000  9.40266E-001 -9.22758E+000
 -1.01649E+001 -6.71752E+000  9.39188E-001 -9.42726E+000
 -1.03648E+001 -6.90647E+000  9.37324E-001 -9.62696E+000
 -1.05646E+001 -7.09442E+000  9.37264E-001 -9.82665E+000
 -1.07645E+001 -7.28128E+000  9.37150E-001 -1.00264E+001
 -1.09643E+001 -7.46728E+000  9.37081E-001 -1.02261E+001
 -1.11642E+001 -7.65257E+000  9.37324E-001 -1.04258E+001
 -1.13641E+001 -7.83755E+000  9.37116E-001 -1.06256E+001
 -1.15640E+001 -8.02257E+000  9.37116E-001 -1.08253E+001
 -6.42243E+000 -3.21249E+000  9.68149E-001 -5.81289E+000
 -6.63261E+000 -3.37876E+000  1.04892E+000 -6.01132E+000
 -6.83680E+000 -3.54544E+000  1.10368E+000 -6.20675E+000
 -7.03577E+000 -3.72010E+000  1.13305E+000 -6.40422E+000
 -7.23545E+000 -3.89976E+000  1.13788E+000 -6.60220E+000
 -7.43610E+000 -4.08191E+000  1.13135E+000 -6.80100E+000
 -7.63495E+000 -4.26806E+000  1.10812E+000 -6.99698E+000
 -7.83470E+000 -4.45561E+000  1.07993E+000 -7.19487E+000
 -8.03359E+000 -4.64323E+000  1.05231E+000 -7.39311E+000
 -8.23316E+000 -4.83288E+000  1.03521E+000 -7.59071E+000
 -8.43290E+000 -5.02431E+000  1.02579E+000 -7.78942E+000
 -8.63332E+000 -5.21628E+000  1.01788E+000 -7.98762E+000
 -8.83213E+000 -5.41044E+000  1.01525E+000 -8.18597E+000
 -9.03166E+000 -5.60361E+000  1.01454E+000 -8.38442E+000
 -9.23059E+000 -5.79645E+000  1.01205E+000 -8.58346E+000
 -9.43088E+000 -5.98915E+000  1.01313E+000 -8.78220E+000
 -9.63157E+000 -6.18212E+000  1.01255E+000 -8.98064E+000
 -9.83132E+000 -6.37326E+000  1.01150E+000 -9.17958E+000
 -1.00311E+001 -6.56382E+000  1.01138E+000 -9.37850E+000
 -1.02309E+001 -6.75304E+000  1.01104E+000 -9.57751E+000
 -1.04307E+001 -6.94150E+000  1.01117E+000 -9.77648E+000
 -1.06306E+001 -7.12825E+000  1.01106E+000 -9.97551E+000
 -1.08307E+001 -7.31416E+000  1.01084E+000 -1.01747E+001
 -1.10306E+001 -7.49926E+000  1.01084E+000 -1.03736E+001
 -1.12303E+001 -7.68366E+000  1.01076E+000 -1.05725E+001
 -1.14301E+001 -7.86648E+000  1.01076E+000 -1.07716E+001
  2
 -1.03089E+001 -1.08998E+001 -6.22390E+000 -9.24344E+000
 -1.05166E+001 -1.10999E+001 -6.33592E+000 -9.45031E+000
 -1.07165E+001 -1.12999E+001 -6.49193E+000 -9.65151E+000
 -1.09165E+001 -1.14999E+001 -6.66536E+000 -9.85315E+000
 -1.11170E+001 -1.40000E+001 -6.84649E+000 -1.00520E+001
 -1.13170E+001 -1.40000E+001 -7.03652E+000 -1.02539E+001
 -1.15170E+001 -1.40000E+001 -7.23192E+000 -1.04537E+001
 -1.17174E+001 -1.40000E+001 -7.42881E+000 -1.06544E+001
 -1.19175E+001 -1.40000E+001 -7.62756E+000 -1.08538E+001
 -1.21182E+001 -1.40000E+001 -7.82554E+000 -1.10554E+001
 -1.23178E+001 -1.40000E+001 -8.02203E+000 -1.12541E+001
 -1.25179E+001 -1.40000E+001 -8.21679E+000 -1.14556E+001
 -1.27176E+001 -1.40000E+001 -8.41336E+000 -1.16550E+001
 -1.29177E+001 -1.40000E+001 -8.61018E+000 -1.18548E+001
 -1.31178E+001 -1.40000E+001 -8.80980E+000 -1.20543E+001
 -1.33181E+001 -1.40000E+001 -9.00870E+000 -1.22550E+001
 -1.35173E+001 -1.40000E+001 -9.20716E+000 -1.24545E+001
 -1.37173E+001 -1.40000E+001 -9.40649E+000 -1.26546E+001
 -1.39172E+001 -1.40000E+001 -9.60592E+000 -1.28544E+001
 -1.40000E+001 -1.40000E+001 -9.80557E+000 -1.30544E+001
 -1.40000E+001 -1.40000E+001 -1.00055E+001 -1.32544E+001
 -1.40000E+001 -1.40000E+001 -1.02052E+001 -1.34544E+001
 -1.40000E+001 -1.40000E+001 -1.04046E+001 -1.36545E+001
 -1.40000E+001 -1.40000E+001 -1.06044E+001 -1.38547E+001
 -1.40000E+001 -1.40000E+001 -1.08042E+001 -1.40000E+001
 -1.40000E+001 -1.40000E+001 -1.10040E+001 -1.40000E+001
 -1.04222E+001 -1.09999E+001 -6.06232E+000 -9.30772E+000
 -1.06261E+001 -1.12198E+001 -6.18309E+000 -9.51455E+000
 -1.08260E+001 -1.14198E+001 -6.33186E+000 -9.71435E+000
 -1.10260E+001 -1.16198E+001 -6.50780E+000 -9.91409E+000
 -1.12268E+001 -1.40000E+001 -6.69660E+000 -1.01148E+001
 -1.14274E+001 -1.40000E+001 -6.89491E+000 -1.03153E+001
 -1.16269E+001 -1.40000E+001 -7.09161E+000 -1.05149E+001
 -1.18282E+001 -1.40000E+001 -7.29129E+000 -1.07158E+001
 -1.20277E+001 -1.40000E+001 -7.49136E+000 -1.09155E+001
 -1.22271E+001 -1.40000E+001 -7.68762E+000 -1.11150E+001
 -1.24276E+001 -1.40000E+001 -7.88107E+000 -1.13153E+001
 -1.26271E+001 -1.40000E+001 -8.07466E+000 -1.15150E+001
 -1.28277E+001 -1.40000E+001 -8.27120E+000 -1.17154E+001
 -1.30275E+001 -1.40000E+001 -8.46998E+000 -1.19153E+001
 -1.32274E+001 -1.40000E+001 -8.66885E+000 -1.21152E+001
 -1.34274E+001 -1.40000E+001 -8.86820E+000 -1.23152E+001
 -1.36275E+001 -1.40000E+001 -9.06834E+000 -1.25153E+001
 -1.38273E+001 -1.40000E+001 -9.26816E+000 -1.27151E+001
 -1.40000E+001 -1.40000E+001 -9.46722E+000 -1.29152E+001
 -1.40000E+001 -1.40000E+001 -9.66687E+000 -1.31150E+001
 -1.40000E+001 -1.40000E+001 -9.86722E+000 -1.33150E+001
 -1.40000E+001 -1.40000E+001 -1.00672E+001 -1.35148E+001
 -1.40000E+001 -1.40000E+001 -1.02671E+001 -1.37148E+001
 -1.40000E+001 -1.40000E+001 -1.04670E+001 -1.39148E+001
 -1.40000E+001 -1.40000E+001 -1.06670E+001 -1.40000E+001
 -1.40000E+001 -1.40000E+001 -1.08670E+001 -1.40000E+001
 -1.05087E+001 -1.10999E+001 -5.89157E+000 -9.37395E+000
 -1.07158E+001 -1.12999E+001 -6.01138E+000 -9.57857E+000
 -1.09158E+001 -1.14999E+001 -6.16141E+000 -9.77888E+000
 -1.11169E+001 -1.40000E+001 -6.34401E+000 -9.97938E+000
 -1.13165E+001 -1.40000E+001 -6.53880E+000 -1.01793E+001
 -1.15181E+001 -1.40000E+001 -6.73551E+000 -1.03800E+001
 -1.17175E+001 -1.40000E+001 -6.93385E+000 -1.05798E+001
 -1.19192E+001 -1.40000E+001 -7.13230E+000 -1.07806E+001
 -1.21177E+001 -1.40000E+001 -7.32907E+000 -1.09799E+001
 -1.23177E+001 -1.40000E+001 -7.51957E+000 -1.11799E+001
 -1.25185E+001 -1.40000E+001 -7.71259E+000 -1.13803E+001
 -1.27184E+001 -1.40000E+001 -7.90587E+000 -1.15802E+001
 -1.29176E+001 -1.40000E+001 -8.10178E+000 -1.17797E+001
 -1.31181E+001 -1.40000E+001 -8.30167E+000 -1.19800E+001
 -1.33170E+001 -1.40000E+001 -8.49822E+000 -1.21794E+001
 -1.35167E+001 -1.40000E+001 -8.69704E+000 -1.23793E+001
 -1.37170E+001 -1.40000E+001 -8.89697E+000 -1.25794E+001
 -1.39169E+001 -1.40000E+001 -9.09542E+000 -1.27794E+001
 -1.40000E+001 -1.40000E+001 -9.29458E+000 -1.29793E+001
 -1.40000E+001 -1.40000E+001 -9.49416E+000 -1.31793E+001
 -1.40000E+001 -1.40000E+001 -9.69385E+000 -1.33793E+001
 -1.40000E+001 -1.40000E+001 -9.89386E+000 -1.35793E+001
 -1.40000E+001 -1.40000E+001 -1.00938E+001 -1.37793E+001
 -1.40000E+001 -1.40000E+001 -1.02937E+001 -1.39793E+001
 -1.40000E+001 -1.40000E+001 -1.04936E+001 -1.40000E+001
 -1.40000E+001 -1.40000E+001 -1.06936E+001 -1.40000E+001
  6
 -2.76973E+000 -2.77195E-001 -2.94700E+000 -6.26473E+000
 -2.86445E+000 -3.46037E-001 -3.04940E+000 -6.43627E+000
 -2.97635E+000 -3.75935E-001 -3.17029E+000 -6.58611E+000
 -3.10386E+000 -4.11339E-001 -3.30564E+000 -6.75400E+000
 -3.24395E+000 -4.55313E-001 -3.44882E+000 -6.92807E+000
 -3.39172E+000 -5.07687E-001 -3.59510E+000 -7.11072E+000
 -3.54137E+000 -5.67647E-001 -3.74624E+000 -7.29615E+000
 -3.69386E+000 -6.33244E-001 -3.90143E+000 -7.48482E+000
 -3.84696E+000 -6.91235E-001 -4.05847E+000 -7.67797E+000
 -4.00007E+000 -7.48880E-001 -4.21561E+000 -7.87579E+000
 -4.15294E+000 -7.98649E-001 -4.37655E+000 -8.06978E+000
 -4.30721E+000 -8.41669E-001 -4.53889E+000 -8.26748E+000
 -4.46150E+000 -8.76020E-001 -4.69979E+000 -8.46432E+000
 -4.61318E+000 -9.03535E-001 -4.85854E+000 -8.66160E+000
 -4.76164E+000 -9.27095E-001 -5.01515E+000 -8.85950E+000
 -4.90452E+000 -9.45066E-001 -5.16826E+000 -9.05612E+000
 -5.04437E+000 -9.58293E-001 -5.31978E+000 -9.25327E+000
 -5.18105E+000 -9.68917E-001 -5.46760E+000 -9.44941E+000
 -5.31266E+000 -9.76041E-001 -5.61155E+000 -9.64613E+000
 -5.43915E+000 -9.80151E-001 -5.75009E+000 -9.84274E+000
 -5.56214E+000 -9.82389E-001 -5.88310E+000 -1.00399E+001
 -5.68199E+000 -9.83942E-001 -6.01317E+000 -1.02372E+001
 -5.79494E+000 -9.84846E-001 -6.13832E+000 -1.04345E+001
 -5.90298E+000 -9.85236E-001 -6.25812E+000 -1.06320E+001
 -6.00257E+000 -9.85518E-001 -6.37397E+000 -1.08298E+001
 -6.09554E+000 -9.85700E-001 -6.48771E+000 -1.10276E+001
 -2.73293E+000 -2.85152E-001 -2.90961E+000 -5.83974E+000
 -2.82643E+000 -3.35059E-001 -3.01861E+000 -6.00258E+000
 -2.93545E+000 -3.49709E-001 -3.13614E+000 -6.15760E+000
 -3.06069E+000 -3.82391E-001 -3.26693E+000 -6.31935E+000
 -3.19312E+000 -4.26885E-001 -3.40284E+000 -6.50163E+000
 -3.33053E+000 -4.74381E-001 -3.54068E+000 -6.68858E+000
 -3.47166E+000 -5.26730E-001 -3.68433E+000 -6.88767E+000
 -3.61249E+000 -5.78034E-001 -3.82748E+000 -7.08681E+000
 -3.75302E+000 -6.26116E-001 -3.97094E+000 -7.28608E+000
 -3.89283E+000 -6.71469E-001 -4.11338E+000 -7.48571E+000
 -4.02796E+000 -7.08174E-001 -4.25650E+000 -7.68562E+000
 -4.15919E+000 -7.39442E-001 -4.40024E+000 -7.88413E+000
 -4.28757E+000 -7.66650E-001 -4.54173E+000 -8.08357E+000
 -4.41408E+000 -7.88421E-001 -4.68080E+000 -8.28304E+000
 -4.53371E+000 -8.04207E-001 -4.81403E+000 -8.48257E+000
 -4.65161E+000 -8.16368E-001 -4.94257E+000 -8.68141E+000
 -4.76421E+000 -8.25362E-001 -5.06562E+000 -8.87989E+000
 -4.87300E+000 -8.30337E-001 -5.18111E+000 -9.07864E+000
 -4.97519E+000 -8.32979E-001 -5.29086E+000 -9.27726E+000
 -5.06826E+000 -8.34855E-001 -5.39631E+000 -9.47626E+000
 -5.15316E+000 -8.35852E-001 -5.49630E+000 -9.67513E+000
 -5.22722E+000 -8.36511E-001 -5.59305E+000 -9.87401E+000
 -5.29175E+000 -8.36906E-001 -5.68117E+000 -1.00729E+001
 -5.34583E+000 -8.37004E-001 -5.76021E+000 -1.02720E+001
 -5.38972E+000 -8.37228E-001 -5.82883E+000 -1.04711E+001
 -5.42459E+000 -8.37299E-001 -5.88872E+000 -1.06704E+001
 -2.69447E+000 -2.48732E-001 -2.87774E+000 -5.58590E+000
 -2.78456E+000 -3.10720E-001 -2.97746E+000 -5.74041E+000
 -2.88984E+000 -3.31782E-001 -3.09162E+000 -5.90175E+000
 -3.00616E+000 -3.54354E-001 -3.21689E+000 -6.08779E+000
 -3.13188E+000 -3.91487E-001 -3.34721E+000 -6.28031E+000
 -3.26276E+000 -4.34530E-001 -3.48032E+000 -6.47489E+000
 -3.39526E+000 -4.80257E-001 -3.61412E+000 -6.67593E+000
 -3.52978E+000 -5.19834E-001 -3.75004E+000 -6.87456E+000
 -3.66131E+000 -5.60187E-001 -3.88541E+000 -7.07336E+000
 -3.78760E+000 -5.94384E-001 -4.01620E+000 -7.27406E+000
 -3.90927E+000 -6.22975E-001 -4.14329E+000 -7.47304E+000
 -4.02309E+000 -6.45502E-001 -4.26571E+000 -7.67434E+000
 -4.13124E+000 -6.64336E-001 -4.38617E+000 -7.87215E+000
 -4.23239E+000 -6.78726E-001 -4.50257E+000 -8.07226E+000
 -4.33018E+000 -6.90162E-001 -4.61206E+000 -8.27176E+000
 -4.42403E+000 -6.97113E-001 -4.71533E+000 -8.47130E+000
 -4.51149E+000 -7.00961E-001 -4.81286E+000 -8.67163E+000
 -4.58992E+000 -7.03637E-001 -4.90541E+000 -8.87120E+000
 -4.65808E+000 -7.04664E-001 -4.99161E+000 -9.07087E+000
 -4.71555E+000 -7.05494E-001 -5.06982E+000 -9.27032E+000
 -4.76419E+000 -7.05990E-001 -5.13795E+000 -9.46977E+000
 -4.80329E+000 -7.06361E-001 -5.19703E+000 -9.66926E+000
 -4.83327E+000 -7.06601E-001 -5.24535E+000 -9.86885E+000
 -4.85510E+000 -7.06719E-001 -5.28592E+000 -1.00685E+001
 -4.87091E+000 -7.06722E-001 -5.31775E+000 -1.02683E+001
 -4.88190E+000 -7.06750E-001 -5.34215E+000 -1.04680E+001
  H2O continuum absorption
 -2.89074E-001 -1.80804E+000 -2.31243E+000 -3.24980E+000
 -4.94984E-001 -2.01387E+000 -2.51863E+000 -3.45663E+000
 -6.94984E-001 -2.21387E+000 -2.71863E+000 -3.65663E+000
 -8.94984E-001 -2.41387E+000 -2.91863E+000 -3.85663E+000
 -1.09498E+000 -2.61387E+000 -3.11863E+000 -4.05663E+000
 -1.29498E+000 -2.81387E+000 -3.31863E+000 -4.25663E+000
 -1.49498E+000 -3.01387E+000 -3.51863E+000 -4.45663E+000
 -1.69498E+000 -3.21387E+000 -3.71863E+000 -4.65663E+000
 -1.89498E+000 -3.41387E+000 -3.91863E+000 -4.85663E+000
 -2.09498E+000 -3.61387E+000 -4.11863E+000 -5.05663E+000
 -2.29498E+000 -3.81387E+000 -4.31863E+000 -5.25663E+000
 -2.49498E+000 -4.01387E+000 -4.51863E+000 -5.45663E+000
 -2.69498E+000 -4.21387E+000 -4.71863E+000 -5.65663E+000
 -2.89498E+000 -4.41387E+000 -4.91863E+000 -5.85663E+000
 -3.09498E+000 -4.61387E+000 -5.11863E+000 -6.05663E+000
 -3.29498E+000 -4.81387E+000 -5.31863E+000 -6.25663E+000
 -3.49498E+000 -5.01387E+000 -5.51863E+000 -6.45663E+000
 -3.69498E+000 -5.21387E+000 -5.71863E+000 -6.65663E+000
 -3.89498E+000 -5.41387E+000 -5.91863E+000 -6.85663E+000
 -4.09498E+000 -5.61387E+000 -6.11863E+000 -7.05663E+000
 -4.29498E+000 -5.81387E+000 -6.31863E+000 -7.25663E+000
 -4.49498E+000 -6.01387E+000 -6.51863E+000 -7.45663E+000
 -4.69498E+000 -6.21387E+000 -6.71863E+000 -7.65663E+000
 -4.89498E+000 -6.41387E+000 -6.91863E+000 -7.85663E+000
 -5.09498E+000 -6.61387E+000 -7.11863E+000 -8.05663E+000
 -5.29498E+000 -6.81387E+000 -7.31863E+000 -8.25663E+000
 -7.24601E-001 -2.18232E+000 -2.74110E+000 -3.92393E+000
 -9.29216E-001 -2.38712E+000 -2.94402E+000 -4.12838E+000
 -1.12922E+000 -2.58712E+000 -3.14402E+000 -4.32838E+000
 -1.32922E+000 -2.78712E+000 -3.34402E+000 -4.52838E+000
 -1.52922E+000 -2.98712E+000 -3.54402E+000 -4.72838E+000
 -1.72922E+000 -3.18712E+000 -3.74402E+000 -4.92838E+000
 -1.92922E+000 -3.38712E+000 -3.94402E+000 -5.12838E+000
 -2.12922E+000 -3.58712E+000 -4.14402E+000 -5.32838E+000
 -2.32922E+000 -3.78712E+000 -4.34402E+000 -5.52838E+000
 -2.52922E+000 -3.98712E+000 -4.54402E+000 -5.72838E+000
 -2.72922E+000 -4.18712E+000 -4.74402E+000 -5.92838E+000
 -2.92922E+000 -4.38712E+000 -4.94402E+000 -6.12838E+000
 -3.12922E+000 -4.58712E+000 -5.14402E+000 -6.32838E+000
 -3.32922E+000 -4.78712E+000 -5.34402E+000 -6.52838E+000
 -3.52922E+000 -4.98712E+000 -5.54402E+000 -6.72838E+000
 -3.72922E+000 -5.18712E+000 -5.74402E+000 -6.92838E+000
 -3.92922E+000 -5.38712E+000 -5.94402E+000 -7.12838E+000
 -4.12922E+000 -5.58712E+000 -6.14402E+000 -7.32838E+000
 -4.32922E+000 -5.78712E+000 -6.34402E+000 -7.52838E+000
 -4.52922E+000 -5.98712E+000 -6.54402E+000 -7.72838E+000
 -4.72922E+000 -6.18712E+000 -6.74402E+000 -7.92838E+000
 -4.92922E+000 -6.38712E+000 -6.94402E+000 -8.12838E+000
 -5.12922E+000 -6.58712E+000 -7.14402E+000 -8.32838E+000
 -5.32922E+000 -6.78712E+000 -7.34402E+000 -8.52838E+000
 -5.52922E+000 -6.98712E+000 -7.54402E+000 -8.72838E+000
 -5.72922E+000 -7.18712E+000 -7.74402E+000 -8.92838E+000
 -1.13881E+000 -2.51953E+000 -3.16634E+000 -4.65569E+000
 -1.34374E+000 -2.72828E+000 -3.37016E+000 -4.86239E+000
 -1.54374E+000 -2.92828E+000 -3.57016E+000 -5.06239E+000
 -1.74374E+000 -3.12828E+000 -3.77016E+000 -5.26239E+000
 -1.94374E+000 -3.32828E+000 -3.97016E+000 -5.46239E+000
 -2.14374E+000 -3.52828E+000 -4.17016E+000 -5.66239E+000
 -2.34374E+000 -3.72828E+000 -4.37016E+000 -5.86239E+000
 -2.54374E+000 -3.92828E+000 -4.57016E+000 -6.06239E+000
 -2.74374E+000 -4.12828E+000 -4.77016E+000 -6.26239E+000
 -2.94374E+000 -4.32828E+000 -4.97016E+000 -6.46239E+000
 -3.14374E+000 -4.52828E+000 -5.17016E+000 -6.66239E+000
 -3.34374E+000 -4.72828E+000 -5.37016E+000 -6.86239E+000
 -3.54374E+000 -4.92828E+000 -5.57016E+000 -7.06239E+000
 -3.74374E+000 -5.12828E+000 -5.77016E+000 -7.26239E+000
 -3.94374E+000 -5.32828E+000 -5.97016E+000 -7.46239E+000
 -4.14374E+000 -5.52828E+000 -6.17016E+000 -7.66239E+000
 -4.34374E+000 -5.72828E+000 -6.37016E+000 -7.86239E+000
 -4.54374E+000 -5.92828E+000 -6.57016E+000 -8.06239E+000
 -4.74374E+000 -6.12828E+000 -6.77016E+000 -8.26239E+000
 -4.94374E+000 -6.32828E+000 -6.97016E+000 -8.46239E+000
 -5.14374E+000 -6.52828E+000 -7.17016E+000 -8.66239E+000
 -5.34374E+000 -6.72828E+000 -7.37016E+000 -8.86239E+000
 -5.54374E+000 -6.92828E+000 -7.57016E+000 -9.06239E+000
 -5.74374E+000 -7.12828E+000 -7.77016E+000 -9.26239E+000
 -5.94374E+000 -7.32828E+000 -7.97016E+000 -9.46239E+000
 -6.14374E+000 -7.52828E+000 -8.17016E+000 -9.66239E+000
 optical property flag
    1    1    0    1    1    0    0
 number of subinterval
    4
 weight of subintervals
  1.661920000000000E-001  1.009110000000000E-001  2.738100000000000E-002
  7.055160000000000E-001
 Line absorption
    2
  1
 -3.22914E+000 -2.29479E+000 -1.38948E+000 -4.91071E+000
 -3.37037E+000 -2.43349E+000 -1.45995E+000 -5.07610E+000
 -3.52321E+000 -2.57577E+000 -1.55023E+000 -5.24890E+000
 -3.67752E+000 -2.72205E+000 -1.66341E+000 -5.42882E+000
 -3.84019E+000 -2.87583E+000 -1.78949E+000 -5.61542E+000
 -4.01238E+000 -3.03876E+000 -1.92179E+000 -5.80632E+000
 -4.18798E+000 -3.20793E+000 -2.05517E+000 -6.00161E+000
 -4.36914E+000 -3.37739E+000 -2.18749E+000 -6.19806E+000
 -4.54969E+000 -3.54625E+000 -2.31979E+000 -6.39490E+000
 -4.73241E+000 -3.71318E+000 -2.44693E+000 -6.59132E+000
 -4.91548E+000 -3.88024E+000 -2.56531E+000 -6.78886E+000
 -5.09842E+000 -4.04041E+000 -2.67951E+000 -6.98609E+000
 -5.27930E+000 -4.20064E+000 -2.78130E+000 -7.18427E+000
 -5.46021E+000 -4.35801E+000 -2.87334E+000 -7.38197E+000
 -5.64229E+000 -4.51524E+000 -2.94667E+000 -7.57826E+000
 -5.82377E+000 -4.66699E+000 -3.01499E+000 -7.77458E+000
 -6.00449E+000 -4.81579E+000 -3.06835E+000 -7.97114E+000
 -6.18543E+000 -4.96062E+000 -3.11139E+000 -8.16597E+000
 -6.36539E+000 -5.10090E+000 -3.14227E+000 -8.36109E+000
 -6.54470E+000 -5.23873E+000 -3.16404E+000 -8.55581E+000
 -6.72225E+000 -5.37073E+000 -3.17937E+000 -8.75007E+000
 -6.90086E+000 -5.50047E+000 -3.18869E+000 -8.94416E+000
 -7.08054E+000 -5.62503E+000 -3.19535E+000 -9.13835E+000
 -7.25811E+000 -5.74638E+000 -3.19821E+000 -9.33317E+000
 -7.43450E+000 -5.86483E+000 -3.19983E+000 -9.52833E+000
 -7.61049E+000 -5.97607E+000 -3.20094E+000 -9.72384E+000
 -3.19481E+000 -2.26442E+000 -1.38911E+000 -4.81790E+000
 -3.32609E+000 -2.40290E+000 -1.45984E+000 -4.97789E+000
 -3.46656E+000 -2.54528E+000 -1.54616E+000 -5.15003E+000
 -3.61673E+000 -2.69171E+000 -1.65123E+000 -5.33067E+000
 -3.77568E+000 -2.84072E+000 -1.76408E+000 -5.51799E+000
 -3.93852E+000 -2.99564E+000 -1.88851E+000 -5.71073E+000
 -4.10606E+000 -3.15604E+000 -2.00891E+000 -5.90779E+000
 -4.27834E+000 -3.31494E+000 -2.12650E+000 -6.10517E+000
 -4.45102E+000 -3.47219E+000 -2.24234E+000 -6.30407E+000
 -4.62638E+000 -3.62585E+000 -2.34710E+000 -6.50277E+000
 -4.80233E+000 -3.77491E+000 -2.44185E+000 -6.70095E+000
 -4.97717E+000 -3.91959E+000 -2.52414E+000 -6.89951E+000
 -5.15325E+000 -4.06123E+000 -2.59160E+000 -7.09730E+000
 -5.32898E+000 -4.19916E+000 -2.65033E+000 -7.29637E+000
 -5.50679E+000 -4.33163E+000 -2.69500E+000 -7.49431E+000
 -5.68666E+000 -4.45801E+000 -2.72776E+000 -7.69139E+000
 -5.86649E+000 -4.57994E+000 -2.75230E+000 -7.88777E+000
 -6.04605E+000 -4.69670E+000 -2.76827E+000 -8.08300E+000
 -6.22540E+000 -4.80841E+000 -2.77856E+000 -8.27704E+000
 -6.40373E+000 -4.91085E+000 -2.78470E+000 -8.47083E+000
 -6.58259E+000 -5.00732E+000 -2.78770E+000 -8.66402E+000
 -6.76201E+000 -5.09261E+000 -2.78951E+000 -8.85692E+000
 -6.93936E+000 -5.16962E+000 -2.79063E+000 -9.05060E+000
 -7.11628E+000 -5.23741E+000 -2.79157E+000 -9.24509E+000
 -7.29199E+000 -5.29522E+000 -2.79212E+000 -9.44020E+000
 -7.46634E+000 -5.34582E+000 -2.79247E+000 -9.63545E+000
 -3.15144E+000 -2.24662E+000 -1.39389E+000 -4.73393E+000
 -3.27824E+000 -2.38358E+000 -1.45853E+000 -4.89143E+000
 -3.40950E+000 -2.51728E+000 -1.53250E+000 -5.06256E+000
 -3.55371E+000 -2.65866E+000 -1.63236E+000 -5.24520E+000
 -3.70724E+000 -2.80296E+000 -1.74010E+000 -5.43440E+000
 -3.86456E+000 -2.95254E+000 -1.85133E+000 -5.62964E+000
 -4.02922E+000 -3.10481E+000 -1.96132E+000 -5.82875E+000
 -4.19699E+000 -3.25413E+000 -2.06882E+000 -6.02691E+000
 -4.36862E+000 -3.40004E+000 -2.16324E+000 -6.22630E+000
 -4.54152E+000 -3.53960E+000 -2.24264E+000 -6.42617E+000
 -4.71579E+000 -3.67328E+000 -2.30875E+000 -6.62451E+000
 -4.89101E+000 -3.80331E+000 -2.36998E+000 -6.82319E+000
 -5.06735E+000 -3.92781E+000 -2.41395E+000 -7.02189E+000
 -5.24536E+000 -4.04395E+000 -2.44536E+000 -7.22055E+000
 -5.42209E+000 -4.15817E+000 -2.47233E+000 -7.41835E+000
 -5.60090E+000 -4.26093E+000 -2.48911E+000 -7.61512E+000
 -5.77829E+000 -4.35632E+000 -2.49938E+000 -7.81185E+000
 -5.95478E+000 -4.44334E+000 -2.50493E+000 -8.00723E+000
 -6.13141E+000 -4.51910E+000 -2.50832E+000 -8.20148E+000
 -6.30676E+000 -4.58707E+000 -2.50992E+000 -8.39429E+000
 -6.48200E+000 -4.64569E+000 -2.51155E+000 -8.58647E+000
 -6.65785E+000 -4.69138E+000 -2.51233E+000 -8.77816E+000
 -6.83366E+000 -4.72928E+000 -2.51275E+000 -8.97094E+000
 -7.00811E+000 -4.75881E+000 -2.51296E+000 -9.16461E+000
 -7.18276E+000 -4.78059E+000 -2.51322E+000 -9.35892E+000
 -7.35565E+000 -4.79634E+000 -2.51337E+000 -9.55371E+000
  7
 -6.16071E+000 -5.49679E+000 -7.44809E+000 -1.40000E+001
 -6.36204E+000 -5.60154E+000 -7.65182E+000 -1.40000E+001
 -6.55933E+000 -5.72077E+000 -7.85094E+000 -1.40000E+001
 -6.75641E+000 -5.83988E+000 -8.05107E+000 -1.40000E+001
 -6.94992E+000 -6.03313E+000 -8.25053E+000 -1.40000E+001
 -7.14539E+000 -6.21413E+000 -8.45050E+000 -1.40000E+001
 -7.34306E+000 -6.40134E+000 -8.65052E+000 -1.40000E+001
 -7.53990E+000 -6.57407E+000 -8.85047E+000 -1.40000E+001
 -7.73805E+000 -6.74175E+000 -9.05045E+000 -1.40000E+001
 -7.93666E+000 -6.90412E+000 -9.25045E+000 -1.40000E+001
 -8.13635E+000 -7.05880E+000 -9.45458E+000 -1.40000E+001
 -8.33441E+000 -7.21650E+000 -9.65304E+000 -1.40000E+001
 -8.53104E+000 -7.36333E+000 -9.84380E+000 -1.40000E+001
 -8.73076E+000 -7.51648E+000 -1.00489E+001 -1.40000E+001
 -8.93009E+000 -7.65999E+000 -1.02487E+001 -1.40000E+001
 -9.12843E+000 -7.79953E+000 -1.04483E+001 -1.40000E+001
 -9.32636E+000 -7.92624E+000 -1.06479E+001 -1.40000E+001
 -9.52428E+000 -8.05257E+000 -1.08476E+001 -1.40000E+001
 -9.72203E+000 -8.16857E+000 -1.10473E+001 -1.40000E+001
 -9.91928E+000 -8.28631E+000 -1.12470E+001 -1.40000E+001
 -1.01158E+001 -8.38451E+000 -1.14468E+001 -1.40000E+001
 -1.03121E+001 -8.46399E+000 -1.16465E+001 -1.40000E+001
 -1.05088E+001 -8.53131E+000 -1.18463E+001 -1.40000E+001
 -1.07056E+001 -8.57936E+000 -1.20461E+001 -1.40000E+001
 -1.09030E+001 -8.59828E+000 -1.22459E+001 -1.40000E+001
 -1.11004E+001 -8.62094E+000 -1.24459E+001 -1.40000E+001
 -6.25651E+000 -5.54215E+000 -7.55963E+000 -1.40000E+001
 -6.45348E+000 -5.63654E+000 -7.76550E+000 -1.40000E+001
 -6.65205E+000 -5.75132E+000 -7.96433E+000 -1.40000E+001
 -6.84904E+000 -5.89110E+000 -8.16391E+000 -1.40000E+001
 -7.04431E+000 -6.05312E+000 -8.36392E+000 -1.40000E+001
 -7.24186E+000 -6.23041E+000 -8.56382E+000 -1.40000E+001
 -7.43755E+000 -6.41187E+000 -8.76332E+000 -1.40000E+001
 -7.63498E+000 -6.57855E+000 -8.96259E+000 -1.40000E+001
 -7.83195E+000 -6.73776E+000 -9.16175E+000 -1.40000E+001
 -8.02957E+000 -6.88587E+000 -9.36110E+000 -1.40000E+001
 -8.23146E+000 -7.02626E+000 -9.56538E+000 -1.40000E+001
 -8.42778E+000 -7.15375E+000 -9.76371E+000 -1.40000E+001
 -8.62178E+000 -7.28811E+000 -9.95342E+000 -1.40000E+001
 -8.81927E+000 -7.41570E+000 -1.01594E+001 -1.40000E+001
 -9.01655E+000 -7.52140E+000 -1.03595E+001 -1.40000E+001
 -9.21171E+000 -7.62285E+000 -1.05593E+001 -1.40000E+001
 -9.40653E+000 -7.71168E+000 -1.07591E+001 -1.40000E+001
 -9.60197E+000 -7.77760E+000 -1.09589E+001 -1.40000E+001
 -9.79883E+000 -7.82654E+000 -1.11587E+001 -1.40000E+001
 -9.99700E+000 -7.85422E+000 -1.13584E+001 -1.40000E+001
 -1.01952E+001 -7.87304E+000 -1.15583E+001 -1.40000E+001
 -1.03935E+001 -7.88434E+000 -1.17581E+001 -1.40000E+001
 -1.05921E+001 -7.89300E+000 -1.19579E+001 -1.40000E+001
 -1.07905E+001 -7.89845E+000 -1.21578E+001 -1.40000E+001
 -1.09892E+001 -7.90368E+000 -1.23576E+001 -1.40000E+001
 -1.11878E+001 -7.90746E+000 -1.25576E+001 -1.40000E+001
 -6.32583E+000 -5.56465E+000 -7.65189E+000 -1.40000E+001
 -6.53187E+000 -5.65943E+000 -7.85438E+000 -1.40000E+001
 -6.72892E+000 -5.76984E+000 -8.05346E+000 -1.40000E+001
 -6.92511E+000 -5.90720E+000 -8.25284E+000 -1.40000E+001
 -7.12092E+000 -6.05141E+000 -8.45185E+000 -1.40000E+001
 -7.31543E+000 -6.23254E+000 -8.65022E+000 -1.40000E+001
 -7.51135E+000 -6.40611E+000 -8.84951E+000 -1.40000E+001
 -7.70757E+000 -6.56650E+000 -9.04910E+000 -1.40000E+001
 -7.90443E+000 -6.72123E+000 -9.24881E+000 -1.40000E+001
 -8.10038E+000 -6.86161E+000 -9.44857E+000 -1.40000E+001
 -8.29813E+000 -6.98613E+000 -9.65259E+000 -1.40000E+001
 -8.49421E+000 -7.09920E+000 -9.85119E+000 -1.40000E+001
 -8.68556E+000 -7.20152E+000 -1.00418E+001 -1.40000E+001
 -8.88693E+000 -7.29532E+000 -1.02474E+001 -1.40000E+001
 -9.08352E+000 -7.36599E+000 -1.04475E+001 -1.40000E+001
 -9.28021E+000 -7.41790E+000 -1.06473E+001 -1.40000E+001
 -9.47658E+000 -7.45069E+000 -1.08472E+001 -1.40000E+001
 -9.67388E+000 -7.46793E+000 -1.10470E+001 -1.40000E+001
 -9.87125E+000 -7.48318E+000 -1.12468E+001 -1.40000E+001
 -1.00693E+001 -7.49237E+000 -1.14466E+001 -1.40000E+001
 -1.02669E+001 -7.50232E+000 -1.16465E+001 -1.40000E+001
 -1.04648E+001 -7.50749E+000 -1.18463E+001 -1.40000E+001
 -1.06628E+001 -7.51115E+000 -1.20461E+001 -1.40000E+001
 -1.08608E+001 -7.51293E+000 -1.22460E+001 -1.40000E+001
 -1.10588E+001 -7.51468E+000 -1.24459E+001 -1.40000E+001
 -1.12567E+001 -7.51573E+000 -1.26459E+001 -1.40000E+001
  H2O continuum absorption
 -4.18968E+000 -5.10360E+000 -3.58106E+000 -4.11713E+000
 -4.39658E+000 -5.30480E+000 -3.78784E+000 -4.32338E+000
 -4.59658E+000 -5.50480E+000 -3.98784E+000 -4.52338E+000
 -4.79658E+000 -5.70480E+000 -4.18784E+000 -4.72338E+000
 -4.99658E+000 -5.90480E+000 -4.38784E+000 -4.92338E+000
 -5.19658E+000 -6.10480E+000 -4.58784E+000 -5.12338E+000
 -5.39658E+000 -6.30480E+000 -4.78784E+000 -5.32338E+000
 -5.59658E+000 -6.50480E+000 -4.98784E+000 -5.52338E+000
 -5.79658E+000 -6.70480E+000 -5.18784E+000 -5.72338E+000
 -5.99658E+000 -6.90480E+000 -5.38784E+000 -5.92338E+000
 -6.19658E+000 -7.10480E+000 -5.58784E+000 -6.12338E+000
 -6.39658E+000 -7.30480E+000 -5.78784E+000 -6.32338E+000
 -6.59658E+000 -7.50480E+000 -5.98784E+000 -6.52338E+000
 -6.79658E+000 -7.70480E+000 -6.18784E+000 -6.72338E+000
 -6.99658E+000 -7.90480E+000 -6.38784E+000 -6.92338E+000
 -7.19658E+000 -8.10480E+000 -6.58784E+000 -7.12338E+000
 -7.39658E+000 -8.30480E+000 -6.78784E+000 -7.32338E+000
 -7.59658E+000 -8.50480E+000 -6.98784E+000 -7.52338E+000
 -7.79658E+000 -8.70480E+000 -7.18784E+000 -7.72338E+000
 -7.99658E+000 -8.90480E+000 -7.38784E+000 -7.92338E+000
 -8.19658E+000 -9.10480E+000 -7.58784E+000 -8.12338E+000
 -8.39658E+000 -9.30480E+000 -7.78784E+000 -8.32338E+000
 -8.59658E+000 -9.50480E+000 -7.98784E+000 -8.52338E+000
 -8.79658E+000 -9.70480E+000 -8.18784E+000 -8.72338E+000
 -8.99658E+000 -9.90480E+000 -8.38784E+000 -8.92338E+000
 -9.19658E+000 -1.01048E+001 -8.58784E+000 -9.12338E+000
 -4.77207E+000 -5.63573E+000 -4.00132E+000 -4.69377E+000
 -4.97783E+000 -5.84360E+000 -4.21007E+000 -4.89838E+000
 -5.17783E+000 -6.04360E+000 -4.41007E+000 -5.09838E+000
 -5.37783E+000 -6.24360E+000 -4.61007E+000 -5.29838E+000
 -5.57783E+000 -6.44360E+000 -4.81007E+000 -5.49838E+000
 -5.77783E+000 -6.64360E+000 -5.01007E+000 -5.69838E+000
 -5.97783E+000 -6.84360E+000 -5.21007E+000 -5.89838E+000
 -6.17783E+000 -7.04360E+000 -5.41007E+000 -6.09838E+000
 -6.37783E+000 -7.24360E+000 -5.61007E+000 -6.29838E+000
 -6.57783E+000 -7.44360E+000 -5.81007E+000 -6.49838E+000
 -6.77783E+000 -7.64360E+000 -6.01007E+000 -6.69838E+000
 -6.97783E+000 -7.84360E+000 -6.21007E+000 -6.89838E+000
 -7.17783E+000 -8.04360E+000 -6.41007E+000 -7.09838E+000
 -7.37783E+000 -8.24360E+000 -6.61007E+000 -7.29838E+000
 -7.57783E+000 -8.44360E+000 -6.81007E+000 -7.49838E+000
 -7.77783E+000 -8.64360E+000 -7.01007E+000 -7.69838E+000
 -7.97783E+000 -8.84360E+000 -7.21007E+000 -7.89838E+000
 -8.17783E+000 -9.04360E+000 -7.41007E+000 -8.09838E+000
 -8.37783E+000 -9.24360E+000 -7.61007E+000 -8.29838E+000
 -8.57783E+000 -9.44360E+000 -7.81007E+000 -8.49838E+000
 -8.77783E+000 -9.64360E+000 -8.01007E+000 -8.69838E+000
 -8.97783E+000 -9.84360E+000 -8.21007E+000 -8.89838E+000
 -9.17783E+000 -1.00436E+001 -8.41007E+000 -9.09838E+000
 -9.37783E+000 -1.02436E+001 -8.61007E+000 -9.29838E+000
 -9.57783E+000 -1.04436E+001 -8.81007E+000 -9.49838E+000
 -9.77783E+000 -1.06436E+001 -9.01007E+000 -9.69838E+000
 -5.32435E+000 -6.13860E+000 -4.38633E+000 -5.23031E+000
 -5.52895E+000 -6.34360E+000 -4.59009E+000 -5.43784E+000
 -5.72895E+000 -6.54360E+000 -4.79009E+000 -5.63784E+000
 -5.92895E+000 -6.74360E+000 -4.99009E+000 -5.83784E+000
 -6.12895E+000 -6.94360E+000 -5.19009E+000 -6.03784E+000
 -6.32895E+000 -7.14360E+000 -5.39009E+000 -6.23784E+000
 -6.52895E+000 -7.34360E+000 -5.59009E+000 -6.43784E+000
 -6.72895E+000 -7.54360E+000 -5.79009E+000 -6.63784E+000
 -6.92895E+000 -7.74360E+000 -5.99009E+000 -6.83784E+000
 -7.12895E+000 -7.94360E+000 -6.19009E+000 -7.03784E+000
 -7.32895E+000 -8.14360E+000 -6.39009E+000 -7.23784E+000
 -7.52895E+000 -8.34360E+000 -6.59009E+000 -7.43784E+000
 -7.72895E+000 -8.54360E+000 -6.79009E+000 -7.63784E+000
 -7.92895E+000 -8.74360E+000 -6.99009E+000 -7.83784E+000
 -8.12895E+000 -8.94360E+000 -7.19009E+000 -8.03784E+000
 -8.32895E+000 -9.14360E+000 -7.39009E+000 -8.23784E+000
 -8.52895E+000 -9.34360E+000 -7.59009E+000 -8.43784E+000
 -8.72895E+000 -9.54360E+000 -7.79009E+000 -8.63784E+000
 -8.92895E+000 -9.74360E+000 -7.99009E+000 -8.83784E+000
 -9.12895E+000 -9.94360E+000 -8.19009E+000 -9.03784E+000
 -9.32895E+000 -1.01436E+001 -8.39009E+000 -9.23784E+000
 -9.52895E+000 -1.03436E+001 -8.59009E+000 -9.43784E+000
 -9.72895E+000 -1.05436E+001 -8.79009E+000 -9.63784E+000
 -9.92895E+000 -1.07436E+001 -8.99009E+000 -9.83784E+000
 -1.01289E+001 -1.09436E+001 -9.19009E+000 -1.00378E+001
 -1.03289E+001 -1.11436E+001 -9.39009E+000 -1.02378E+001
 optical property flag
    1    1    0    1    1    3    0
 number of subinterval
    2
 weight of subintervals
  9.531199999999999E-002  9.046880000000000E-001
 Line absorption
    3
  1
 -2.98372E+000 -4.79599E+000
 -3.03091E+000 -4.93374E+000
 -3.09649E+000 -5.08095E+000
 -3.17744E+000 -5.23893E+000
 -3.27344E+000 -5.40682E+000
 -3.37703E+000 -5.58349E+000
 -3.47758E+000 -5.76362E+000
 -3.57560E+000 -5.94508E+000
 -3.66375E+000 -6.12752E+000
 -3.74855E+000 -6.31175E+000
 -3.82166E+000 -6.49771E+000
 -3.87866E+000 -6.68478E+000
 -3.92532E+000 -6.87210E+000
 -3.95808E+000 -7.05994E+000
 -3.98025E+000 -7.24789E+000
 -3.99534E+000 -7.43573E+000
 -4.00667E+000 -7.62307E+000
 -4.01312E+000 -7.81000E+000
 -4.01726E+000 -7.99729E+000
 -4.01973E+000 -8.18507E+000
 -4.02105E+000 -8.37302E+000
 -4.02210E+000 -8.56052E+000
 -4.02263E+000 -8.74803E+000
 -4.02285E+000 -8.93554E+000
 -4.02314E+000 -9.12354E+000
 -4.02324E+000 -9.31103E+000
 -2.97724E+000 -4.78154E+000
 -3.01994E+000 -4.91674E+000
 -3.08004E+000 -5.06207E+000
 -3.15929E+000 -5.21804E+000
 -3.24794E+000 -5.38652E+000
 -3.33322E+000 -5.56273E+000
 -3.41742E+000 -5.73964E+000
 -3.49718E+000 -5.91787E+000
 -3.57036E+000 -6.09783E+000
 -3.62864E+000 -6.27953E+000
 -3.67191E+000 -6.46418E+000
 -3.70901E+000 -6.65097E+000
 -3.73287E+000 -6.83707E+000
 -3.74918E+000 -7.02288E+000
 -3.75974E+000 -7.20838E+000
 -3.76606E+000 -7.39371E+000
 -3.77043E+000 -7.57932E+000
 -3.77273E+000 -7.76423E+000
 -3.77433E+000 -7.94869E+000
 -3.77555E+000 -8.13368E+000
 -3.77644E+000 -8.31768E+000
 -3.77720E+000 -8.50196E+000
 -3.77738E+000 -8.68603E+000
 -3.77709E+000 -8.86971E+000
 -3.77716E+000 -9.05270E+000
 -3.77724E+000 -9.23565E+000
 -2.96500E+000 -4.77092E+000
 -3.01323E+000 -4.90711E+000
 -3.06824E+000 -5.05188E+000
 -3.14121E+000 -5.20870E+000
 -3.21726E+000 -5.37806E+000
 -3.29492E+000 -5.55277E+000
 -3.36883E+000 -5.73008E+000
 -3.43112E+000 -5.90806E+000
 -3.48357E+000 -6.08670E+000
 -3.52115E+000 -6.26598E+000
 -3.54970E+000 -6.44784E+000
 -3.56995E+000 -6.62985E+000
 -3.58255E+000 -6.81262E+000
 -3.59018E+000 -6.99523E+000
 -3.59643E+000 -7.17777E+000
 -3.59973E+000 -7.35975E+000
 -3.60271E+000 -7.54191E+000
 -3.60431E+000 -7.72351E+000
 -3.60513E+000 -7.90541E+000
 -3.60581E+000 -8.08742E+000
 -3.60610E+000 -8.26831E+000
 -3.60639E+000 -8.44839E+000
 -3.60654E+000 -8.62800E+000
 -3.60665E+000 -8.80854E+000
 -3.60671E+000 -8.98920E+000
 -3.60668E+000 -9.17047E+000
  3
 -1.53198E+000 -1.96000E+000
 -1.53198E+000 -1.96000E+000
 -1.53198E+000 -1.96000E+000
 -1.53198E+000 -1.96000E+000
 -1.53198E+000 -1.96000E+000
 -1.53196E+000 -1.96000E+000
 -1.53198E+000 -1.96000E+000
 -1.53197E+000 -1.96000E+000
 -1.53197E+000 -1.96000E+000
 -1.53198E+000 -1.96000E+000
 -1.53198E+000 -1.96000E+000
 -1.53198E+000 -1.96000E+000
 -1.53197E+000 -1.96000E+000
 -1.53197E+000 -1.96000E+000
 -1.53197E+000 -1.96000E+000
 -1.53197E+000 -1.96000E+000
 -1.53197E+000 -1.96000E+000
 -1.53197E+000 -1.96000E+000
 -1.53197E+000 -1.96000E+000
 -1.53197E+000 -1.96000E+000
 -1.53197E+000 -1.96000E+000
 -1.53197E+000 -1.96000E+000
 -1.53197E+000 -1.96000E+000
 -1.53197E+000 -1.96000E+000
 -1.53197E+000 -1.96000E+000
 -1.53197E+000 -1.96000E+000
 -1.52025E+000 -1.92114E+000
 -1.52025E+000 -1.92114E+000
 -1.52025E+000 -1.92114E+000
 -1.52025E+000 -1.92114E+000
 -1.52023E+000 -1.92114E+000
 -1.52025E+000 -1.92114E+000
 -1.52025E+000 -1.92114E+000
 -1.52024E+000 -1.92114E+000
 -1.52025E+000 -1.92114E+000
 -1.52025E+000 -1.92114E+000
 -1.52025E+000 -1.92114E+000
 -1.52025E+000 -1.92114E+000
 -1.52025E+000 -1.92114E+000
 -1.52025E+000 -1.92114E+000
 -1.52025E+000 -1.92114E+000
 -1.52025E+000 -1.92114E+000
 -1.52025E+000 -1.92114E+000
 -1.52025E+000 -1.92114E+000
 -1.52025E+000 -1.92114E+000
 -1.52025E+000 -1.92114E+000
 -1.52025E+000 -1.92114E+000
 -1.52025E+000 -1.92114E+000
 -1.52025E+000 -1.92114E+000
 -1.52025E+000 -1.92114E+000
 -1.52025E+000 -1.92114E+000
 -1.52025E+000 -1.92114E+000
 -1.50420E+000 -1.90046E+000
 -1.50425E+000 -1.90046E+000
 -1.50425E+000 -1.90046E+000
 -1.50425E+000 -1.90046E+000
 -1.50425E+000 -1.90046E+000
 -1.50425E+000 -1.90046E+000
 -1.50425E+000 -1.90046E+000
 -1.50425E+000 -1.90046E+000
 -1.50425E+000 -1.90046E+000
 -1.50425E+000 -1.90046E+000
 -1.50425E+000 -1.90046E+000
 -1.50425E+000 -1.90046E+000
 -1.50425E+000 -1.90046E+000
 -1.50425E+000 -1.90046E+000
 -1.50425E+000 -1.90046E+000
 -1.50425E+000 -1.90046E+000
 -1.50425E+000 -1.90046E+000
 -1.50425E+000 -1.90046E+000
 -1.50425E+000 -1.90046E+000
 -1.50425E+000 -1.90046E+000
 -1.50425E+000 -1.90046E+000
 -1.50425E+000 -1.90046E+000
 -1.50425E+000 -1.90046E+000
 -1.50425E+000 -1.90046E+000
 -1.50425E+000 -1.90046E+000
 -1.50425E+000 -1.90046E+000
  7
 -8.54000E+000 -1.40000E+001
 -8.74000E+000 -1.40000E+001
 -8.94000E+000 -1.40000E+001
 -9.14000E+000 -1.40000E+001
 -9.34000E+000 -1.40000E+001
 -9.54000E+000 -1.40000E+001
 -9.74000E+000 -1.40000E+001
 -9.94000E+000 -1.40000E+001
 -1.01400E+001 -1.40000E+001
 -1.03400E+001 -1.40000E+001
 -1.05400E+001 -1.40000E+001
 -1.07400E+001 -1.40000E+001
 -1.09400E+001 -1.40000E+001
 -1.11400E+001 -1.40000E+001
 -1.13400E+001 -1.40000E+001
 -1.15400E+001 -1.40000E+001
 -1.17400E+001 -1.40000E+001
 -1.19400E+001 -1.40000E+001
 -1.21400E+001 -1.40000E+001
 -1.23400E+001 -1.40000E+001
 -1.25400E+001 -1.40000E+001
 -1.27400E+001 -1.40000E+001
 -1.29400E+001 -1.40000E+001
 -1.31400E+001 -1.40000E+001
 -1.33400E+001 -1.40000E+001
 -1.35400E+001 -1.40000E+001
 -8.66000E+000 -1.40000E+001
 -8.86000E+000 -1.40000E+001
 -9.06000E+000 -1.40000E+001
 -9.26000E+000 -1.40000E+001
 -9.46000E+000 -1.40000E+001
 -9.66000E+000 -1.40000E+001
 -9.86000E+000 -1.40000E+001
 -1.00600E+001 -1.40000E+001
 -1.02600E+001 -1.40000E+001
 -1.04600E+001 -1.40000E+001
 -1.06600E+001 -1.40000E+001
 -1.08600E+001 -1.40000E+001
 -1.10400E+001 -1.40000E+001
 -1.12600E+001 -1.40000E+001
 -1.14600E+001 -1.40000E+001
 -1.16600E+001 -1.40000E+001
 -1.18600E+001 -1.40000E+001
 -1.20600E+001 -1.40000E+001
 -1.22600E+001 -1.40000E+001
 -1.24600E+001 -1.40000E+001
 -1.26600E+001 -1.40000E+001
 -1.28600E+001 -1.40000E+001
 -1.30600E+001 -1.40000E+001
 -1.32600E+001 -1.40000E+001
 -1.34600E+001 -1.40000E+001
 -1.36600E+001 -1.40000E+001
 -8.74000E+000 -1.40000E+001
 -8.94000E+000 -1.40000E+001
 -9.14000E+000 -1.40000E+001
 -9.34000E+000 -1.40000E+001
 -9.54000E+000 -1.40000E+001
 -9.74000E+000 -1.40000E+001
 -9.94000E+000 -1.40000E+001
 -1.01400E+001 -1.40000E+001
 -1.03400E+001 -1.40000E+001
 -1.05400E+001 -1.40000E+001
 -1.07600E+001 -1.40000E+001
 -1.09400E+001 -1.40000E+001
 -1.11400E+001 -1.40000E+001
 -1.13400E+001 -1.40000E+001
 -1.15400E+001 -1.40000E+001
 -1.17400E+001 -1.40000E+001
 -1.19400E+001 -1.40000E+001
 -1.21400E+001 -1.40000E+001
 -1.23400E+001 -1.40000E+001
 -1.25400E+001 -1.40000E+001
 -1.27400E+001 -1.40000E+001
 -1.29400E+001 -1.40000E+001
 -1.31400E+001 -1.40000E+001
 -1.33400E+001 -1.40000E+001
 -1.35400E+001 -1.40000E+001
 -1.37400E+001 -1.40000E+001
  H2O continuum absorption
 -4.10186E+000 -6.42009E+000
 -4.30472E+000 -6.63009E+000
 -4.50472E+000 -6.83009E+000
 -4.70472E+000 -7.03009E+000
 -4.90472E+000 -7.23009E+000
 -5.10472E+000 -7.43009E+000
 -5.30472E+000 -7.63009E+000
 -5.50472E+000 -7.83009E+000
 -5.70472E+000 -8.03009E+000
 -5.90472E+000 -8.23009E+000
 -6.10472E+000 -8.43009E+000
 -6.30472E+000 -8.63009E+000
 -6.50472E+000 -8.83009E+000
 -6.70472E+000 -9.03009E+000
 -6.90472E+000 -9.23009E+000
 -7.10472E+000 -9.43009E+000
 -7.30472E+000 -9.63009E+000
 -7.50472E+000 -9.83009E+000
 -7.70472E+000 -1.00301E+001
 -7.90472E+000 -1.02301E+001
 -8.10472E+000 -1.04301E+001
 -8.30472E+000 -1.06301E+001
 -8.50472E+000 -1.08301E+001
 -8.70472E+000 -1.10301E+001
 -8.90472E+000 -1.12301E+001
 -9.10472E+000 -1.14301E+001
 -4.51461E+000 -6.96678E+000
 -4.71663E+000 -7.16678E+000
 -4.91663E+000 -7.36678E+000
 -5.11663E+000 -7.56678E+000
 -5.31663E+000 -7.76678E+000
 -5.51663E+000 -7.96678E+000
 -5.71663E+000 -8.16678E+000
 -5.91663E+000 -8.36678E+000
 -6.11663E+000 -8.56678E+000
 -6.31663E+000 -8.76678E+000
 -6.51663E+000 -8.96678E+000
 -6.71663E+000 -9.16678E+000
 -6.91663E+000 -9.36678E+000
 -7.11663E+000 -9.56678E+000
 -7.31663E+000 -9.76678E+000
 -7.51663E+000 -9.96678E+000
 -7.71663E+000 -1.01668E+001
 -7.91663E+000 -1.03668E+001
 -8.11663E+000 -1.05668E+001
 -8.31663E+000 -1.07668E+001
 -8.51663E+000 -1.09668E+001
 -8.71663E+000 -1.11668E+001
 -8.91663E+000 -1.13668E+001
 -9.11663E+000 -1.15668E+001
 -9.31663E+000 -1.17668E+001
 -9.51663E+000 -1.19668E+001
 -4.90331E+000 -7.48017E+000
 -5.11034E+000 -7.68678E+000
 -5.31034E+000 -7.88678E+000
 -5.51034E+000 -8.08678E+000
 -5.71034E+000 -8.28678E+000
 -5.91034E+000 -8.48678E+000
 -6.11034E+000 -8.68678E+000
 -6.31034E+000 -8.88678E+000
 -6.51034E+000 -9.08678E+000
 -6.71034E+000 -9.28678E+000
 -6.91034E+000 -9.48678E+000
 -7.11034E+000 -9.68678E+000
 -7.31034E+000 -9.88678E+000
 -7.51034E+000 -1.00868E+001
 -7.71034E+000 -1.02868E+001
 -7.91034E+000 -1.04868E+001
 -8.11034E+000 -1.06868E+001
 -8.31034E+000 -1.08868E+001
 -8.51034E+000 -1.10868E+001
 -8.71034E+000 -1.12868E+001
 -8.91034E+000 -1.14868E+001
 -9.11034E+000 -1.16868E+001
 -9.31034E+000 -1.18868E+001
 -9.51034E+000 -1.20868E+001
 -9.71034E+000 -1.22868E+001
 -9.91034E+000 -1.24868E+001
 optical property flag
    1    1    0    1    1    2    0
 number of subinterval
    1
 weight of subintervals
  1.000000000000000E+000
 Line absorption
    3
  1
 -5.94228E+000
 -6.02286E+000
 -6.11365E+000
 -6.21642E+000
 -6.33548E+000
 -6.47575E+000
 -6.63373E+000
 -6.79976E+000
 -6.97071E+000
 -7.14329E+000
 -7.31727E+000
 -7.48788E+000
 -7.65824E+000
 -7.82875E+000
 -7.99747E+000
 -8.16395E+000
 -8.32659E+000
 -8.48706E+000
 -8.64569E+000
 -8.80159E+000
 -8.95598E+000
 -9.10666E+000
 -9.25630E+000
 -9.40461E+000
 -9.55068E+000
 -9.69685E+000
 -5.92948E+000
 -6.01494E+000
 -6.10470E+000
 -6.20816E+000
 -6.32407E+000
 -6.46297E+000
 -6.61710E+000
 -6.77968E+000
 -6.94425E+000
 -7.10941E+000
 -7.27376E+000
 -7.43411E+000
 -7.59213E+000
 -7.74702E+000
 -7.89765E+000
 -8.04362E+000
 -8.18660E+000
 -8.32429E+000
 -8.45738E+000
 -8.58350E+000
 -8.70250E+000
 -8.81478E+000
 -8.91369E+000
 -9.00645E+000
 -9.08641E+000
 -9.15234E+000
 -5.93284E+000
 -6.01805E+000
 -6.10939E+000
 -6.21439E+000
 -6.33336E+000
 -6.46825E+000
 -6.61753E+000
 -6.77252E+000
 -6.92685E+000
 -7.08006E+000
 -7.23054E+000
 -7.37730E+000
 -7.51857E+000
 -7.65619E+000
 -7.78665E+000
 -7.91067E+000
 -8.02411E+000
 -8.13058E+000
 -8.22252E+000
 -8.30366E+000
 -8.36820E+000
 -8.41765E+000
 -8.45556E+000
 -8.48291E+000
 -8.49981E+000
 -8.50890E+000
  3
 -1.19201E+000
 -1.19200E+000
 -1.19200E+000
 -1.19200E+000
 -1.19200E+000
 -1.19200E+000
 -1.19200E+000
 -1.19200E+000
 -1.19200E+000
 -1.19200E+000
 -1.19200E+000
 -1.19200E+000
 -1.19200E+000
 -1.19200E+000
 -1.19200E+000
 -1.19200E+000
 -1.19200E+000
 -1.19200E+000
 -1.19200E+000
 -1.19200E+000
 -1.19200E+000
 -1.19200E+000
 -1.19200E+000
 -1.19200E+000
 -1.19200E+000
 -1.19200E+000
 -1.18780E+000
 -1.18779E+000
 -1.18779E+000
 -1.18779E+000
 -1.18779E+000
 -1.18779E+000
 -1.18779E+000
 -1.18779E+000
 -1.18779E+000
 -1.18779E+000
 -1.18779E+000
 -1.18779E+000
 -1.18779E+000
 -1.18779E+000
 -1.18779E+000
 -1.18779E+000
 -1.18779E+000
 -1.18779E+000
 -1.18779E+000
 -1.18779E+000
 -1.18779E+000
 -1.18779E+000
 -1.18779E+000
 -1.18779E+000
 -1.18779E+000
 -1.18779E+000
 -1.18339E+000
 -1.18339E+000
 -1.18339E+000
 -1.18339E+000
 -1.18338E+000
 -1.18338E+000
 -1.18339E+000
 -1.18339E+000
 -1.18339E+000
 -1.18339E+000
 -1.18339E+000
 -1.18339E+000
 -1.18339E+000
 -1.18339E+000
 -1.18339E+000
 -1.18339E+000
 -1.18339E+000
 -1.18339E+000
 -1.18339E+000
 -1.18339E+000
 -1.18339E+000
 -1.18339E+000
 -1.18339E+000
 -1.18339E+000
 -1.18339E+000
 -1.18339E+000
  7
 -7.48023E+000
 -7.68420E+000
 -7.88329E+000
 -8.08308E+000
 -8.28306E+000
 -8.48306E+000
 -8.68309E+000
 -8.88307E+000
 -9.08305E+000
 -9.28305E+000
 -9.48918E+000
 -9.68730E+000
 -9.87510E+000
 -1.00826E+001
 -1.02831E+001
 -1.04830E+001
 -1.06831E+001
 -1.08830E+001
 -1.10830E+001
 -1.12830E+001
 -1.14830E+001
 -1.16830E+001
 -1.18830E+001
 -1.20830E+001
 -1.22830E+001
 -1.24831E+001
 -7.59419E+000
 -7.79856E+000
 -7.99763E+000
 -8.19739E+000
 -8.39737E+000
 -8.59739E+000
 -8.79741E+000
 -8.99740E+000
 -9.19737E+000
 -9.39737E+000
 -9.60313E+000
 -9.80148E+000
 -9.98866E+000
 -1.01969E+001
 -1.03974E+001
 -1.05973E+001
 -1.07974E+001
 -1.09974E+001
 -1.11973E+001
 -1.13973E+001
 -1.15973E+001
 -1.17973E+001
 -1.19973E+001
 -1.21973E+001
 -1.23973E+001
 -1.25974E+001
 -7.68401E+000
 -7.88831E+000
 -8.08733E+000
 -8.28708E+000
 -8.48707E+000
 -8.68708E+000
 -8.88710E+000
 -9.08709E+000
 -9.28706E+000
 -9.48707E+000
 -9.69358E+000
 -9.89166E+000
 -1.00792E+001
 -1.02866E+001
 -1.04871E+001
 -1.06870E+001
 -1.08871E+001
 -1.10871E+001
 -1.12870E+001
 -1.14870E+001
 -1.16870E+001
 -1.18870E+001
 -1.20870E+001
 -1.22870E+001
 -1.24870E+001
 -1.26871E+001
  H2O continuum absorption
 -6.92538E+000
 -7.13109E+000
 -7.33109E+000
 -7.53109E+000
 -7.73109E+000
 -7.93109E+000
 -8.13109E+000
 -8.33109E+000
 -8.53109E+000
 -8.73109E+000
 -8.93109E+000
 -9.13109E+000
 -9.33109E+000
 -9.53109E+000
 -9.73109E+000
 -9.93109E+000
 -1.01311E+001
 -1.03311E+001
 -1.05311E+001
 -1.07311E+001
 -1.09311E+001
 -1.11311E+001
 -1.13311E+001
 -1.15311E+001
 -1.17311E+001
 -1.19311E+001
 -7.56971E+000
 -7.77221E+000
 -7.97221E+000
 -8.17221E+000
 -8.37221E+000
 -8.57221E+000
 -8.77221E+000
 -8.97221E+000
 -9.17221E+000
 -9.37221E+000
 -9.57221E+000
 -9.77221E+000
 -9.97221E+000
 -1.01722E+001
 -1.03722E+001
 -1.05722E+001
 -1.07722E+001
 -1.09722E+001
 -1.11722E+001
 -1.13722E+001
 -1.15722E+001
 -1.17722E+001
 -1.19722E+001
 -1.21722E+001
 -1.23722E+001
 -1.25722E+001
 -8.19966E+000
 -8.40628E+000
 -8.60628E+000
 -8.80628E+000
 -9.00628E+000
 -9.20628E+000
 -9.40628E+000
 -9.60628E+000
 -9.80628E+000
 -1.00063E+001
 -1.02063E+001
 -1.04063E+001
 -1.06063E+001
 -1.08063E+001
 -1.10063E+001
 -1.12063E+001
 -1.14063E+001
 -1.16063E+001
 -1.18063E+001
 -1.20063E+001
 -1.22063E+001
 -1.24063E+001
 -1.26063E+001
 -1.28063E+001
 -1.30063E+001
 -1.31740E+001
 optical property flag
    0    1    0    1    0    2    0
 number of subinterval
    1
 weight of subintervals
  1.000000000000000E+000
 Line absorption
    0
 optical property flag
    1    1    0    1    0    1    0
 number of subinterval
    2
 weight of subintervals
  2.377420000000000E-001  7.622580000000000E-001
 Line absorption
    1
  3
  7.84648E-001 -3.06784E-001
  7.84648E-001 -3.06784E-001
  7.84648E-001 -3.06781E-001
  7.84648E-001 -3.06755E-001
  7.84693E-001 -3.06766E-001
  7.84699E-001 -3.06770E-001
  7.84648E-001 -3.06785E-001
  7.84674E-001 -3.06785E-001
  7.84648E-001 -3.06765E-001
  7.84648E-001 -3.06766E-001
  7.84648E-001 -3.06762E-001
  7.84648E-001 -3.06762E-001
  7.84648E-001 -3.06762E-001
  7.84648E-001 -3.06787E-001
  7.84648E-001 -3.06787E-001
  7.84648E-001 -3.06787E-001
  7.84648E-001 -3.06787E-001
  7.84648E-001 -3.06787E-001
  7.84648E-001 -3.06787E-001
  7.84648E-001 -3.06787E-001
  7.84648E-001 -3.06787E-001
  7.84648E-001 -3.06787E-001
  7.84648E-001 -3.06787E-001
  7.84648E-001 -3.06787E-001
  7.84648E-001 -3.06787E-001
  7.84648E-001 -3.06787E-001
  8.18876E-001 -2.42927E-001
  8.18958E-001 -2.42927E-001
  8.18876E-001 -2.42927E-001
  8.18876E-001 -2.42924E-001
  8.18934E-001 -2.42927E-001
  8.18876E-001 -2.42925E-001
  8.18876E-001 -2.42927E-001
  8.18876E-001 -2.42927E-001
  8.18876E-001 -2.42925E-001
  8.18876E-001 -2.42925E-001
  8.18928E-001 -2.42925E-001
  8.18928E-001 -2.42925E-001
  8.18876E-001 -2.42925E-001
  8.18876E-001 -2.42925E-001
  8.18876E-001 -2.42925E-001
  8.18876E-001 -2.42925E-001
  8.18876E-001 -2.42925E-001
  8.18876E-001 -2.42925E-001
  8.18876E-001 -2.42925E-001
  8.18876E-001 -2.42925E-001
  8.18876E-001 -2.42925E-001
  8.18876E-001 -2.42925E-001
  8.18876E-001 -2.42925E-001
  8.18876E-001 -2.42925E-001
  8.18876E-001 -2.42925E-001
  8.18876E-001 -2.42925E-001
  8.71231E-001 -1.54026E-001
  8.71215E-001 -1.54026E-001
  8.71215E-001 -1.54020E-001
  8.71215E-001 -1.54031E-001
  8.71215E-001 -1.54026E-001
  8.71228E-001 -1.54026E-001
  8.71215E-001 -1.54031E-001
  8.71215E-001 -1.54026E-001
  8.71265E-001 -1.54026E-001
  8.71265E-001 -1.54026E-001
  8.71265E-001 -1.54026E-001
  8.71265E-001 -1.54026E-001
  8.71265E-001 -1.54026E-001
  8.71265E-001 -1.54026E-001
  8.71265E-001 -1.54026E-001
  8.71265E-001 -1.54026E-001
  8.71265E-001 -1.54026E-001
  8.71265E-001 -1.54026E-001
  8.71265E-001 -1.54026E-001
  8.71265E-001 -1.54026E-001
  8.71265E-001 -1.54026E-001
  8.71265E-001 -1.54026E-001
  8.71265E-001 -1.54026E-001
  8.71265E-001 -1.54026E-001
  8.71265E-001 -1.54026E-001
  8.71265E-001 -1.54026E-001
 optical property flag
    1    1    0    1    0    1    0
 number of subinterval
    2
 weight of subintervals
  3.707820000000000E-001  6.292180000000001E-001
 Line absorption
    1
  3
  1.84123E+000  1.31527E+000
  1.84124E+000  1.31529E+000
  1.84125E+000  1.31525E+000
  1.84124E+000  1.31528E+000
  1.84124E+000  1.31526E+000
  1.84124E+000  1.31525E+000
  1.84124E+000  1.31527E+000
  1.84124E+000  1.31528E+000
  1.84124E+000  1.31525E+000
  1.84124E+000  1.31526E+000
  1.84124E+000  1.31525E+000
  1.84124E+000  1.31527E+000
  1.84124E+000  1.31527E+000
  1.84124E+000  1.31527E+000
  1.84124E+000  1.31527E+000
  1.84124E+000  1.31527E+000
  1.84124E+000  1.31527E+000
  1.84124E+000  1.31527E+000
  1.84124E+000  1.31527E+000
  1.84124E+000  1.31527E+000
  1.84124E+000  1.31527E+000
  1.84124E+000  1.31527E+000
  1.84124E+000  1.31527E+000
  1.84124E+000  1.31527E+000
  1.84124E+000  1.31527E+000
  1.84124E+000  1.31527E+000
  1.86007E+000  1.33634E+000
  1.86008E+000  1.33634E+000
  1.86008E+000  1.33634E+000
  1.86008E+000  1.33634E+000
  1.86008E+000  1.33634E+000
  1.86007E+000  1.33634E+000
  1.86007E+000  1.33634E+000
  1.86007E+000  1.33635E+000
  1.86007E+000  1.33634E+000
  1.86008E+000  1.33637E+000
  1.86007E+000  1.33637E+000
  1.86007E+000  1.33634E+000
  1.86008E+000  1.33634E+000
  1.86008E+000  1.33634E+000
  1.86008E+000  1.33634E+000
  1.86008E+000  1.33634E+000
  1.86008E+000  1.33634E+000
  1.86008E+000  1.33634E+000
  1.86008E+000  1.33634E+000
  1.86008E+000  1.33634E+000
  1.86008E+000  1.33634E+000
  1.86008E+000  1.33634E+000
  1.86008E+000  1.33634E+000
  1.86008E+000  1.33634E+000
  1.86008E+000  1.33634E+000
  1.86008E+000  1.33634E+000
  1.86789E+000  1.36937E+000
  1.86789E+000  1.36937E+000
  1.86789E+000  1.36938E+000
  1.86789E+000  1.36937E+000
  1.86789E+000  1.36937E+000
  1.86789E+000  1.36937E+000
  1.86789E+000  1.36937E+000
  1.86789E+000  1.36937E+000
  1.86789E+000  1.36937E+000
  1.86789E+000  1.36937E+000
  1.86789E+000  1.36937E+000
  1.86789E+000  1.36937E+000
  1.86789E+000  1.36937E+000
  1.86789E+000  1.36937E+000
  1.86789E+000  1.36937E+000
  1.86789E+000  1.36937E+000
  1.86789E+000  1.36937E+000
  1.86789E+000  1.36937E+000
  1.86789E+000  1.36937E+000
  1.86789E+000  1.36937E+000
  1.86789E+000  1.36937E+000
  1.86789E+000  1.36937E+000
  1.86789E+000  1.36937E+000
  1.86789E+000  1.36937E+000
  1.86789E+000  1.36937E+000
  1.86789E+000  1.36937E+000
 optical property flag
    1    1    0    1    0    1    0
 number of subinterval
    1
 weight of subintervals
  1.000000000000000E+000
 Line absorption
    2
  3
  2.33695E+000
  2.33695E+000
  2.33695E+000
  2.33695E+000
  2.33695E+000
  2.33695E+000
  2.33695E+000
  2.33695E+000
  2.33695E+000
  2.33695E+000
  2.33695E+000
  2.33695E+000
  2.33695E+000
  2.33695E+000
  2.33695E+000
  2.33695E+000
  2.33695E+000
  2.33695E+000
  2.33695E+000
  2.33695E+000
  2.33695E+000
  2.33695E+000
  2.33695E+000
  2.33695E+000
  2.33695E+000
  2.33695E+000
  2.33779E+000
  2.33779E+000
  2.33779E+000
  2.33779E+000
  2.33779E+000
  2.33779E+000
  2.33779E+000
  2.33779E+000
  2.33779E+000
  2.33779E+000
  2.33779E+000
  2.33779E+000
  2.33779E+000
  2.33779E+000
  2.33779E+000
  2.33779E+000
  2.33779E+000
  2.33779E+000
  2.33779E+000
  2.33779E+000
  2.33779E+000
  2.33779E+000
  2.33779E+000
  2.33779E+000
  2.33779E+000
  2.33779E+000
  2.33847E+000
  2.33847E+000
  2.33847E+000
  2.33847E+000
  2.33847E+000
  2.33847E+000
  2.33847E+000
  2.33847E+000
  2.33847E+000
  2.33847E+000
  2.33847E+000
  2.33847E+000
  2.33847E+000
  2.33847E+000
  2.33847E+000
  2.33847E+000
  2.33847E+000
  2.33847E+000
  2.33847E+000
  2.33847E+000
  2.33847E+000
  2.33847E+000
  2.33847E+000
  2.33847E+000
  2.33847E+000
  2.33847E+000
  7
 -3.85496E+000
 -3.96001E+000
 -4.02003E+000
 -4.06750E+000
 -4.10070E+000
 -4.14002E+000
 -4.16001E+000
 -4.16004E+000
 -4.18001E+000
 -4.18000E+000
 -4.18002E+000
 -4.18002E+000
 -4.17049E+000
 -4.17049E+000
 -4.17049E+000
 -4.17169E+000
 -4.17169E+000
 -4.17169E+000
 -4.17169E+000
 -4.17169E+000
 -4.17169E+000
 -4.17169E+000
 -4.17169E+000
 -4.17169E+000
 -4.17169E+000
 -4.17169E+000
 -3.92001E+000
 -4.00001E+000
 -4.04656E+000
 -4.10002E+000
 -4.12018E+000
 -4.14014E+000
 -4.14876E+000
 -4.16262E+000
 -4.18001E+000
 -4.18002E+000
 -4.18000E+000
 -4.18001E+000
 -4.18001E+000
 -4.18001E+000
 -4.18001E+000
 -4.18003E+000
 -4.18003E+000
 -4.18003E+000
 -4.18003E+000
 -4.18003E+000
 -4.18003E+000
 -4.18003E+000
 -4.18003E+000
 -4.18003E+000
 -4.18003E+000
 -4.18003E+000
 -3.96001E+000
 -4.02003E+000
 -4.08001E+000
 -4.12001E+000
 -4.14000E+000
 -4.16001E+000
 -4.16004E+000
 -4.18001E+000
 -4.16699E+000
 -4.18000E+000
 -4.18002E+000
 -4.18002E+000
 -4.18003E+000
 -4.18003E+000
 -4.18003E+000
 -4.18003E+000
 -4.18003E+000
 -4.18003E+000
 -4.18003E+000
 -4.18003E+000
 -4.18003E+000
 -4.18003E+000
 -4.18003E+000
 -4.18003E+000
 -4.18003E+000
 -4.18003E+000
 optical property flag
    1    1    0    1    0    1    0
 number of subinterval
    1
 weight of subintervals
  1.000000000000000E+000
 Line absorption
    2
  3
  1.65261E+000
  1.65261E+000
  1.65261E+000
  1.65260E+000
  1.65261E+000
  1.65261E+000
  1.65261E+000
  1.65261E+000
  1.65261E+000
  1.65261E+000
  1.65260E+000
  1.65260E+000
  1.65260E+000
  1.65260E+000
  1.65261E+000
  1.65261E+000
  1.65261E+000
  1.65261E+000
  1.65261E+000
  1.65261E+000
  1.65261E+000
  1.65261E+000
  1.65261E+000
  1.65261E+000
  1.65261E+000
  1.65261E+000
  1.65261E+000
  1.65261E+000
  1.65259E+000
  1.65261E+000
  1.65261E+000
  1.65261E+000
  1.65260E+000
  1.65260E+000
  1.65261E+000
  1.65261E+000
  1.65261E+000
  1.65261E+000
  1.65261E+000
  1.65261E+000
  1.65261E+000
  1.65261E+000
  1.65261E+000
  1.65261E+000
  1.65261E+000
  1.65261E+000
  1.65261E+000
  1.65261E+000
  1.65261E+000
  1.65261E+000
  1.65261E+000
  1.65261E+000
  1.65261E+000
  1.65261E+000
  1.65261E+000
  1.65260E+000
  1.65261E+000
  1.65261E+000
  1.65261E+000
  1.65261E+000
  1.65261E+000
  1.65261E+000
  1.65261E+000
  1.65261E+000
  1.65261E+000
  1.65261E+000
  1.65261E+000
  1.65261E+000
  1.65261E+000
  1.65261E+000
  1.65261E+000
  1.65261E+000
  1.65261E+000
  1.65261E+000
  1.65261E+000
  1.65261E+000
  1.65261E+000
  1.65261E+000
  7
 -3.38000E+000
 -3.48000E+000
 -3.54000E+000
 -3.62000E+000
 -3.66000E+000
 -3.66000E+000
 -3.68000E+000
 -3.70000E+000
 -3.70000E+000
 -3.72000E+000
 -3.70000E+000
 -3.70000E+000
 -3.70000E+000
 -3.72000E+000
 -3.74000E+000
 -3.74000E+000
 -3.74000E+000
 -3.74000E+000
 -3.74000E+000
 -3.74000E+000
 -3.74000E+000
 -3.74000E+000
 -3.74000E+000
 -3.74000E+000
 -3.74000E+000
 -3.74000E+000
 -3.44000E+000
 -3.52000E+000
 -3.60000E+000
 -3.62000E+000
 -3.66000E+000
 -3.70000E+000
 -3.68000E+000
 -3.70000E+000
 -3.70000E+000
 -3.70000E+000
 -3.72000E+000
 -3.72000E+000
 -3.72000E+000
 -3.72000E+000
 -3.72000E+000
 -3.72000E+000
 -3.74000E+000
 -3.74000E+000
 -3.74000E+000
 -3.74000E+000
 -3.74000E+000
 -3.74000E+000
 -3.74000E+000
 -3.74000E+000
 -3.74000E+000
 -3.74000E+000
 -3.48000E+000
 -3.56000E+000
 -3.60000E+000
 -3.66000E+000
 -3.68000E+000
 -3.68000E+000
 -3.68000E+000
 -3.70000E+000
 -3.72000E+000
 -3.70000E+000
 -3.70000E+000
 -3.70000E+000
 -3.70000E+000
 -3.70000E+000
 -3.70000E+000
 -3.70000E+000
 -3.70000E+000
 -3.70000E+000
 -3.70000E+000
 -3.70000E+000
 -3.70000E+000
 -3.70000E+000
 -3.70000E+000
 -3.70000E+000
 -3.70000E+000
 -3.70000E+000
