   37    7   11    1    3    5
 Band boundary wave number (cm-1)
  1.00000E+001  2.50000E+002  4.00000E+002  5.30000E+002  6.10000E+002
  6.70000E+002  7.50000E+002  8.20000E+002  9.80000E+002  1.17500E+003
  1.22500E+003  1.32500E+003  1.40000E+003  2.00000E+003  2.50000E+003
  3.30000E+003  3.80000E+003  4.70000E+003  5.20000E+003  6.00000E+003
  1.00000E+004  1.27500E+004  1.32500E+004  1.47500E+004  1.66670E+004
  2.00000E+004  2.50000E+004  2.81690E+004  2.94120E+004  3.03000E+004
  3.15000E+004  3.30000E+004  3.45000E+004  3.60000E+004  4.35000E+004
  4.60000E+004  5.00000E+004  5.40000E+004
  Planck function fitting parameters
 -7.45251E+000  2.69244E+004  1.10182E+008 -6.55960E+011 -2.22485E+015
  Incident solar flux (W/m2)
  0.00000E+000
  Surface property
  0.00000E+000  0.00000E+000  0.00000E+000  0.00000E+000  0.00000E+000
  0.00000E+000  0.00000E+000
  Rayleigh scattering coefficient
  1.75383E-018
  Moments
  1.00000E+000
  3.82960E+002  4.07535E+002  4.72906E+002  7.08492E+002  8.99660E+002
  8.69961E+002
  1.31453E+002  1.42674E+002  2.40400E+002  5.79546E+002  8.23860E+002
  8.70034E+002
  3.62129E+002  3.73714E+002  4.13813E+002  5.10771E+002  6.60619E+002
  8.06927E+002
  3.39795E+002  3.39794E+002  3.39800E+002  3.39821E+002  3.39919E+002
  3.40333E+002
  3.39689E+002  3.39951E+002  3.41036E+002  3.43019E+002  3.46052E+002
  3.50208E+002
  1.63028E+002  1.75672E+002  2.06135E+002  6.37402E+002  8.92804E+002
  3.65730E+003
  4.64901E+002  4.94859E+002  5.68468E+002  1.63546E+003  2.30209E+003
  1.01976E+004
  8.01505E+002  9.08131E+002  1.31604E+003  7.40468E+003  1.34457E+004
  6.04602E+004
  4.97722E+002  5.29719E+002  8.40311E+002  2.76563E+003  4.99419E+003
  2.41731E+004
  3.69355E+002  3.91903E+002  4.46389E+002  1.23281E+003  1.70623E+003
  7.00448E+003
  1.84878E+000  4.97523E+000  1.53923E+001  4.03123E+001  8.31164E+001
  1.38329E+002
  0.00000E+000
  3.81917E+002  3.99043E+002  4.35132E+002  5.22745E+002  5.31993E+002
  4.70473E+002
  1.30700E+002  1.36512E+002  1.68135E+002  2.49378E+002  2.93302E+002
  2.94447E+002
  3.61249E+002  3.68316E+002  3.89019E+002  4.31425E+002  4.85986E+002
  5.27202E+002
  3.39795E+002  3.39794E+002  3.39800E+002  3.39820E+002  3.39915E+002
  3.40295E+002
  3.39686E+002  3.39925E+002  3.40824E+002  3.42302E+002  3.44388E+002
  3.47066E+002
  1.63013E+002  1.75657E+002  2.06117E+002  6.37318E+002  8.92657E+002
  3.65535E+003
  4.11550E+002  4.37094E+002  4.99530E+002  1.38199E+003  1.91913E+003
  8.00812E+003
  7.74399E+002  8.72567E+002  1.24102E+003  6.29157E+003  1.10019E+004
  4.50797E+004
  4.36780E+002  4.64096E+002  7.26565E+002  2.29976E+003  4.06752E+003
  1.87512E+004
  3.69336E+002  3.91882E+002  4.46361E+002  1.23261E+003  1.70584E+003
  6.99811E+003
  1.01457E+000  1.03278E+000  1.08016E+000  1.17605E+000  1.32289E+000
  1.49746E+000
  0.00000E+000
  1.04119E-002  3.38543E-001  3.79326E+000  4.79634E+001  1.63027E+002
  2.23819E+002
  7.70116E-003  2.57515E-001  1.41090E+001  1.41714E+002  2.91542E+002
  3.42454E+002
  7.27464E-002  7.58440E-001  5.05155E+000  2.11092E+001  5.65723E+001
  1.05120E+002
  2.33467E-012  3.40799E-010  5.42726E-009  1.45168E-007  8.53331E-006
  3.36874E-004
  5.09529E-006  2.01867E-004  5.82706E-003  3.55912E-002  1.17995E-001
  2.82898E-001
  9.82471E-005  1.07893E-004  1.33578E-004  9.57253E-004  1.95324E-003
  5.18566E-002
  1.61032E+001  1.75309E+001  2.11776E+001  8.50799E+001  1.32131E+002
  8.44928E+002
  4.00863E+000  5.73071E+000  1.45343E+001  3.13532E+002  7.38543E+002
  5.34346E+003
  1.72934E+001  1.87760E+001  3.44276E+001  1.58779E+002  3.31982E+002
  2.17923E+003
  1.38337E-004  1.61368E-004  2.26308E-004  3.12276E-003  7.16405E-003
  2.43564E-001
  1.55959E-001  1.00118E+000  4.52959E+000  1.45320E+001  3.41511E+001
  6.23279E+001
  1.00000E-001
  1.04323E-001  8.56080E-001  3.94717E+000  2.35990E+001  6.92788E+001
  1.04803E+002
  7.53457E-002  6.21850E-001  8.34806E+000  5.52959E+001  1.21206E+002
  1.58564E+002
  9.23990E-002  6.00896E-001  2.99582E+000  1.05874E+001  2.59702E+001
  4.64340E+001
  9.12583E-007  4.54928E-006  1.35645E-005  5.89355E-005  4.64530E-004
  3.76971E-003
  3.28265E-004  2.63124E-003  2.14260E-002  7.29433E-002  1.71731E-001
  3.28631E-001
  1.45767E-003  1.56668E-003  1.84578E-003  8.43756E-003  1.47158E-002
  1.96031E-001
  7.79022E+000  8.46296E+000  1.01759E+001  3.96319E+001  6.10383E+001
  3.80366E+002
  3.13373E+000  4.18989E+000  9.27078E+000  1.58004E+002  3.59692E+002
  2.46757E+003
  8.44730E+000  9.14695E+000  1.64760E+001  7.33982E+001  1.51570E+002
  9.75555E+002
  1.88825E-003  2.12076E-003  2.73834E-003  2.04379E-002  3.90114E-002
  6.47436E-001
  1.06214E-001  5.59221E-001  2.25219E+000  6.75841E+000  1.53018E+001
  2.73870E+001
  0.00000E+000
  6.90235E-004  2.18004E-002  2.44505E-001  3.96267E+000  2.17127E+001
  4.21317E+001
  5.05414E-004  1.63298E-002  8.90766E-001  1.32002E+001  4.20848E+001
  6.55125E+001
  4.87945E-003  5.66686E-002  4.29619E-001  2.06186E+000  6.33601E+000
  1.33795E+001
  1.01934E-013  1.50200E-011  2.40397E-010  6.46417E-009  3.82176E-007
  1.52940E-005
  2.81025E-007  1.10105E-005  3.20426E-004  2.01134E-003  6.89001E-003
  1.70780E-002
  6.23327E-006  6.81822E-006  8.39016E-006  6.06735E-005  1.24784E-004
  3.41406E-003
  1.74962E+000  1.91219E+000  2.32995E+000  9.95619E+000  1.57652E+001
  1.09654E+002
  4.46469E-001  6.26806E-001  1.54397E+000  3.41618E+001  8.26090E+001
  6.44198E+002
  1.80693E+000  1.97375E+000  3.76791E+000  1.88422E+001  4.07968E+001
  2.92760E+002
  8.97774E-006  1.04794E-005  1.47168E-005  2.04998E-004  4.71957E-004
  1.64522E-002
  1.39488E-002  9.29271E-002  4.36273E-001  1.45103E+000  3.52996E+000
  6.65745E+000
  0.00000E+000
  2.71209E-006  4.90892E-004  1.41520E-002  6.46781E-001  5.88129E+000
  1.37837E+001
  1.77278E-006  3.74827E-004  9.04726E-002  2.92960E+000  1.20054E+001
  2.04978E+001
  5.44243E-004  8.65071E-003  8.24730E-002  4.68004E-001  1.62705E+000
  3.76683E+000
 -8.15060E-016 -6.13176E-014 -4.06536E-013  1.02055E-011  2.86701E-009
  2.88510E-007
  4.36141E-009  2.46195E-007  1.43853E-005  1.33735E-004  5.85868E-004
  1.72202E-003
  1.17542E-007  1.29827E-007  1.63757E-007  1.58897E-006  3.65448E-006
  1.62674E-004
  4.07328E-001  4.46590E-001  5.47985E-001  2.46216E+000  3.95910E+000
  2.93087E+001
  8.53132E-002  1.21921E-001  3.12686E-001  7.79663E+000  1.94592E+001
  1.62727E+002
  4.30603E-001  4.71134E-001  9.11831E-001  4.75743E+000  1.05348E+001
  8.01826E+001
  1.78739E-007  2.14923E-007  3.21730E-007  7.00748E-006  1.83256E-005
  1.03590E-003
  2.20295E-003  1.63772E-002  8.36642E-002  2.97365E-001  7.62924E-001
  1.50264E+000
  Planck function fitting parameters
 -4.89230E+000  7.58394E+003  1.04734E+007 -9.74561E+009 -4.52146E+009
  Incident solar flux (W/m2)
  0.00000E+000
  Surface property
  0.00000E+000  0.00000E+000  0.00000E+000  0.00000E+000  0.00000E+000
  0.00000E+000  0.00000E+000
  Rayleigh scattering coefficient
  1.91384E-011
  Moments
  1.00000E+000
  1.13630E+003  1.40587E+003  1.68231E+003  1.65683E+003  1.15102E+003
  8.44042E+002
  3.13902E+002  3.99789E+002  7.08423E+002  9.59280E+002  9.17228E+002
  8.40438E+002
  9.31131E+002  1.09132E+003  1.41350E+003  1.77924E+003  1.91956E+003
  1.76458E+003
  1.08411E+003  1.08423E+003  1.08440E+003  1.08496E+003  1.08771E+003
  1.10011E+003
  6.51938E+002  6.59394E+002  6.97132E+002  7.67408E+002  8.64582E+002
  9.79993E+002
  4.14005E+002  4.42906E+002  5.13697E+002  1.60753E+003  2.28809E+003
  9.91099E+003
  1.33465E+003  1.41287E+003  1.60341E+003  4.21564E+003  5.76548E+003
  2.25846E+004
  1.29905E+003  1.65015E+003  2.94659E+003  1.99731E+004  3.52549E+004
  1.38544E+005
  1.57035E+003  1.65755E+003  2.47358E+003  7.08469E+003  1.20826E+004
  5.18474E+004
  7.84763E+002  8.45035E+002  9.91317E+002  3.13760E+003  4.44132E+003
  1.92633E+004
  3.60840E+001  1.15270E+002  2.94753E+002  5.80692E+002  8.96598E+002
  1.14045E+003
  0.00000E+000
  1.09672E+003  1.19197E+003  1.20507E+003  9.60121E+002  6.07156E+002
  4.42579E+002
  3.00349E+002  3.18090E+002  3.40348E+002  3.16129E+002  2.78059E+002
  2.59652E+002
  8.98951E+002  9.64649E+002  1.06862E+003  1.14183E+003  1.09424E+003
  9.41901E+002
  1.08410E+003  1.08422E+003  1.08439E+003  1.08491E+003  1.08732E+003
  1.09701E+003
  6.51628E+002  6.56861E+002  6.78278E+002  7.12915E+002  7.57255E+002
  8.07397E+002
  4.12680E+002  4.41518E+002  5.12151E+002  1.60279E+003  2.28067E+003
  9.84096E+003
  9.36867E+002  9.98167E+002  1.14703E+003  3.17090E+003  4.35513E+003
  1.69569E+004
  1.00656E+003  1.28747E+003  2.29981E+003  1.44216E+004  2.46413E+004
  8.93546E+004
  1.13590E+003  1.20369E+003  1.83803E+003  5.38558E+003  9.18593E+003
  3.93347E+004
  7.83478E+002  8.43631E+002  9.89607E+002  3.12860E+003  4.42546E+003
  1.90662E+004
  3.41281E+000  3.72481E+000  4.36074E+000  5.34393E+000  6.48101E+000
  7.49690E+000
  0.00000E+000
  3.21874E+000  5.10937E+001  2.00753E+002  4.62660E+002  4.38665E+002
  3.44789E+002
  1.02066E+000  1.95811E+001  2.16972E+002  5.07832E+002  5.43169E+002
  5.02146E+002
  6.87097E+000  3.76604E+001  1.31187E+002  2.93759E+002  4.44165E+002
  5.02640E+002
  3.30425E-008  1.70756E-006  1.58912E-005  2.37095E-004  7.35618E-003
  1.62736E-001
  7.23629E-003  1.75516E-001  2.69937E+000  1.03951E+001  2.39984E+001
  4.28121E+001
  7.19964E-002  7.57024E-002  8.51279E-002  3.21788E-001  5.50785E-001
  7.88041E+000
  2.01513E+002  2.12109E+002  2.38245E+002  6.15298E+002  8.55992E+002
  3.77266E+003
  1.16142E+002  1.48465E+002  2.83986E+002  2.97089E+003  5.97122E+003
  3.08208E+004
  2.03041E+002  2.14912E+002  3.27667E+002  1.01698E+003  1.82281E+003
  8.59580E+003
  6.85937E-002  7.60368E-002  9.58423E-002  7.03372E-001  1.38486E+000
  2.72753E+001
  1.17250E+001  4.90208E+001  1.47510E+002  3.23486E+002  5.36220E+002
  7.13749E+002
  1.00000E-001
  4.11211E+000  2.80347E+001  9.55785E+001  2.78879E+002  3.38595E+002
  2.94020E+002
  1.40654E+000  1.11024E+001  1.19993E+002  3.72184E+002  4.45630E+002
  4.25592E+002
  4.16472E+000  1.94879E+001  6.52755E+001  1.51889E+002  2.49828E+002
  3.13424E+002
  7.42719E-005  3.69626E-004  1.10246E-003  4.80991E-003  3.85350E-002
  3.14329E-001
  3.11351E-002  2.59825E-001  2.02917E+000  6.12710E+000  1.25457E+001
  2.09006E+001
  1.36574E-001  1.43169E-001  1.59591E-001  4.98033E-001  7.87017E-001
  7.87647E+000
  1.08307E+002  1.14972E+002  1.31450E+002  3.73472E+002  5.31246E+002
  2.52919E+003
  6.01918E+001  7.82267E+001  1.54391E+002  1.74268E+003  3.58189E+003
  1.95887E+004
  1.07219E+002  1.14382E+002  1.83920E+002  6.28276E+002  1.16553E+003
  5.92062E+003
  1.32551E-001  1.44997E-001  1.77075E-001  9.60500E-001  1.71653E+000
  2.32559E+001
  6.65466E+000  2.75561E+001  8.50745E+001  1.94559E+002  3.38055E+002
  4.71113E+002
  0.00000E+000
  2.49806E-001  4.93996E+000  3.02534E+001  1.50389E+002  2.47603E+002
  2.42839E+002
  9.05036E-002  2.12057E+000  5.34710E+001  2.50212E+002  3.47812E+002
  3.47639E+002
  6.97700E-001  4.87449E+000  2.22023E+001  6.57031E+001  1.30571E+002
  1.89727E+002
  1.61111E-009  8.28565E-008  7.68742E-007  1.14570E-005  3.62434E-004
  8.63130E-003
  3.10705E-004  7.75847E-003  1.35598E-001  5.92045E-001  1.52744E+000
  3.00571E+000
  4.59679E-003  4.89030E-003  5.64075E-003  2.49115E-002  4.45360E-002
  7.52007E-001
  5.16685E+001  5.53841E+001  6.46349E+001  2.06478E+002  3.02271E+002
  1.58720E+003
  2.18320E+001  2.95856E+001  6.36619E+001  8.78414E+002  1.89135E+003
  1.14257E+004
  4.90465E+001  5.29305E+001  9.15800E+001  3.55301E+002  6.89302E+002
  3.83317E+003
  4.64862E-003  5.23558E-003  6.81635E-003  5.98511E-002  1.22938E-001
  2.85556E+000
  2.23270E+000  1.10370E+001  3.87877E+001  9.77540E+001  1.82846E+002
  2.69457E+002
  0.00000E+000
  1.35759E-002  8.12881E-001  9.04652E+000  7.63828E+001  1.73242E+002
  1.95014E+002
  5.06036E-003  3.69830E-001  2.27535E+001  1.60561E+002  2.63963E+002
  2.79902E+002
  1.80435E-001  1.60870E+000  8.93870E+000  3.12432E+001  7.14165E+001
  1.16422E+002
  1.27851E-011  6.79369E-010  7.43384E-009  1.71250E-007  1.21250E-005
  6.14270E-004
  1.15643E-005  6.23014E-004  1.97553E-002  1.13970E-001  3.49119E-001
  7.74769E-001
  4.00331E-004  4.28981E-004  5.03304E-004  2.73613E-003  5.26985E-003
  1.23882E-001
  2.62699E+001  2.83260E+001  3.34954E+001  1.16599E+002  1.74614E+002
  9.94188E+002
  9.04602E+000  1.26054E+001  2.87900E+001  4.60373E+002  1.02753E+003
  6.72016E+003
  2.46601E+001  2.67502E+001  4.81709E+001  2.04491E+002  4.11060E+002
  2.46923E+003
  4.19714E-004  4.81697E-004  6.53207E-004  7.68459E-003  1.72441E-002
  5.61204E-001
  9.18363E-001  5.04903E+000  1.93812E+001  5.26495E+001  1.05079E+002
  1.63899E+002
  Planck function fitting parameters
 -4.69927E+000  7.20507E+003  1.05889E+007 -9.63529E+009  2.85738E+012
  Incident solar flux (W/m2)
  0.00000E+000
  Surface property
  0.00000E+000  0.00000E+000  0.00000E+000  0.00000E+000  0.00000E+000
  0.00000E+000  0.00000E+000
  Rayleigh scattering coefficient
  5.70408E-010
  Moments
  1.00000E+000
  1.97924E+003  2.38624E+003  2.48762E+003  1.90660E+003  1.12563E+003
  7.94939E+002
  3.24870E+002  7.24579E+002  1.69263E+003  1.63229E+003  1.01826E+003
  7.51887E+002
  9.64450E+002  1.23354E+003  1.71219E+003  2.16335E+003  2.23274E+003
  1.93125E+003
  1.56376E+003  1.56396E+003  1.56438E+003  1.56577E+003  1.57280E+003
  1.60555E+003
  7.10576E+002  7.29272E+002  8.22356E+002  9.85441E+002  1.19567E+003
  1.42901E+003
  9.04477E+002  9.55085E+002  1.07853E+003  2.94411E+003  4.09316E+003
  1.69447E+004
  1.69486E+003  1.79922E+003  2.05571E+003  5.67927E+003  7.83076E+003
  3.07595E+004
  1.46973E+003  2.00125E+003  3.98772E+003  2.82732E+004  4.87321E+004
  1.77290E+005
  2.02288E+003  2.14033E+003  3.25964E+003  9.68916E+003  1.66043E+004
  7.12781E+004
  7.16339E+002  8.04701E+002  1.02378E+003  4.48805E+003  6.65338E+003
  3.16181E+004
  9.09277E+001  2.64551E+002  5.97442E+002  1.03041E+003  1.39186E+003
  1.55599E+003
  0.00000E+000
  1.85291E+003  1.89341E+003  1.67908E+003  1.08347E+003  5.97793E+002
  4.15386E+002
  2.40345E+002  2.92034E+002  3.65719E+002  3.41375E+002  2.92428E+002
  2.67938E+002
  8.93076E+002  9.83541E+002  1.11017E+003  1.17941E+003  1.10186E+003
  9.21279E+002
  1.56376E+003  1.56395E+003  1.56434E+003  1.56560E+003  1.57145E+003
  1.59501E+003
  7.09534E+002  7.20946E+002  7.65256E+002  8.32651E+002  9.13836E+002
  1.00041E+003
  9.00001E+002  9.50395E+002  1.07331E+003  2.92850E+003  4.06894E+003
  1.67307E+004
  9.68430E+002  1.05563E+003  1.26800E+003  4.19512E+003  5.90423E+003
  2.38684E+004
  8.25467E+002  1.26212E+003  2.81952E+003  1.99213E+004  3.34517E+004
  1.13398E+005
  1.30769E+003  1.40039E+003  2.29045E+003  7.40372E+003  1.28719E+004
  5.62724E+004
  7.11355E+002  7.99308E+002  1.01733E+003  4.45790E+003  6.60166E+003
  3.10396E+004
  5.08446E+000  5.75074E+000  6.97285E+000  8.66079E+000  1.04017E+001
  1.17901E+001
  0.00000E+000
  1.63787E+001  1.65547E+002  4.34342E+002  6.20206E+002  4.52644E+002
  3.38627E+002
  1.15594E+001  1.60674E+002  8.89140E+002  1.00085E+003  5.68570E+002
  3.74559E+002
  1.89280E+001  8.99560E+001  2.71132E+002  5.25168E+002  6.89158E+002
  6.84253E+002
  3.41935E-007  1.40658E-005  1.17238E-004  1.55725E-003  4.18349E-002
  7.81601E-001
  3.89081E-002  8.26974E-001  1.06918E+001  3.66612E+001  7.75520E+001
  1.28952E+002
  3.45283E-001  3.63920E-001  4.11075E-001  1.45493E+000  2.42114E+000
  3.05881E+001
  3.90320E+002  4.04803E+002  4.40401E+002  9.44728E+002  1.26031E+003
  4.88927E+003
  3.00482E+002  3.50741E+002  5.87237E+002  4.88678E+003  9.34922E+003
  4.32257E+004
  3.67124E+002  3.84919E+002  5.47844E+002  1.47814E+003  2.51830E+003
  1.07497E+004
  4.37400E-001  4.74833E-001  5.74124E-001  3.31399E+000  6.16099E+000
  9.97344E+001
  3.41777E+001  1.22662E+002  3.16529E+002  5.95810E+002  8.50506E+002
  9.81002E+002
  1.00000E-001
  1.38591E+001  8.08571E+001  2.26164E+002  4.35551E+002  3.84452E+002
  3.06482E+002
  9.40672E+000  7.70110E+001  5.36314E+002  7.60776E+002  4.65746E+002
  3.14297E+002
  1.05098E+001  4.56462E+001  1.38858E+002  2.87865E+002  4.16931E+002
  4.61221E+002
  2.62036E-004  1.30439E-003  3.89205E-003  1.70135E-002  1.36602E-001
  1.08558E+000
  1.05496E-001  8.73475E-001  6.45250E+000  1.83622E+001  3.56823E+001
  5.68056E+001
  4.72500E-001  4.95517E-001  5.52992E-001  1.69678E+000  2.66438E+000
  2.54906E+001
  2.10300E+002  2.21231E+002  2.47879E+002  6.11272E+002  8.38429E+002
  3.54804E+003
  1.53444E+002  1.85744E+002  3.29242E+002  3.05139E+003  5.99775E+003
  2.96315E+004
  1.98082E+002  2.10199E+002  3.22991E+002  9.82183E+002  1.73866E+003
  8.01584E+003
  5.29543E-001  5.74110E-001  6.88988E-001  3.36925E+000  5.88326E+000
  7.33583E+001
  1.92115E+001  6.97431E+001  1.86868E+002  3.69380E+002  5.55207E+002
  6.72867E+002
  0.00000E+000
  1.40831E+000  2.11712E+001  9.55981E+001  2.83082E+002  3.15699E+002
  2.72429E+002
  9.77115E-001  2.01582E+001  2.82232E+002  5.42275E+002  3.65703E+002
  2.54133E+002
  2.32647E+000  1.42386E+001  5.61199E+001  1.42617E+002  2.43564E+002
  3.07876E+002
  1.74778E-008  7.13742E-007  5.92427E-006  7.87215E-005  2.18310E-003
  4.50057E-002
  1.80005E-003  4.03432E-002  6.11863E-001  2.42097E+000  5.78606E+000
  1.06912E+001
  2.44788E-002  2.60657E-002  3.01140E-002  1.26167E-001  2.20302E-001
  3.34215E+000
  1.08446E+002  1.15482E+002  1.32637E+002  3.72751E+002  5.26753E+002
  2.45465E+003
  6.30321E+001  7.96630E+001  1.53841E+002  1.71723E+003  3.52743E+003
  1.91791E+004
  1.00390E+002  1.07809E+002  1.78377E+002  6.15416E+002  1.13745E+003
  5.70124E+003
  2.90036E-002  3.22878E-002  4.10359E-002  3.06763E-001  6.03758E-001
  1.19637E+001
  7.06643E+000  2.99259E+001  8.98936E+001  1.93711E+002  3.10797E+002
  3.95420E+002
  0.00000E+000
  1.28023E-001  5.13234E+000  3.77468E+001  1.74749E+002  2.52642E+002
  2.39016E+002
  9.11095E-002  5.12006E+000  1.41581E+002  3.79574E+002  2.99430E+002
  2.22278E+002
  7.06438E-001  5.36355E+000  2.52756E+001  7.49648E+001  1.46595E+002
  2.08003E+002
  5.46744E-011  4.18773E-009  5.85371E-008  1.56883E-006  1.03748E-004
  4.31794E-003
  9.83428E-005  4.42436E-003  1.13264E-001  5.70580E-001  1.58210E+000
  3.24503E+000
  2.75686E-003  2.96188E-003  3.49247E-003  1.76310E-002  3.29550E-002
  6.72531E-001
  5.96641E+001  6.39350E+001  7.45621E+001  2.32298E+002  3.36675E+002
  1.70859E+003
  2.83535E+001  3.71056E+001  7.68232E+001  9.97801E+002  2.12593E+003
  1.25360E+004
  5.53343E+001  5.97189E+001  1.03188E+002  3.92820E+002  7.53250E+002
  4.08058E+003
  3.51549E-003  3.96318E-003  5.19442E-003  4.98270E-002  1.05745E-001
  2.81246E+000
  3.08567E+000  1.44727E+001  4.74868E+001  1.10725E+002  1.90982E+002
  2.59997E+002
  Planck function fitting parameters
 -4.18959E+000  7.00186E+003  1.08327E+007 -9.75454E+009  3.57480E+012
  Incident solar flux (W/m2)
  0.00000E+000
  Surface property
  0.00000E+000  0.00000E+000  0.00000E+000  0.00000E+000  0.00000E+000
  0.00000E+000  0.00000E+000
  Rayleigh scattering coefficient
  3.02306E-009
  Moments
  1.00000E+000
  2.84346E+003  3.06721E+003  2.81361E+003  1.89247E+003  1.07727E+003
  7.66904E+002
  8.26289E+002  1.60745E+003  2.51052E+003  1.62215E+003  9.11908E+002
  7.28409E+002
  6.51742E+002  9.45988E+002  1.48603E+003  2.03294E+003  2.19223E+003
  1.93609E+003
  1.95472E+003  1.95513E+003  1.95585E+003  1.95824E+003  1.97040E+003
  2.02766E+003
  9.98375E+002  1.02147E+003  1.12316E+003  1.28453E+003  1.47964E+003
  1.68684E+003
  2.07674E+003  2.15750E+003  2.35295E+003  5.18900E+003  6.89549E+003
  2.56980E+004
  1.83690E+003  1.95949E+003  2.26281E+003  6.70403E+003  9.36444E+003
  3.76726E+004
  1.74054E+003  2.40189E+003  4.86381E+003  3.31764E+004  5.59483E+004
  1.92698E+005
  2.26842E+003  2.40671E+003  3.75163E+003  1.16881E+004  2.02647E+004
  8.86214E+004
  6.92093E+002  8.13741E+002  1.11849E+003  6.10686E+003  9.25401E+003
  4.55044E+004
  1.52583E+002  4.16169E+002  8.71110E+002  1.38848E+003  1.73598E+003
  1.80652E+003
  0.00000E+000
  2.63155E+003  2.41884E+003  1.91773E+003  1.09768E+003  5.73989E+002
  3.94896E+002
  6.23664E+002  7.62802E+002  8.16397E+002  6.00041E+002  4.27937E+002
  3.60911E+002
  5.56275E+002  6.21228E+002  7.19848E+002  7.97921E+002  7.91155E+002
  7.09299E+002
  1.95471E+003  1.95510E+003  1.95577E+003  1.95789E+003  1.96762E+003
  2.00684E+003
  9.97038E+002  1.01135E+003  1.05941E+003  1.12282E+003  1.19167E+003
  1.25946E+003
  2.06683E+003  2.14715E+003  2.34151E+003  5.15734E+003  6.84785E+003
  2.53247E+004
  9.44367E+002  1.06134E+003  1.34246E+003  5.15797E+003  7.37673E+003
  3.06388E+004
  8.11579E+002  1.41202E+003  3.44981E+003  2.39847E+004  3.94442E+004
  1.26589E+005
  1.41953E+003  1.53721E+003  2.67762E+003  9.30865E+003  1.64172E+004
  7.31599E+004
  6.83044E+002  8.04061E+002  1.10719E+003  6.05671E+003  9.16836E+003
  4.45745E+004
  6.45974E+000  7.46969E+000  9.20390E+000  1.14395E+001  1.35937E+001
  1.52055E+001
  0.00000E+000
  3.38766E+001  2.54943E+002  5.39594E+002  6.34431E+002  4.43320E+002
  3.36926E+002
  3.78521E+001  3.78250E+002  1.20283E+003  8.20099E+002  4.12933E+002
  3.27620E+002
  2.95288E+001  1.34849E+002  3.91760E+002  7.31530E+002  9.21684E+002
  8.71908E+002
  1.23991E-006  4.49996E-005  3.53440E-004  4.40587E-003  1.08720E-001
  1.83023E+000
  5.11540E-002  1.00364E+000  1.22540E+001  4.11327E+001  8.61794E+001
  1.42667E+002
  7.89527E-001  8.29178E-001  9.29258E-001  3.06370E+000  4.97613E+000
  5.66069E+001
  5.07849E+002  5.19303E+002  5.48531E+002  1.04568E+003  1.37282E+003
  5.13607E+003
  4.62270E+002  5.04163E+002  7.61950E+002  5.65317E+003  1.05924E+004
  4.67957E+004
  4.67830E+002  4.85943E+002  6.51553E+002  1.61993E+003  2.70670E+003
  1.12268E+004
  9.65199E-001  1.02677E+000  1.19625E+000  6.34704E+000  1.15638E+001
  1.73087E+002
  6.13977E+001  2.01433E+002  4.75177E+002  8.19108E+002  1.07547E+003
  1.15024E+003
  1.00000E-001
  2.44365E+001  1.25808E+002  3.08185E+002  4.83637E+002  3.91768E+002
  3.11405E+002
  2.42482E+001  1.78003E+002  7.70158E+002  6.51191E+002  3.64068E+002
  3.01968E+002
  1.62750E+001  7.11206E+001  2.13865E+002  4.29359E+002  5.90341E+002
  6.10579E+002
  5.37988E-004  2.67879E-003  7.99986E-003  3.50438E-002  2.80804E-001
  2.16914E+000
  1.36010E-001  1.08947E+000  7.79139E+000  2.20246E+001  4.29178E+001
  6.87424E+001
  1.04931E+000  1.09692E+000  1.21555E+000  3.46853E+000  5.29741E+000
  4.56618E+001
  2.86423E+002  2.97771E+002  3.25317E+002  7.18396E+002  9.68249E+002
  3.92424E+003
  2.41876E+002  2.75829E+002  4.46266E+002  3.71417E+003  7.15539E+003
  3.38055E+004
  2.63653E+002  2.77907E+002  4.06607E+002  1.13986E+003  1.97467E+003
  8.77851E+003
  9.87652E-001  1.05832E+000  1.24109E+000  5.80151E+000  1.00983E+001
  1.23082E+002
  3.44996E+001  1.15624E+002  2.84809E+002  5.17436E+002  7.17541E+002
  8.08995E+002
  0.00000E+000
  3.32565E+000  4.08306E+001  1.51512E+002  3.45414E+002  3.37330E+002
  2.84001E+002
  3.26190E+000  5.55849E+001  4.49095E+002  5.01166E+002  3.19526E+002
  2.77716E+002
  4.46530E+000  2.61465E+001  9.72773E+001  2.30136E+002  3.61629E+002
  4.18443E+002
  6.52772E-008  2.35860E-006  1.84790E-005  2.31290E-004  5.95383E-003
  1.12455E-001
  3.24626E-003  7.02535E-002  1.04681E+000  4.11430E+000  9.78067E+000
  1.79752E+001
  6.29997E-002  6.68657E-002  7.66942E-002  2.99399E-001  5.09926E-001
  6.96863E+000
  1.56622E+002  1.65167E+002  1.85541E+002  4.68301E+002  6.48989E+002
  2.86781E+003
  1.06505E+002  1.27586E+002  2.25611E+002  2.24031E+003  4.49945E+003
  2.32774E+004
  1.43094E+002  1.52639E+002  2.40524E+002  7.61419E+002  1.37227E+003
  6.55950E+003
  7.02631E-002  7.69681E-002  9.48502E-002  6.56141E-001  1.26879E+000
  2.34289E+001
  1.33140E+001  5.14836E+001  1.41230E+002  2.78707E+002  4.12112E+002
  4.88477E+002
  0.00000E+000
  4.00328E-001  1.20770E+001  6.93693E+001  2.35982E+002  2.85079E+002
  2.56779E+002
  4.02642E-001  1.67641E+001  2.46928E+002  3.81785E+002  2.84005E+002
  2.56653E+002
  1.53755E+000  1.08469E+001  4.70510E+001  1.27287E+002  2.25813E+002
  2.91354E+002
  5.35969E-011  1.29889E-008  2.10073E-007  5.67586E-006  3.43143E-004
  1.26410E-002
  2.17099E-004  9.15225E-003  2.20396E-001  1.07497E+000  2.91500E+000
  5.87560E+000
  7.65566E-003  8.20661E-003  9.62687E-003  4.59634E-002  8.40365E-002
  1.54793E+000
  9.00708E+001  9.57488E+001  1.09681E+002  3.10363E+002  4.40787E+002
  2.11042E+003
  5.04655E+001  6.30184E+001  1.20207E+002  1.38453E+003  2.88129E+003
  1.61305E+004
  8.26464E+001  8.87379E+001  1.47339E+002  5.16072E+002  9.63445E+002
  4.94986E+003
  1.00877E-002  1.11528E-002  1.40830E-002  1.21789E-001  2.51574E-001
  6.07859E+000
  6.00440E+000  2.56686E+001  7.69755E+001  1.64925E+002  2.63700E+002
  3.37047E+002
  Planck function fitting parameters
 -3.89519E+000  6.93079E+003  1.10573E+007 -1.01835E+010  4.03145E+012
  Incident solar flux (W/m2)
  0.00000E+000
  Surface property
  0.00000E+000  0.00000E+000  0.00000E+000  0.00000E+000  0.00000E+000
  0.00000E+000  0.00000E+000
  Rayleigh scattering coefficient
  7.78101E-009
  Moments
  1.00000E+000
  3.18401E+003  3.17128E+003  2.75397E+003  1.80131E+003  1.03805E+003
  7.48496E+002
  1.36955E+003  2.39216E+003  2.84575E+003  1.54330E+003  8.84266E+002
  7.19272E+002
  7.32525E+002  1.06248E+003  1.63216E+003  2.16295E+003  2.26418E+003
  1.95441E+003
  2.21832E+003  2.21851E+003  2.21936E+003  2.22251E+003  2.23919E+003
  2.31810E+003
  9.74833E+002  9.95410E+002  1.08437E+003  1.22214E+003  1.38630E+003
  1.55947E+003
  1.59732E+003  1.68623E+003  1.90252E+003  5.11588E+003  7.07440E+003
  2.87394E+004
  1.82882E+003  1.97316E+003  2.32639E+003  7.25098E+003  1.01355E+004
  4.06129E+004
  1.17427E+003  1.90800E+003  4.53712E+003  3.32125E+004  5.57824E+004
  1.89237E+005
  2.44700E+003  2.60036E+003  4.07721E+003  1.26581E+004  2.19010E+004
  9.57657E+004
  1.24236E+003  1.40399E+003  1.80001E+003  7.79536E+003  1.14755E+004
  5.32704E+004
  2.04850E+002  5.36353E+002  1.07226E+003  1.63048E+003  1.94718E+003
  1.94252E+003
  0.00000E+000
  2.94916E+003  2.53286E+003  1.91748E+003  1.06360E+003  5.55093E+002
  3.84628E+002
  1.03848E+003  1.23461E+003  1.12619E+003  6.94281E+002  4.45884E+002
  3.64098E+002
  6.16604E+002  6.86144E+002  7.82469E+002  8.45342E+002  8.16939E+002
  7.18586E+002
  2.21831E+003  2.21847E+003  2.21924E+003  2.22198E+003  2.23499E+003
  2.28743E+003
  9.73474E+002  9.85443E+002  1.02414E+003  1.07269E+003  1.12330E+003
  1.17164E+003
  1.58980E+003  1.67835E+003  1.89372E+003  5.08820E+003  7.03064E+003
  2.83470E+004
  1.25832E+003  1.39186E+003  1.71236E+003  5.97085E+003  8.41955E+003
  3.40238E+004
  4.54234E+002  1.17201E+003  3.43158E+003  2.47378E+004  4.03994E+004
  1.27154E+005
  1.76365E+003  1.89854E+003  3.18325E+003  1.05078E+004  1.83433E+004
  8.09935E+004
  1.23596E+003  1.39702E+003  1.79152E+003  7.74651E+003  1.13881E+004
  5.22628E+004
  7.45191E+000  8.72883E+000  1.08360E+001  1.34453E+001  1.58678E+001
  1.76262E+001
  0.00000E+000
  4.36348E+001  2.80238E+002  5.42533E+002  6.10350E+002  4.33589E+002
  3.34114E+002
  7.36984E+001  5.66961E+002  1.26119E+003  7.05753E+002  3.91246E+002
  3.25591E+002
  3.78351E+001  1.64090E+002  4.54743E+002  8.14311E+002  9.89850E+002
  9.09698E+002
  2.62300E-006  8.84911E-005  6.71940E-004  8.07292E-003  1.88958E-001
  2.97743E+000
  5.41434E-002  1.01578E+000  1.20949E+001  4.03916E+001  8.46656E+001
  1.40519E+002
  7.00599E-001  7.41763E-001  8.49015E-001  3.23443E+000  5.43489E+000
  6.66273E+001
  3.78027E+002  3.87892E+002  4.15662E+002  9.23414E+002  1.25252E+003
  4.98131E+003
  4.05305E+002  4.20037E+002  6.48338E+002  5.52870E+003  1.04186E+004
  4.59694E+004
  4.19537E+002  4.35136E+002  5.87394E+002  1.53918E+003  2.61151E+003
  1.10282E+004
  6.23649E-001  6.89053E-001  8.71365E-001  6.59594E+000  1.26313E+001
  2.02521E+002
  8.54510E+001  2.65653E+002  5.94004E+002  9.71797E+002  1.21430E+003
  1.24202E+003
  1.00000E-001
  2.85141E+001  1.41774E+002  3.29674E+002  4.84915E+002  3.89779E+002
  3.11535E+002
  4.19550E+001  2.69870E+002  8.42118E+002  5.84722E+002  3.58012E+002
  3.05976E+002
  2.09901E+001  8.87169E+001  2.57036E+002  4.96500E+002  6.57559E+002
  6.57647E+002
  8.17630E-004  4.07024E-003  1.21579E-002  5.33105E-002  4.26059E-001
  3.22409E+000
  1.38969E-001  1.09782E+000  7.85505E+000  2.24922E+001  4.44490E+001
  7.21083E+001
  8.24043E-001  8.65237E-001  9.70007E-001  3.17149E+000  5.09079E+000
  5.04575E+001
  2.48549E+002  2.57209E+002  2.80309E+002  6.73148E+002  9.29128E+002
  3.93538E+003
  2.41765E+002  2.55122E+002  4.07300E+002  3.78441E+003  7.31901E+003
  3.44255E+004
  2.63100E+002  2.75773E+002  3.95709E+002  1.13307E+003  1.98093E+003
  8.87362E+003
  7.08283E-001  7.74348E-001  9.50382E-001  5.82382E+000  1.06382E+001
  1.39913E+002
  4.80777E+001  1.53444E+002  3.59198E+002  6.20235E+002  8.19329E+002
  8.84179E+002
  0.00000E+000
  4.70564E+000  5.18960E+001  1.75949E+002  3.63272E+002  3.42620E+002
  2.87229E+002
  6.55586E+000  9.35160E+001  5.21557E+002  4.74536E+002  3.25236E+002
  2.85407E+002
  6.24809E+000  3.48234E+001  1.23329E+002  2.78110E+002  4.17771E+002
  4.64526E+002
  1.41266E-007  4.74051E-006  3.59091E-005  4.34006E-004  1.06717E-002
  1.90747E-001
  4.10995E-003  8.71101E-002  1.29112E+000  5.08087E+000  1.20975E+001
  2.22588E+001
  6.59683E-002  7.03075E-002  8.16261E-002  3.52592E-001  6.17674E-001
  9.02007E+000
  1.53544E+002  1.60313E+002  1.77869E+002  4.66152E+002  6.56403E+002
  2.98082E+003
  1.22787E+002  1.34019E+002  2.26103E+002  2.40689E+003  4.83014E+003
  2.46841E+004
  1.55579E+002  1.64675E+002  2.51182E+002  7.93805E+002  1.43496E+003
  6.84194E+003
  6.07357E-002  6.79331E-002  8.79930E-002  7.78366E-001  1.56088E+000
  3.02207E+001
  1.90525E+001  6.97143E+001  1.80999E+002  3.38595E+002  4.76229E+002
  5.39998E+002
  0.00000E+000
  6.70941E-001  1.71532E+001  8.74944E+001  2.61351E+002  2.96524E+002
  2.63068E+002
  9.55682E-001  3.09763E+001  3.04993E+002  3.81107E+002  2.94934E+002
  2.65096E+002
  2.27325E+000  1.51714E+001  6.23124E+001  1.59841E+002  2.69658E+002
  3.32679E+002
  8.73733E-010  4.52383E-008  5.48666E-007  1.27346E-005  6.97154E-004
  2.36147E-002
  3.25223E-004  1.30438E-002  3.06065E-001  1.47695E+000  3.97765E+000
  7.97457E+000
  9.75582E-003  1.04814E-002  1.24002E-002  6.27617E-002  1.16324E-001
  2.20022E+000
  9.67480E+001  1.01822E+002  1.14795E+002  3.25308E+002  4.66628E+002
  2.26781E+003
  6.53216E+001  7.33756E+001  1.29877E+002  1.55465E+003  3.22304E+003
  1.77357E+004
  9.51340E+001  1.01500E+002  1.62876E+002  5.60819E+002  1.04567E+003
  5.32051E+003
  9.71058E-003  1.09814E-002  1.46026E-002  1.58581E-001  3.38094E-001
  8.46252E+000
  8.74790E+000  3.53338E+001  1.00258E+002  2.03800E+002  3.10503E+002
  3.80497E+002
  Planck function fitting parameters
 -4.18254E+000  6.91574E+003  1.11962E+007 -1.05466E+010  4.31520E+012
  Incident solar flux (W/m2)
  0.00000E+000
  Surface property
  0.00000E+000  0.00000E+000  0.00000E+000  0.00000E+000  0.00000E+000
  0.00000E+000  0.00000E+000
  Rayleigh scattering coefficient
  1.79528E-008
  Moments
  1.00000E+000
  3.18617E+003  3.00821E+003  2.55208E+003  1.67858E+003  9.93952E+002
  7.26844E+002
  2.62580E+003  3.53494E+003  2.94342E+003  1.44393E+003  8.58936E+002
  7.02804E+002
  7.76292E+002  1.12527E+003  1.70290E+003  2.21300E+003  2.27920E+003
  1.94636E+003
  2.46973E+003  2.47023E+003  2.47144E+003  2.47570E+003  2.49829E+003
  2.60482E+003
  8.42734E+002  8.69037E+002  9.86383E+002  1.16863E+003  1.38386E+003
  1.60821E+003
  1.20377E+003  1.28981E+003  1.50084E+003  4.77005E+003  6.79570E+003
  2.92479E+004
  1.50070E+003  1.62758E+003  1.94403E+003  6.72461E+003  9.59165E+003
  4.00091E+004
  9.86915E+002  1.69310E+003  4.22995E+003  3.14420E+004  5.26742E+004
  1.77807E+005
  2.29302E+003  2.43418E+003  3.83693E+003  1.23192E+004  2.15429E+004
  9.53828E+004
  5.06962E+002  6.61219E+002  1.04531E+003  7.15987E+003  1.09700E+004
  5.41222E+004
  2.67122E+002  6.72507E+002  1.28782E+003  1.87466E+003  2.14650E+003
  2.06094E+003
  0.00000E+000
  2.96489E+003  2.44488E+003  1.82091E+003  1.01134E+003  5.36065E+002
  3.75150E+002
  2.12157E+003  2.17195E+003  1.47307E+003  7.36994E+002  4.38675E+002
  3.52892E+002
  6.44809E+002  7.13044E+002  8.00355E+002  8.47321E+002  8.05697E+002
  7.02867E+002
  2.46972E+003  2.47017E+003  2.47126E+003  2.47491E+003  2.49212E+003
  2.56092E+003
  8.40626E+002  8.53738E+002  8.96393E+002  9.50347E+002  1.00691E+003
  1.06116E+003
  1.19016E+003  1.27579E+003  1.48578E+003  4.73492E+003  6.74413E+003
  2.88544E+004
  6.33710E+002  7.86364E+002  1.13700E+003  5.50555E+003  7.99813E+003
  3.39790E+004
  2.27463E+002  9.79127E+002  3.25124E+003  2.39368E+004  3.89827E+004
  1.21940E+005
  1.44785E+003  1.58283E+003  2.87620E+003  1.03102E+004  1.82686E+004
  8.17779E+004
  4.97805E+002  6.51523E+002  1.03412E+003  7.11126E+003  1.08851E+004
  5.31670E+004
  8.50010E+000  1.00716E+001  1.25662E+001  1.55318E+001  1.81704E+001
  1.99983E+001
  0.00000E+000
  4.97776E+001  2.78412E+002  5.09340E+002  5.71073E+002  4.19505E+002
  3.28309E+002
  1.27672E+002  7.03182E+002  1.11686E+003  6.11488E+002  3.81709E+002
  3.21516E+002
  4.52754E+001  1.88882E+002  5.05835E+002  8.80218E+002  1.04585E+003
  9.44687E+002
  5.28537E-006  1.66783E-004  1.22833E-003  1.42593E-002  3.16814E-001
  4.67369E+000
  1.02938E-001  1.83684E+000  2.04259E+001  6.51683E+001  1.32013E+002
  2.13203E+002
  1.52118E+000  1.56606E+000  1.68258E+000  4.86385E+000  7.66111E+000
  7.97208E+001
  5.76151E+002  5.68908E+002  5.62445E+002  9.30300E+002  1.23193E+003
  4.78598E+003
  4.54177E+002  4.33273E+002  6.00866E+002  5.24301E+003  9.88070E+003
  4.35576E+004
  5.31918E+002  5.43688E+002  6.64794E+002  1.52235E+003  2.53425E+003
  1.06478E+004
  1.08309E+000  1.14733E+000  1.34460E+000  7.87130E+000  1.50481E+001
  2.28711E+002
  1.14938E+002  3.39813E+002  7.22980E+002  1.12709E+003  1.34591E+003
  1.32218E+003
  1.00000E-001
  2.91305E+001  1.45365E+002  3.27053E+002  4.68418E+002  3.82075E+002
  3.08276E+002
  6.74519E+001  3.45426E+002  7.86592E+002  5.30278E+002  3.55472E+002
  3.04195E+002
  2.54069E+001  1.05069E+002  2.96744E+002  5.58100E+002  7.20211E+002
  7.03407E+002
  1.21058E-003  6.02472E-003  1.80039E-002  7.90365E-002  6.29400E-001
  4.65841E+000
  2.17479E-001  1.72809E+000  1.22736E+001  3.45750E+001  6.71243E+001
  1.07044E+002
  1.52581E+000  1.57362E+000  1.69333E+000  4.19473E+000  6.30221E+000
  5.47504E+001
  3.75994E+002  3.76201E+002  3.82526E+002  7.01455E+002  9.45248E+002
  3.88679E+003
  2.85300E+002  2.75921E+002  3.94226E+002  3.72403E+003  7.19628E+003
  3.37161E+004
  3.33000E+002  3.45423E+002  4.58424E+002  1.15849E+003  1.98391E+003
  8.77641E+003
  1.05432E+000  1.11780E+000  1.29730E+000  6.15751E+000  1.11393E+001
  1.46159E+002
  6.48068E+001  1.97505E+002  4.40826E+002  7.26076E+002  9.17196E+002
  9.51092E+002
  0.00000E+000
  5.75107E+000  5.85636E+001  1.86765E+002  3.64436E+002  3.41196E+002
  2.86646E+002
  1.21592E+001  1.31884E+002  5.18655E+002  4.50520E+002  3.27768E+002
  2.85643E+002
  8.19306E+000  4.39970E+001  1.50097E+002  3.26328E+002  4.73456E+002
  5.09942E+002
  2.89361E-007  9.06599E-006  6.66073E-005  7.79665E-004  1.83427E-002
  3.10495E-001
  7.74782E-003  1.58825E-001  2.23248E+000  8.44024E+000  1.94625E+001
  3.48680E+001
  1.37860E-001  1.43835E-001  1.58988E-001  5.47912E-001  9.09257E-001
  1.16092E+001
  2.29286E+002  2.33552E+002  2.45257E+002  5.04800E+002  6.93993E+002
  3.04091E+003
  1.54780E+002  1.54997E+002  2.32481E+002  2.48523E+003  4.96535E+003
  2.50879E+004
  1.99224E+002  2.09224E+002  2.99640E+002  8.42881E+002  1.48973E+003
  6.97327E+003
  1.09035E-001  1.17640E-001  1.42760E-001  9.94759E-001  1.99417E+000
  3.71376E+001
  2.62929E+001  9.13465E+001  2.25280E+002  4.01012E+002  5.38561E+002
  5.86409E+002
  0.00000E+000
  9.44198E-001  2.12359E+001  9.95543E+001  2.73259E+002  3.00660E+002
  2.65079E+002
  2.03425E+000  4.73809E+001  3.24788E+002  3.76926E+002  3.00382E+002
  2.67121E+002
  3.15748E+000  2.01775E+001  7.93505E+001  1.94968E+002  3.15450E+002
  3.74380E+002
  3.69237E-009  1.27935E-007  1.30184E-006  2.68771E-005  1.34483E-003
  4.19745E-002
  6.97173E-004  2.62320E-002  5.65160E-001  2.57975E+000  6.66756E+000
  1.29381E+001
  2.23852E-002  2.35113E-002  2.63892E-002  1.08304E-001  1.90591E-001
  3.12140E+000
  1.42819E+002  1.47507E+002  1.59411E+002  3.64234E+002  5.10151E+002
  2.38107E+003
  8.73760E+001  8.98021E+001  1.40644E+002  1.67183E+003  3.44236E+003
  1.86328E+004
  1.22627E+002  1.30146E+002  1.99028E+002  6.15316E+002  1.12040E+003
  5.56815E+003
  2.02035E-002  2.19272E-002  2.71296E-002  2.27993E-001  4.85108E-001
  1.13910E+001
  1.22698E+001  4.69871E+001  1.26596E+002  2.45015E+002  3.56931E+002
  4.20705E+002
  Planck function fitting parameters
 -4.04762E+000  6.90898E+003  1.11557E+007 -1.03914E+010  4.20460E+012
  Incident solar flux (W/m2)
  0.00000E+000
  Surface property
  0.00000E+000  0.00000E+000  0.00000E+000  0.00000E+000  0.00000E+000
  0.00000E+000  0.00000E+000
  Rayleigh scattering coefficient
  3.73771E-008
  Moments
  1.00000E+000
  2.65831E+003  2.47379E+003  2.13135E+003  1.47983E+003  9.27905E+002
  6.95063E+002
  3.95309E+003  4.04734E+003  2.70837E+003  1.35245E+003  8.32383E+002
  6.84099E+002
  9.23591E+002  1.31515E+003  1.91561E+003  2.38397E+003  2.36395E+003
  1.96278E+003
  2.74383E+003  2.74524E+003  2.74709E+003  2.75284E+003  2.78292E+003
  2.92319E+003
  9.08681E+002  9.51354E+002  1.14129E+003  1.42715E+003  1.75202E+003
  2.07769E+003
  1.27831E+003  1.35486E+003  1.54230E+003  4.41483E+003  6.17949E+003
  2.54891E+004
  1.70391E+003  1.80357E+003  2.05601E+003  6.01745E+003  8.45771E+003
  3.46928E+004
  1.15833E+003  1.70533E+003  3.76583E+003  2.66502E+004  4.47424E+004
  1.53091E+005
  2.47388E+003  2.59792E+003  3.79830E+003  1.10352E+004  1.89609E+004
  8.26492E+004
  4.80031E+002  6.08213E+002  9.30407E+002  6.16572E+003  9.43957E+003
  4.63154E+004
  3.42231E+002  8.29499E+002  1.52448E+003  2.12882E+003  2.34202E+003
  2.16916E+003
  0.00000E+000
  2.49957E+003  2.06950E+003  1.58166E+003  9.25082E+002  5.12779E+002
  3.65646E+002
  3.40785E+003  2.86430E+003  1.55828E+003  7.13488E+002  4.20946E+002
  3.39273E+002
  7.64432E+002  8.40575E+002  9.25893E+002  9.51250E+002  8.75194E+002
  7.41681E+002
  2.74381E+003  2.74515E+003  2.74683E+003  2.75170E+003  2.77409E+003
  2.86228E+003
  9.04908E+002  9.24366E+002  9.88400E+002  1.06903E+003  1.15219E+003
  1.23026E+003
  1.25444E+003  1.33050E+003  1.51674E+003  4.37024E+003  6.12090E+003
  2.51664E+004
  6.27644E+002  7.56017E+002  1.05515E+003  4.83362E+003  7.00009E+003
  2.96008E+004
  1.88861E+002  8.37919E+002  2.79994E+003  2.07120E+004  3.38973E+004
  1.07812E+005
  1.49572E+003  1.61265E+003  2.73842E+003  9.20983E+003  1.61294E+004
  7.12100E+004
  4.64831E+002  5.92553E+002  9.13348E+002  6.11757E+003  9.36298E+003
  4.55923E+004
  9.67638E+000  1.15855E+001  1.45028E+001  1.78305E+001  2.06567E+001
  2.25013E+001
  0.00000E+000
  4.49971E+001  2.25945E+002  4.11193E+002  4.91765E+002  3.89225E+002
  3.13711E+002
  1.40584E+002  6.28519E+002  9.10133E+002  5.66159E+002  3.76176E+002
  3.17715E+002
  5.74049E+001  2.26045E+002  5.73893E+002  9.52331E+002  1.08735E+003
  9.53186E+002
  1.00538E-005  2.98355E-004  2.13650E-003  2.40157E-002  5.07693E-001
  7.03851E+000
  2.25460E-001  3.75671E+000  3.80362E+001  1.13822E+002  2.19590E+002
  3.40912E+002
  3.11118E+000  3.17158E+000  3.32164E+000  6.64863E+000  9.50462E+000
  8.02203E+001
  7.03573E+002  7.00120E+002  6.96957E+002  9.30946E+002  1.16912E+003
  4.27366E+003
  5.90576E+002  5.46258E+002  6.36490E+002  4.44839E+003  8.39642E+003
  3.74650E+004
  6.19341E+002  6.33991E+002  7.50635E+002  1.45532E+003  2.31721E+003
  9.56983E+003
  2.05606E+000  2.11325E+000  2.31470E+000  7.73168E+000  1.40267E+001
  2.12486E+002
  1.51335E+002  4.26675E+002  8.66082E+002  1.28991E+003  1.47586E+003
  1.39643E+003
  1.00000E-001
  2.36055E+001  1.22674E+002  2.78129E+002  4.14991E+002  3.59129E+002
  2.97014E+002
  7.55758E+001  3.30009E+002  6.83076E+002  5.04442E+002  3.52590E+002
  3.01564E+002
  3.23226E+001  1.27890E+002  3.44783E+002  6.19961E+002  7.68739E+002
  7.27489E+002
  1.74912E-003  8.69735E-003  2.60002E-002  1.14210E-001  9.04035E-001
  6.53128E+000
  3.92400E-001  3.09997E+000  2.11687E+001  5.71021E+001  1.06647E+002
  1.64439E+002
  2.72662E+000  2.78854E+000  2.93830E+000  5.46175E+000  7.41251E+000
  5.00572E+001
  4.55069E+002  4.59964E+002  4.73579E+002  7.23253E+002  9.26511E+002
  3.57688E+003
  3.74331E+002  3.54792E+002  4.32950E+002  3.29508E+003  6.37289E+003
  3.00961E+004
  3.89335E+002  4.04999E+002  5.26778E+002  1.14458E+003  1.87490E+003
  8.10616E+003
  1.79578E+000  1.85478E+000  2.03351E+000  6.16166E+000  1.03110E+001
  1.26201E+002
  8.55621E+001  2.49545E+002  5.32335E+002  8.38467E+002  1.01555E+003
  1.01499E+003
  0.00000E+000
  5.45600E+000  5.36272E+001  1.68877E+002  3.33906E+002  3.25439E+002
  2.78605E+002
  1.59473E+001  1.40220E+002  4.79213E+002  4.39482E+002  3.27482E+002
  2.84551E+002
  1.10350E+001  5.60276E+001  1.81099E+002  3.74607E+002  5.20447E+002
  5.41599E+002
  5.60240E-007  1.64964E-005  1.17907E-004  1.34013E-003  3.02381E-002
  4.86315E-001
  1.60437E-002  3.09892E-001  3.99671E+000  1.42171E+001  3.12834E+001
  5.39620E+001
  2.70654E-001  2.80949E-001  3.06030E-001  7.87526E-001  1.19906E+000
  1.26720E+001
  2.75926E+002  2.84517E+002  3.04414E+002  5.37895E+002  7.04887E+002
  2.89887E+003
  2.05982E+002  2.05394E+002  2.69274E+002  2.31589E+003  4.61764E+003
  2.33253E+004
  2.36230E+002  2.48839E+002  3.51786E+002  8.64117E+002  1.46207E+003
  6.66699E+003
  2.06661E-001  2.17919E-001  2.50639E-001  1.06337E+000  2.02528E+000
  3.78790E+001
  3.54586E+001  1.17305E+002  2.75599E+002  4.68186E+002  6.02285E+002
  6.32062E+002
  0.00000E+000
  1.01032E+000  2.11477E+001  9.59599E+001  2.59690E+002  2.91331E+002
  2.59947E+002
  3.02416E+000  5.51562E+001  3.21060E+002  3.77002E+002  3.02635E+002
  2.67795E+002
  4.41947E+000  2.65959E+001  9.88278E+001  2.30498E+002  3.56256E+002
  4.07352E+002
  8.44752E-009  2.73117E-007  2.67456E-006  5.26114E-005  2.45671E-003
  7.11619E-002
  1.56530E-003  5.38759E-002  1.03781E+000  4.41269E+000  1.08308E+001
  2.01850E+001
  4.65511E-002  4.87757E-002  5.42521E-002  1.68786E-001  2.74545E-001
  3.78080E+000
  1.72251E+002  1.80007E+002  1.98627E+002  3.99931E+002  5.35218E+002
  2.34090E+003
  1.17827E+002  1.22022E+002  1.70314E+002  1.63037E+003  3.34223E+003
  1.79714E+004
  1.47524E+002  1.56979E+002  2.38230E+002  6.51687E+002  1.13680E+003
  5.47868E+003
  4.08895E-002  4.35489E-002  5.13076E-002  2.62342E-001  5.33810E-001
  1.28277E+001
  1.67968E+001  6.11785E+001  1.57005E+002  2.90242E+002  4.05689E+002
  4.61817E+002
  Planck function fitting parameters
 -4.89251E+000  7.08082E+003  1.07383E+007 -9.95893E+009  3.89442E+012
  Incident solar flux (W/m2)
  0.00000E+000
  Surface property
  0.00000E+000  0.00000E+000  0.00000E+000  0.00000E+000  0.00000E+000
  0.00000E+000  0.00000E+000
  Rayleigh scattering coefficient
  1.02429E-007
  Moments
  1.00000E+000
  1.31038E+003  1.43420E+003  1.47941E+003  1.32845E+003  9.60127E+002
  7.28146E+002
  2.74473E+003  2.53112E+003  1.83939E+003  1.12878E+003  7.70209E+002
  6.48857E+002
  1.31167E+003  2.01399E+003  2.89398E+003  3.30874E+003  2.92559E+003
  2.17805E+003
  3.18517E+003  3.18671E+003  3.18924E+003  3.19765E+003  3.24303E+003
  3.44951E+003
  1.37115E+003  1.49715E+003  2.00998E+003  2.68636E+003  3.36054E+003
  3.95598E+003
  2.65775E+003  2.72695E+003  2.88837E+003  4.72922E+003  5.65888E+003
  1.48809E+004
  2.13052E+003  2.20618E+003  2.38702E+003  4.80857E+003  6.25602E+003
  2.22221E+004
  1.78818E+003  2.09665E+003  3.29750E+003  1.88285E+004  3.22239E+004
  1.19818E+005
  2.82470E+003  2.92691E+003  3.80411E+003  8.24359E+003  1.29811E+004
  5.14615E+004
  5.84264E+002  6.49768E+002  8.11349E+002  3.29073E+003  4.81037E+003
  2.20054E+004
  4.78483E+002  1.09788E+003  1.90391E+003  2.50914E+003  2.61318E+003
  2.30615E+003
  0.00000E+000
  1.19727E+003  1.11602E+003  9.75230E+002  7.01649E+002  4.61419E+002
  3.55393E+002
  2.51283E+003  2.01783E+003  1.18222E+003  6.17713E+002  3.96062E+002
  3.29044E+002
  9.74880E+002  1.11425E+003  1.24880E+003  1.25326E+003  1.08858E+003
  8.59166E+002
  3.18514E+003  3.18656E+003  3.18880E+003  3.19573E+003  3.22838E+003
  3.35353E+003
  1.35996E+003  1.41991E+003  1.61527E+003  1.84467E+003  2.05906E+003
  2.23920E+003
  2.60910E+003  2.67735E+003  2.83654E+003  4.64959E+003  5.56234E+003
  1.45417E+004
  7.76053E+002  8.37981E+002  9.86606E+002  2.96156E+003  4.10513E+003
  1.62145E+004
  1.95331E+002  5.22053E+002  1.56339E+003  1.21655E+004  2.05543E+004
  7.14266E+004
  1.64099E+003  1.71381E+003  2.36746E+003  5.80994E+003  9.45843E+003
  3.87186E+004
  5.50325E+002  6.14773E+002  7.73829E+002  3.21395E+003  4.70502E+003
  2.13666E+004
  1.16312E+001  1.41116E+001  1.76979E+001  2.15446E+001  2.45777E+001
  2.63532E+001
  0.00000E+000
  3.48187E+001  1.99624E+002  4.04644E+002  5.72373E+002  4.74486E+002
  3.58729E+002
  6.91577E+001  3.04527E+002  5.57245E+002  4.74610E+002  3.55590E+002
  3.05702E+002
  1.27758E+002  4.32894E+002  9.37763E+002  1.32366E+003  1.29599E+003
  1.00161E+003
  2.50388E-005  6.81722E-004  4.69074E-003  5.02321E-002  9.82151E-001
  1.23742E+001
  9.72874E-001  1.34815E+001  1.07441E+002  2.74993E+002  4.72767E+002
  6.70240E+002
  6.80169E+000  6.99353E+000  7.45354E+000  1.36263E+001  1.72943E+001
  8.66868E+001
  8.53036E+002  8.79304E+002  9.37257E+002  1.47421E+003  1.76625E+003
  5.22071E+003
  9.57910E+002  9.98517E+002  1.19743E+003  5.35090E+003  9.64460E+003
  4.22037E+004
  7.44420E+002  7.75617E+002  1.01845E+003  1.99128E+003  2.97640E+003
  1.10674E+004
  5.58975E+000  5.77834E+000  6.25040E+000  1.53008E+001  2.26808E+001
  1.94430E+002
  2.19253E+002  5.78002E+002  1.09836E+003  1.53541E+003  1.65692E+003
  1.49093E+003
  1.00000E-001
  1.82812E+001  1.16856E+002  2.95213E+002  4.99087E+002  4.41770E+002
  3.40693E+002
  3.62110E+001  1.73222E+002  4.44993E+002  4.33428E+002  3.36892E+002
  2.92442E+002
  6.79418E+001  2.33676E+002  5.40275E+002  8.32462E+002  8.96938E+002
  7.62220E+002
  2.95136E-003  1.46990E-002  4.40164E-002  1.93408E-001  1.51008E+000
  1.04693E+001
  1.17314E+000  8.83172E+000  5.19219E+001  1.23091E+002  2.07396E+002
  2.94263E+002
  5.58723E+000  5.72179E+000  6.03892E+000  1.01888E+001  1.27253E+001
  5.53915E+001
  5.40560E+002  5.65496E+002  6.21962E+002  1.14738E+003  1.41602E+003
  4.49441E+003
  5.94671E+002  6.43096E+002  8.27555E+002  4.18125E+003  7.72095E+003
  3.54840E+004
  4.68079E+002  4.94517E+002  7.10692E+002  1.59385E+003  2.46974E+003
  9.65004E+003
  4.14265E+000  4.30035E+000  4.67828E+000  1.08056E+001  1.55211E+001
  1.19978E+002
  1.24585E+002  3.41217E+002  6.82839E+002  1.01052E+003  1.15525E+003
  1.09883E+003
  0.00000E+000
  4.91971E+000  5.76919E+001  1.96471E+002  4.18462E+002  4.04567E+002
  3.20500E+002
  9.34850E+000  8.27767E+001  3.33784E+002  3.87338E+002  3.16149E+002
  2.77990E+002
  2.29748E+001  1.00235E+002  2.77684E+002  4.95573E+002  6.05983E+002
  5.75172E+002
  1.42360E-006  3.85125E-005  2.65077E-004  2.88715E-003  6.10670E-002
  9.07484E-001
  5.41046E-002  8.81442E-001  9.12496E+000  2.82457E+001  5.63027E+001
  9.00895E+001
  5.96031E-001  6.22816E-001  6.88067E-001  1.66898E+000  2.30373E+000
  1.54881E+001
  3.26994E+002  3.46936E+002  3.93072E+002  8.54554E+002  1.09021E+003
  3.75368E+003
  3.19574E+002  3.67969E+002  5.25252E+002  3.12206E+003  5.93527E+003
  2.88777E+004
  2.89031E+002  3.08281E+002  4.75606E+002  1.22603E+003  1.97778E+003
  8.18476E+003
  5.35385E-001  5.71778E-001  6.60571E-001  2.26333E+000  3.60892E+000
  4.02452E+001
  5.31276E+001  1.63933E+002  3.59698E+002  5.72517E+002  6.94201E+002
  6.93254E+002
  0.00000E+000
  1.14721E+000  2.63847E+001  1.23759E+002  3.40870E+002  3.66354E+002
  2.99967E+002
  2.04857E+000  3.62930E+001  2.39847E+002  3.40918E+002  2.95039E+002
  2.63441E+002
  9.03192E+000  4.64958E+001  1.48624E+002  3.02309E+002  4.17650E+002
  4.42011E+002
  1.37230E-008  6.29890E-007  6.80679E-006  1.33589E-004  5.70830E-003
  1.47937E-001
  5.76781E-003  1.59040E-001  2.41752E+000  8.94792E+000  1.99613E+001
  3.46415E+001
  1.06262E-001  1.12347E-001  1.27520E-001  3.91663E-001  5.82257E-001
  5.26213E+000
  2.06813E+002  2.21067E+002  2.55334E+002  6.36422E+002  8.36463E+002
  3.11436E+003
  1.80139E+002  2.16823E+002  3.37681E+002  2.32089E+003  4.53173E+003
  2.32571E+004
  1.84410E+002  1.98018E+002  3.23428E+002  9.40513E+002  1.57509E+003
  6.91104E+003
  1.12669E-001  1.22428E-001  1.46911E-001  6.49315E-001  1.10636E+000
  1.56941E+001
  2.56944E+001  8.71439E+001  2.08803E+002  3.62018E+002  4.77927E+002
  5.18908E+002
  Planck function fitting parameters
 -5.12312E+000  7.40182E+003  9.59757E+006 -8.19748E+009  2.88974E+012
  Incident solar flux (W/m2)
  0.00000E+000
  Surface property
  0.00000E+000  0.00000E+000  0.00000E+000  0.00000E+000  0.00000E+000
  0.00000E+000  0.00000E+000
  Rayleigh scattering coefficient
  3.22108E-007
  Moments
  1.00000E+000
  9.61178E+002  1.62392E+003  2.10028E+003  1.97275E+003  1.14646E+003
  7.65901E+002
  9.97715E+002  1.68055E+003  2.22288E+003  1.46941E+003  8.65240E+002
  6.93136E+002
  2.06355E+003  3.05352E+003  3.99713E+003  4.07236E+003  3.23082E+003
  2.22191E+003
  3.82944E+003  3.83235E+003  3.83663E+003  3.85075E+003  3.92756E+003
  4.26048E+003
  1.43132E+003  1.64807E+003  2.49265E+003  3.52295E+003  4.47318E+003
  5.25074E+003
  6.02412E+003  6.11769E+003  6.32686E+003  8.06120E+003  8.67993E+003
  1.38698E+004
  3.20703E+003  3.32266E+003  3.59019E+003  6.39818E+003  7.85162E+003
  2.30702E+004
  3.08104E+003  3.48439E+003  4.96272E+003  2.47400E+004  4.25534E+004
  1.61842E+005
  3.68802E+003  3.82582E+003  4.93813E+003  9.54138E+003  1.40643E+004
  4.96396E+004
  1.61595E+003  1.69344E+003  1.86810E+003  3.63238E+003  4.50233E+003
  1.41755E+004
  7.26560E+002  1.55213E+003  2.49746E+003  3.05536E+003  2.96665E+003
  2.46353E+003
  0.00000E+000
  5.97647E+002  6.40670E+002  6.30096E+002  5.37354E+002  4.07183E+002
  3.33273E+002
  6.19001E+002  6.63450E+002  6.12978E+002  4.67580E+002  3.60420E+002
  3.16547E+002
  1.49537E+003  1.70862E+003  1.84123E+003  1.71180E+003  1.35220E+003
  9.74096E+002
  3.82939E+003  3.83207E+003  3.83578E+003  3.84702E+003  3.89995E+003
  4.09217E+003
  1.40870E+003  1.49858E+003  1.78874E+003  2.11318E+003  2.39925E+003
  2.62523E+003
  5.91744E+003  6.00928E+003  6.21435E+003  7.89181E+003  8.47144E+003
  1.29943E+004
  1.74333E+003  1.80337E+003  1.93981E+003  3.29535E+003  3.96696E+003
  1.08888E+004
  4.07754E+002  5.70415E+002  1.14016E+003  7.79254E+003  1.34431E+004
  5.01341E+004
  2.27759E+003  2.35958E+003  2.98785E+003  5.25045E+003  7.34206E+003
  2.39903E+004
  1.49994E+003  1.57230E+003  1.73510E+003  3.34116E+003  4.10768E+003
  1.19844E+004
  1.48377E+001  1.82650E+001  2.28686E+001  2.74064E+001  3.06107E+001
  3.21592E+001
  0.00000E+000
  1.46404E+002  6.89703E+002  1.21616E+003  1.28886E+003  6.77864E+002
  4.02811E+002
  1.53221E+002  7.13093E+002  1.40100E+003  9.12390E+002  4.67473E+002
  3.53870E+002
  2.24824E+002  6.60711E+002  1.24179E+003  1.53492E+003  1.34778E+003
  9.73809E+002
  7.68538E-005  1.89903E-003  1.24766E-002  1.25832E-001  2.22542E+000
  2.48226E+001
  2.47228E+000  3.05045E+001  2.11662E+002  4.95870E+002  7.98744E+002
  1.07562E+003
  1.28520E+001  1.32706E+001  1.43013E+001  3.29009E+001  4.50514E+001
  2.63514E+002
  8.77341E+002  9.24348E+002  1.03634E+003  2.31251E+003  2.99424E+003
  1.00581E+004
  1.56195E+003  1.79502E+003  2.59641E+003  1.35176E+004  2.38210E+004
  9.55465E+004
  8.49192E+002  8.96628E+002  1.31534E+003  3.35085E+003  5.43118E+003
  2.11374E+004
  2.32613E+001  2.44494E+001  2.72152E+001  7.10444E+001  1.03316E+002
  7.91187E+002
  3.46896E+002  8.39617E+002  1.46678E+003  1.89110E+003  1.89460E+003
  1.60124E+003
  1.00000E-001
  7.38840E+001  4.37481E+002  9.31101E+002  1.11678E+003  6.13386E+002
  3.74620E+002
  7.71788E+001  4.51874E+002  1.15609E+003  8.13804E+002  4.30957E+002
  3.32886E+002
  1.16516E+002  3.52605E+002  7.15816E+002  9.78952E+002  9.60083E+002
  7.71195E+002
  5.75002E-003  2.86949E-002  8.60520E-002  3.77370E-001  2.87938E+000
  1.88575E+001
  2.41395E+000  1.75998E+001  9.59763E+001  2.13983E+002  3.43180E+002
  4.67489E+002
  1.20162E+001  1.22650E+001  1.28648E+001  2.26410E+001  2.95346E+001
  1.58832E+002
  5.54773E+002  5.89560E+002  6.74119E+002  1.72120E+003  2.29931E+003
  8.34825E+003
  9.33072E+002  1.11759E+003  1.74849E+003  1.04132E+004  1.87768E+004
  7.86830E+004
  5.40583E+002  5.75348E+002  8.98689E+002  2.59478E+003  4.36399E+003
  1.77378E+004
  1.39675E+001  1.47364E+001  1.65496E+001  4.38325E+001  6.31920E+001
  4.68221E+002
  1.98676E+002  5.01940E+002  9.25507E+002  1.26468E+003  1.34345E+003
  1.20120E+003
  0.00000E+000
  2.35742E+001  2.40185E+002  6.59219E+002  9.36731E+002  5.48118E+002
  3.47142E+002
  2.46183E+001  2.47945E+002  9.06266E+002  7.12348E+002  3.95065E+002
  3.12690E+002
  4.07295E+001  1.55582E+002  3.79579E+002  6.05650E+002  6.79185E+002
  6.10653E+002
  4.47623E-006  1.10016E-004  7.25249E-004  7.50138E-003  1.46155E-001
  1.96484E+000
  1.37591E-001  2.03618E+000  1.86862E+001  5.34249E+001  1.00386E+002
  1.53295E+002
  1.35547E+000  1.41032E+000  1.54647E+000  4.22059E+000  6.21747E+000
  4.95744E+001
  3.52097E+002  3.76561E+002  4.36606E+002  1.23353E+003  1.69696E+003
  6.70123E+003
  4.88111E+002  6.17748E+002  1.07313E+003  7.61769E+003  1.41307E+004
  6.24523E+004
  3.44458E+002  3.69010E+002  6.03082E+002  1.93357E+003  3.37762E+003
  1.44471E+004
  1.76992E+000  1.93804E+000  2.35167E+000  9.95558E+000  1.60769E+001
  1.72095E+002
  8.76515E+001  2.47556E+002  4.97904E+002  7.29443E+002  8.20740E+002
  7.70702E+002
  0.00000E+000
  6.86338E+000  1.24948E+002  4.46626E+002  7.70075E+002  4.90229E+002
  3.24628E+002
  7.18175E+000  1.28928E+002  6.87599E+002  6.19668E+002  3.64854E+002
  2.96280E+002
  1.64463E+001  7.42555E+001  2.10244E+002  3.85029E+002  4.89886E+002
  4.89899E+002
  1.59917E-008  1.90768E-006  2.22980E-005  4.22849E-004  1.60839E-002
  3.63326E-001
  1.72854E-002  4.16245E-001  5.44309E+000  1.83761E+001  3.83794E+001
  6.32923E+001
  2.54462E-001  2.67688E-001  3.01115E-001  1.06045E+000  1.69690E+000
  1.82181E+001
  2.36443E+002  2.53314E+002  2.95228E+002  8.98255E+002  1.26667E+003
  5.39803E+003
  2.71397E+002  3.56055E+002  6.71447E+002  5.55193E+003  1.05707E+004
  4.91600E+004
  2.30736E+002  2.47749E+002  4.15661E+002  1.45301E+003  2.62522E+003
  1.18430E+004
  3.76759E-001  4.18753E-001  5.25780E-001  2.97247E+000  5.19512E+000
  7.19493E+001
  4.34857E+001  1.34759E+002  2.95949E+002  4.72959E+002  5.80861E+002
  5.94479E+002
  Planck function fitting parameters
 -3.77936E+000  7.55188E+003  8.86857E+006 -6.84383E+009  2.21404E+012
  Incident solar flux (W/m2)
  0.00000E+000
  Surface property
  0.00000E+000  0.00000E+000  0.00000E+000  0.00000E+000  0.00000E+000
  0.00000E+000  0.00000E+000
  Rayleigh scattering coefficient
  5.73768E-007
  Moments
  1.00000E+000
  1.18997E+003  2.18361E+003  2.75545E+003  2.23749E+003  1.11994E+003
  7.52855E+002
  1.29124E+003  2.37969E+003  2.84208E+003  1.49938E+003  8.38146E+002
  6.91015E+002
  1.24460E+003  1.41659E+003  1.63360E+003  1.76356E+003  1.69298E+003
  1.47132E+003
  4.31956E+003  4.32139E+003  4.32636E+003  4.34496E+003  4.44869E+003
  4.88228E+003
  1.24735E+003  1.31270E+003  1.54992E+003  1.85002E+003  2.15308E+003
  2.43171E+003
  9.41560E+003  9.43455E+003  9.47923E+003  1.01016E+004  1.04785E+004
  1.52390E+004
  1.70081E+003  1.75791E+003  1.90199E+003  4.46856E+003  6.08285E+003
  2.32967E+004
  2.54443E+003  3.03186E+003  4.84849E+003  2.92816E+004  5.09155E+004
  1.90879E+005
  3.05966E+003  3.13902E+003  3.90840E+003  8.52809E+003  1.35858E+004
  5.30915E+004
  1.77284E+003  1.79937E+003  1.86537E+003  2.94093E+003  3.65461E+003
  1.32314E+004
  9.25287E+002  1.89437E+003  2.91563E+003  3.41285E+003  3.17945E+003
  2.54852E+003
  0.00000E+000
  5.76706E+002  6.33359E+002  6.26815E+002  5.36359E+002  4.04392E+002
  3.29396E+002
  6.06927E+002  6.70381E+002  6.24602E+002  4.72722E+002  3.59313E+002
  3.14263E+002
  1.14804E+003  1.16036E+003  1.12814E+003  1.02029E+003  8.54492E+002
  6.89452E+002
  4.31948E+003  4.32097E+003  4.32511E+003  4.33951E+003  4.40926E+003
  4.65249E+003
  1.24014E+003  1.26783E+003  1.33892E+003  1.40816E+003  1.46601E+003
  1.51085E+003
  9.30364E+003  9.32229E+003  9.36610E+003  9.95183E+003  1.02874E+004
  1.41230E+004
  1.43033E+003  1.46275E+003  1.54165E+003  2.58676E+003  3.19836E+003
  9.86854E+003
  4.19362E+002  5.70686E+002  1.11293E+003  7.65755E+003  1.32615E+004
  4.97436E+004
  2.43426E+003  2.47639E+003  2.85317E+003  4.75720E+003  6.74169E+003
  2.28251E+004
  1.76427E+003  1.78988E+003  1.85357E+003  2.83983E+003  3.45646E+003
  1.06007E+004
  1.71937E+001  2.13149E+001  2.66062E+001  3.15492E+001  3.47816E+001
  3.61062E+001
  0.00000E+000
  2.77451E+002  1.12967E+003  1.77505E+003  1.50915E+003  6.43057E+002
  3.91536E+002
  3.10748E+002  1.24078E+003  1.91479E+003  9.11559E+002  4.36985E+002
  3.52987E+002
  4.26730E+001  1.50544E+002  3.61315E+002  6.02281E+002  7.32438E+002
  7.13072E+002
  1.41711E-004  3.33998E-003  2.14290E-002  2.09081E-001  3.49232E+000
  3.63689E+001
  6.19193E-001  8.18435E+000  6.63208E+001  1.76535E+002  3.16052E+002
  4.65579E+002
  1.16191E+001  1.19118E+001  1.26586E+001  3.18314E+001  4.59513E+001
  3.59914E+002
  2.21128E+002  2.42236E+002  2.98509E+002  1.59840E+003  2.44356E+003
  1.11362E+004
  1.38327E+003  1.65233E+003  2.66209E+003  1.72669E+004  3.06935E+004
  1.19418E+005
  4.79544E+002  5.10370E+002  8.45311E+002  3.12100E+003  5.67601E+003
  2.44151E+004
  1.46073E+000  1.64621E+000  2.12133E+000  2.49127E+001  5.39088E+001
  1.01732E+003
  4.51666E+002  1.04000E+003  1.72915E+003  2.12547E+003  2.03838E+003
  1.66142E+003
  1.00000E-001
  1.40458E+002  7.43667E+002  1.38567E+003  1.30402E+003  5.77658E+002
  3.65868E+002
  1.56765E+002  8.13525E+002  1.58592E+003  8.03359E+002  4.03244E+002
  3.34550E+002
  2.64701E+001  9.93661E+001  2.60854E+002  4.73576E+002  6.16399E+002
  6.29843E+002
  8.40774E-003  4.20480E-002  1.26190E-001  5.52269E-001  4.14753E+000
  2.62272E+001
  7.87733E-001  5.88789E+000  3.76275E+001  9.72264E+001  1.75811E+002
  2.64160E+002
  1.25807E+001  1.26738E+001  1.29234E+001  2.12506E+001  2.90061E+001
  2.14644E+002
  1.76954E+002  1.94525E+002  2.41983E+002  1.32860E+003  2.03091E+003
  9.30782E+003
  9.05689E+002  1.10765E+003  1.86851E+003  1.33239E+004  2.41425E+004
  9.76624E+004
  3.65346E+002  3.90487E+002  6.64316E+002  2.54336E+003  4.67509E+003
  2.02807E+004
  1.12808E+000  1.25853E+000  1.59078E+000  1.62541E+001  3.40609E+001
  6.04691E+002
  2.60045E+002  6.26534E+002  1.10078E+003  1.43498E+003  1.45987E+003
  1.25919E+003
  0.00000E+000
  4.85992E+001  4.29880E+002  1.00803E+003  1.09308E+003  5.13025E+002
  3.41039E+002
  5.39828E+001  4.68325E+002  1.25318E+003  6.95476E+002  3.70872E+002
  3.16902E+002
  1.24368E+001  5.76305E+001  1.75866E+002  3.56554E+002  5.02913E+002
  5.43844E+002
  8.44726E-006  1.97798E-004  1.27545E-003  1.28285E-002  2.38667E-001
  3.03326E+000
  6.08790E-002  1.00804E+000  1.10466E+001  3.56944E+001  7.34355E+001
  1.20356E+002
  1.57502E+000  1.61661E+000  1.72300E+000  4.62355E+000  7.03263E+000
  7.17371E+001
  1.36707E+002  1.50838E+002  1.89582E+002  1.06685E+003  1.62970E+003
  7.52911E+003
  5.30986E+002  6.71639E+002  1.20798E+003  9.75972E+003  1.81097E+004
  7.68558E+004
  2.67530E+002  2.87179E+002  5.02294E+002  1.99829E+003  3.71669E+003
  1.63406E+004
  2.08659E-001  2.37386E-001  3.12776E-001  4.41329E+000  1.00871E+001
  2.38218E+002
  1.16889E+002  3.13556E+002  5.99280E+002  8.36149E+002  9.00342E+002
  8.15674E+002
  0.00000E+000
  1.56117E+001  2.36354E+002  7.04774E+002  9.04245E+002  4.61105E+002
  3.22923E+002
  1.73375E+001  2.56581E+002  9.64769E+002  6.05630E+002  3.47249E+002
  3.04018E+002
  6.36133E+000  3.45771E+001  1.19566E+002  2.67383E+002  4.06750E+002
  4.65337E+002
  3.56826E-008  3.89637E-006  4.41483E-005  8.03522E-004  2.86135E-002
  5.99918E-001
  9.13021E-003  2.49239E-001  3.87165E+000  1.46180E+001  3.30731E+001
  5.79462E+001
  3.12905E-001  3.24932E-001  3.55882E-001  1.26316E+000  2.07644E+000
  2.76556E+001
  1.05675E+002  1.16980E+002  1.48425E+002  8.52123E+002  1.30140E+003
  6.11474E+003
  3.20533E+002  4.16468E+002  7.89939E+002  7.12776E+003  1.35237E+004
  6.01598E+004
  1.97205E+002  2.12484E+002  3.80458E+002  1.56829E+003  2.95569E+003
  1.33411E+004
  5.46852E-002  6.29939E-002  8.53204E-002  1.50572E+000  3.64890E+000
  1.04890E+002
  5.88323E+001  1.73033E+002  3.61146E+002  5.50162E+002  6.47502E+002
  6.39978E+002
  Planck function fitting parameters
 -4.50038E+000  7.77180E+003  8.27073E+006 -6.15194E+009  1.90153E+012
  Incident solar flux (W/m2)
  0.00000E+000
  Surface property
  0.00000E+000  0.00000E+000  0.00000E+000  0.00000E+000  0.00000E+000
  0.00000E+000  0.00000E+000
  Rayleigh scattering coefficient
  8.20266E-007
  Moments
  1.00000E+000
  1.37696E+003  2.54792E+003  3.10217E+003  2.30143E+003  1.09584E+003
  7.40645E+002
  1.71626E+003  2.91302E+003  2.99276E+003  1.44581E+003  8.24095E+002
  6.73879E+002
  7.58619E+002  9.61186E+002  1.25795E+003  1.51138E+003  1.56022E+003
  1.41414E+003
  4.58733E+003  4.59245E+003  4.59940E+003  4.62221E+003  4.74523E+003
  5.24527E+003
  9.16783E+002  9.71855E+002  1.17841E+003  1.44742E+003  1.72675E+003
  1.99087E+003
  6.90406E+003  6.89875E+003  6.89306E+003  7.24197E+003  7.58226E+003
  1.24504E+004
  1.40643E+003  1.49136E+003  1.70334E+003  4.63484E+003  6.35451E+003
  2.43843E+004
  2.45417E+003  2.99531E+003  5.02256E+003  3.19395E+004  5.54604E+004
  2.04472E+005
  2.93791E+003  3.03026E+003  3.90124E+003  8.86072E+003  1.41910E+004
  5.57640E+004
  8.80803E+002  9.10779E+002  9.84159E+002  2.14401E+003  2.90676E+003
  1.33417E+004
  1.06022E+003  2.11623E+003  3.17335E+003  3.62088E+003  3.29446E+003
  2.58876E+003
  0.00000E+000
  5.87604E+002  6.48222E+002  6.39645E+002  5.43719E+002  4.04727E+002
  3.25059E+002
  8.38598E+002  9.01779E+002  7.83531E+002  5.42364E+002  3.85096E+002
  3.25817E+002
  6.48382E+002  6.66855E+002  6.71797E+002  6.43061E+002  5.79432E+002
  5.04697E+002
  4.58723E+003  4.59192E+003  4.59784E+003  4.61546E+003  4.69705E+003
  4.97238E+003
  9.09884E+002  9.29235E+002  9.78324E+002  1.02633E+003  1.06727E+003
  1.10016E+003
  6.84760E+003  6.84201E+003  6.83535E+003  7.13665E+003  7.42715E+003
  1.11478E+004
  8.34784E+002  8.65939E+002  9.41650E+002  1.98033E+003  2.59726E+003
  9.35866E+003
  2.57310E+002  4.14868E+002  9.73053E+002  7.65827E+003  1.33634E+004
  5.03794E+004
  2.07298E+003  2.11564E+003  2.49058E+003  4.38115E+003  6.37537E+003
  2.26123E+004
  8.66228E+002  8.94179E+002  9.62113E+002  1.97212E+003  2.59248E+003
  9.76941E+003
  1.88285E+001  2.34189E+001  2.91540E+001  3.43326E+001  3.75402E+001
  3.86700E+001
  0.00000E+000
  3.81156E+002  1.41122E+003  2.06175E+003  1.54974E+003  6.17590E+002
  3.84851E+002
  4.23957E+002  1.48965E+003  1.91073E+003  8.07389E+002  4.08330E+002
  3.30833E+002
  5.26387E+001  1.82561E+002  4.32619E+002  7.13665E+002  8.58474E+002
  8.25087E+002
  2.03719E-004  4.65678E-003  2.94239E-002  2.81015E-001  4.52730E+000
  4.52032E+001
  6.27902E-001  8.22311E+000  6.67221E+001  1.78606E+002  3.21753E+002
  4.76852E+002
  7.56222E+000  7.89187E+000  8.74005E+000  2.36642E+001  3.62323E+001
  4.46718E+002
  4.73666E+002  5.18755E+002  6.33134E+002  2.20824E+003  3.11947E+003
  1.22418E+004
  1.47067E+003  1.77248E+003  2.92447E+003  1.93864E+004  3.42567E+004
  1.29845E+005
  6.59625E+002  7.01564E+002  1.11653E+003  3.65333E+003  6.38634E+003
  2.62497E+004
  2.73773E+000  3.17930E+000  4.40252E+000  4.63928E+001  9.24196E+001
  1.44371E+003
  5.23947E+002  1.17130E+003  1.89197E+003  2.26247E+003  2.11656E+003
  1.69073E+003
  1.00000E-001
  1.95060E+002  9.50279E+002  1.62701E+003  1.33855E+003  5.55392E+002
  3.61080E+002
  2.15975E+002  9.96523E+002  1.58902E+003  7.18046E+002  3.83062E+002
  3.17052E+002
  3.29888E+001  1.22865E+002  3.18020E+002  5.67687E+002  7.25451E+002
  7.27365E+002
  1.04813E-002  5.23598E-002  1.57071E-001  6.86056E-001  5.09864E+000
  3.15675E+001
  7.64203E-001  5.82922E+000  3.84896E+001  1.01481E+002  1.85989E+002
  2.82182E+002
  6.81538E+000  6.92401E+000  7.22737E+000  1.56273E+001  2.37738E+001
  2.64904E+002
  3.81708E+002  4.18509E+002  5.12007E+002  1.80367E+003  2.55633E+003
  1.01490E+004
  9.91194E+002  1.21564E+003  2.07925E+003  1.49729E+004  2.69445E+004
  1.06053E+005
  4.96054E+002  5.29774E+002  8.65263E+002  2.95018E+003  5.22181E+003
  2.16065E+004
  2.01967E+000  2.32129E+000  3.14607E+000  2.92763E+001  5.69064E+001
  8.53396E+002
  3.02686E+002  7.08928E+002  1.21074E+003  1.53590E+003  1.52457E+003
  1.28896E+003
  0.00000E+000
  7.11333E+001  5.66896E+002  1.20174E+003  1.12258E+003  4.94035E+002
  3.37866E+002
  7.83559E+001  5.91330E+002  1.26677E+003  6.31299E+002  3.59498E+002
  3.04077E+002
  1.63046E+001  7.37058E+001  2.19027E+002  4.32264E+002  5.93791E+002
  6.26329E+002
  1.23242E-005  2.79452E-004  1.77642E-003  1.75494E-002  3.17140E-001
  3.89369E+000
  6.67581E-002  1.11535E+000  1.23835E+001  4.03051E+001  8.32981E+001
  1.36940E+002
  1.07801E+000  1.12544E+000  1.24904E+000  3.73231E+000  6.03814E+000
  9.34097E+001
  2.95501E+002  3.24369E+002  3.97815E+002  1.41570E+003  2.01409E+003
  8.12949E+003
  5.99118E+002  7.55458E+002  1.36336E+003  1.09724E+004  2.02011E+004
  8.33095E+004
  3.58118E+002  3.84082E+002  6.44332E+002  2.29361E+003  4.11562E+003
  1.72374E+004
  4.19048E-001  4.90698E-001  6.92283E-001  8.45544E+000  1.76878E+001
  3.44712E+002
  1.37530E+002  3.57775E+002  6.63627E+002  9.00199E+002  9.45463E+002
  8.39839E+002
  0.00000E+000
  2.43101E+001  3.22202E+002  8.55596E+002  9.33382E+002  4.47072E+002
  3.21332E+002
  2.66691E+001  3.33884E+002  9.87204E+002  5.59870E+002  3.41063E+002
  2.93233E+002
  8.68534E+000  4.55056E+001  1.51686E+002  3.27388E+002  4.81745E+002
  5.34988E+002
  7.70960E-008  6.12268E-006  6.67173E-005  1.17640E-003  4.01264E-002
  8.02669E-001
  1.09767E-002  2.99371E-001  4.65623E+000  1.75771E+001  3.97298E+001
  6.95140E+001
  2.43310E-001  2.57956E-001  2.96260E-001  1.10663E+000  1.90812E+000
  3.75751E+001
  2.27840E+002  2.50359E+002  3.07714E+002  1.10781E+003  1.58436E+003
  6.57243E+003
  3.71874E+002  4.78974E+002  9.03169E+002  8.02437E+003  1.50965E+004
  6.52242E+004
  2.60669E+002  2.80575E+002  4.81774E+002  1.78758E+003  3.25828E+003
  1.40219E+004
  1.20728E-001  1.43073E-001  2.07115E-001  3.01648E+000  6.62356E+000
  1.54557E+002
  6.98143E+001  1.99029E+002  4.03166E+002  5.97398E+002  6.86294E+002
  6.65377E+002
  Planck function fitting parameters
 -4.24386E+000  7.99876E+003  7.64320E+006 -5.39195E+009  1.57888E+012
  Incident solar flux (W/m2)
  0.00000E+000
  Surface property
  0.00000E+000  0.00000E+000  0.00000E+000  0.00000E+000  0.00000E+000
  0.00000E+000  0.00000E+000
  Rayleigh scattering coefficient
  1.18287E-006
  Moments
  1.00000E+000
  1.63482E+003  2.99208E+003  3.46445E+003  2.31752E+003  1.07279E+003
  7.37500E+002
  2.03992E+003  3.28947E+003  3.06855E+003  1.41361E+003  8.19237E+002
  6.74405E+002
  1.20719E+003  1.92141E+003  2.76156E+003  3.14182E+003  2.78276E+003
  2.08423E+003
  4.98270E+003  4.98603E+003  4.99332E+003  5.01999E+003  5.16590E+003
  5.74063E+003
  6.63233E+002  7.39805E+002  1.03890E+003  1.43177E+003  1.83762E+003
  2.21735E+003
  3.43564E+003  3.44693E+003  3.47621E+003  4.05054E+003  4.45274E+003
  9.86530E+003
  2.11089E+003  2.20465E+003  2.43279E+003  5.48253E+003  7.26475E+003
  2.61037E+004
  2.80474E+003  3.42527E+003  5.70408E+003  3.52513E+004  6.06258E+004
  2.17920E+005
  3.31780E+003  3.42543E+003  4.40475E+003  9.69038E+003  1.52883E+004
  5.93017E+004
  9.44756E+002  9.80040E+002  1.06554E+003  2.37265E+003  3.22642E+003
  1.50559E+004
  1.22434E+003  2.37839E+003  3.46850E+003  3.85133E+003  3.41775E+003
  2.63121E+003
  0.00000E+000
  6.15283E+002  6.79273E+002  6.66159E+002  5.59178E+002  4.08763E+002
  3.25891E+002
  9.88207E+002  1.04034E+003  8.66111E+002  5.71613E+002  3.94495E+002
  3.32445E+002
  7.64084E+002  8.42640E+002  9.03747E+002  8.89130E+002  7.89010E+002
  6.57118E+002
  4.98257E+003  4.98537E+003  4.99136E+003  5.01156E+003  5.10690E+003
  5.41737E+003
  6.51962E+002  6.71014E+002  7.21849E+002  7.74271E+002  8.21226E+002
  8.60925E+002
  3.40936E+003  3.41936E+003  3.44530E+003  3.94109E+003  4.27332E+003
  8.10677E+003
  9.58796E+002  9.91303E+002  1.06999E+003  2.13810E+003  2.77060E+003
  9.70924E+003
  1.84887E+002  3.53996E+002  9.42598E+002  7.90388E+003  1.38142E+004
  5.19613E+004
  2.14561E+003  2.19483E+003  2.61068E+003  4.58628E+003  6.64033E+003
  2.33439E+004
  8.96214E+002  9.27176E+002  1.00159E+003  2.06481E+003  2.70886E+003
  1.01442E+004
  2.06632E+001  2.57792E+001  3.19851E+001  3.73855E+001  4.05327E+001
  4.14399E+001
  0.00000E+000
  5.24080E+002  1.74953E+003  2.34944E+003  1.53777E+003  5.92250E+002
  3.82595E+002
  5.39255E+002  1.70188E+003  1.91515E+003  7.58168E+002  3.99163E+002
  3.27088E+002
  2.10556E+002  6.40406E+002  1.27972E+003  1.70725E+003  1.60549E+003
  1.19719E+003
  2.93584E-004  6.49570E-003  4.03419E-002  3.76205E-001  5.83174E+000
  5.57660E+001
  1.15298E+000  1.45288E+001  1.12193E+002  2.90442E+002  5.09840E+002
  7.39560E+002
  4.95602E+000  5.17796E+000  5.79652E+000  2.62725E+001  4.64913E+001
  6.44386E+002
  8.90691E+002  9.40944E+002  1.06360E+003  2.68482E+003  3.62022E+003
  1.30682E+004
  1.74789E+003  2.10624E+003  3.43598E+003  2.17766E+004  3.79629E+004
  1.39163E+005
  8.58572E+002  9.07529E+002  1.37520E+003  4.07689E+003  6.93109E+003
  2.78623E+004
  1.01131E+001  1.11980E+001  1.40458E+001  8.85408E+001  1.61136E+002
  2.06377E+003
  6.12822E+002  1.32758E+003  2.07933E+003  2.41475E+003  2.20071E+003
  1.72204E+003
  1.00000E-001
  2.72661E+002  1.20499E+003  1.87168E+003  1.32700E+003  5.35184E+002
  3.60357E+002
  2.79289E+002  1.16656E+003  1.60601E+003  6.80383E+002  3.77992E+002
  3.15253E+002
  1.24924E+002  4.03580E+002  8.71912E+002  1.25358E+003  1.25752E+003
  9.90441E+002
  1.31449E-002  6.57812E-002  1.97319E-001  8.58646E-001  6.28701E+000
  3.79804E+001
  1.27150E+000  9.74390E+000  6.32455E+001  1.62782E+002  2.91588E+002
  4.33339E+002
  3.58335E+000  3.75876E+000  4.22478E+000  1.71144E+001  2.94593E+001
  3.78880E+002
  6.74354E+002  7.14847E+002  8.13890E+002  2.13988E+003  2.91187E+003
  1.07298E+004
  1.17802E+003  1.44515E+003  2.44323E+003  1.67966E+004  2.98140E+004
  1.13473E+005
  6.25135E+002  6.64329E+002  1.04085E+003  3.25514E+003  5.61715E+003
  2.26879E+004
  6.92832E+000  7.61590E+000  9.40722E+000  5.41968E+001  9.69318E+001
  1.21428E+003
  3.55367E+002  8.07574E+002  1.33814E+003  1.64905E+003  1.59505E+003
  1.32125E+003
  0.00000E+000
  1.04842E+002  7.41360E+002  1.40139E+003  1.11280E+003  4.78793E+002
  3.38482E+002
  1.07157E+002  7.16127E+002  1.29658E+003  6.05791E+002  3.58339E+002
  3.04000E+002
  5.68747E+001  2.20631E+002  5.45105E+002  8.68545E+002  9.46001E+002
  7.98395E+002
  1.81828E-005  3.99124E-004  2.49831E-003  2.41986E-002  4.23903E-001
  5.02148E+000
  1.21379E-001  1.96774E+000  2.07951E+001  6.51915E+001  1.30717E+002
  2.09496E+002
  7.32034E-001  7.69633E-001  8.73719E-001  4.43182E+000  8.16611E+000
  1.39830E+002
  4.86558E+002  5.17621E+002  5.93845E+002  1.63247E+003  2.24489E+003
  8.50361E+003
  7.08642E+002  8.96069E+002  1.59981E+003  1.22814E+004  2.23012E+004
  8.89497E+004
  4.39559E+002  4.69365E+002  7.58719E+002  2.50100E+003  4.38539E+003
  1.78974E+004
  1.45776E+000  1.63364E+000  2.10317E+000  1.59981E+001  3.08131E+001
  5.00483E+002
  1.63281E+002  4.11137E+002  7.38706E+002  9.72527E+002  9.95088E+002
  8.66370E+002
  0.00000E+000
  3.80655E+001  4.35201E+002  1.01466E+003  9.31010E+002  4.37782E+002
  3.22870E+002
  3.86889E+001  4.18383E+002  1.02633E+003  5.44335E+002  3.42202E+002
  2.93957E+002
  2.81327E+001  1.25195E+002  3.45811E+002  6.05463E+002  7.16443E+002
  6.51147E+002
  1.52226E-007  9.63432E-006  1.01491E-004  1.73543E-003  5.66428E-002
  1.08020E+000
  2.12507E-002  5.47918E-001  7.93857E+000  2.85814E+001  6.23139E+001
  1.05876E+002
  1.94536E-001  2.05994E-001  2.37986E-001  1.43311E+000  2.77585E+000
  5.82951E+001
  3.53538E+002  3.77358E+002  4.36024E+002  1.25259E+003  1.74226E+003
  6.85436E+003
  4.39964E+002  5.68683E+002  1.06021E+003  8.97750E+003  1.66621E+004
  6.96907E+004
  3.13994E+002  3.36653E+002  5.59072E+002  1.93793E+003  3.46068E+003
  1.45142E+004
  4.21028E-001  4.77827E-001  6.32048E-001  5.77248E+000  1.16846E+001
  2.27443E+002
  8.36347E+001  2.30678E+002  4.52679E+002  6.51387E+002  7.29612E+002
  6.93637E+002
  Planck function fitting parameters
 -6.56173E+000  9.69118E+003  4.18189E+006 -3.02230E+009  8.07642E+011
  Incident solar flux (W/m2)
  0.00000E+000
  Surface property
  0.00000E+000  0.00000E+000  0.00000E+000  0.00000E+000  0.00000E+000
  0.00000E+000  0.00000E+000
  Rayleigh scattering coefficient
  4.61215E-006
  Moments
  1.00000E+000
  2.64772E+003  4.14236E+003  4.05295E+003  2.19868E+003  1.03385E+003
  7.25205E+002
  2.72163E+003  4.13488E+003  3.20305E+003  1.35516E+003  8.05373E+002
  6.62494E+002
  9.30652E+002  1.28208E+003  1.72872E+003  2.01755E+003  1.95187E+003
  1.64069E+003
  6.07765E+003  6.08612E+003  6.10031E+003  6.15000E+003  6.40800E+003
  7.31707E+003
  3.27210E+002  4.79364E+002  1.05663E+003  1.76706E+003  2.45405E+003
  3.05708E+003
  2.89956E+003  2.93204E+003  3.01027E+003  4.14288E+003  4.84944E+003
  1.38846E+004
  2.14869E+003  2.26257E+003  2.53928E+003  6.19599E+003  8.30962E+003
  3.07478E+004
  3.90389E+003  4.69962E+003  7.61621E+003  4.28056E+004  7.15722E+004
  2.40726E+005
  3.53891E+003  3.66532E+003  4.83051E+003  1.11447E+004  1.78227E+004
  7.19321E+004
  6.11847E+002  6.64976E+002  7.94738E+002  2.84871E+003  4.21431E+003
  2.32826E+004
  1.86829E+003  3.32615E+003  4.44702E+003  4.54691E+003  3.75040E+003
  2.72544E+003
  0.00000E+000
  9.19627E+002  9.26423E+002  8.32904E+002  6.16285E+002  4.07306E+002
  3.12288E+002
  1.04688E+003  1.06127E+003  8.42308E+002  5.38959E+002  3.69082E+002
  3.10836E+002
  6.97778E+002  7.22052E+002  7.26117E+002  6.87618E+002  6.09677E+002
  5.22335E+002
  6.07736E+003  6.08469E+003  6.09605E+003  6.13213E+003  6.29184E+003
  6.74944E+003
  2.97762E+002  3.10633E+002  3.45170E+002  3.80975E+002  4.13316E+002
  4.41048E+002
  2.79632E+003  2.82432E+003  2.89137E+003  3.81422E+003  4.35498E+003
  1.02656E+004
  6.08424E+002  6.55077E+002  7.66464E+002  2.22387E+003  3.07044E+003
  1.21730E+004
  1.99768E+002  4.54383E+002  1.28110E+003  1.00930E+004  1.72291E+004
  6.11504E+004
  2.17310E+003  2.23105E+003  2.73994E+003  5.32412E+003  8.03703E+003
  3.00533E+004
  5.18485E+002  5.63263E+002  6.71721E+002  2.26498E+003  3.24095E+003
  1.45361E+004
  2.78249E+001  3.48795E+001  4.26479E+001  4.86024E+001  5.13157E+001
  5.13187E+001
  0.00000E+000
  1.04021E+003  2.55255E+003  2.74018E+003  1.37481E+003  5.65017E+002
  3.86416E+002
  1.01075E+003  2.45058E+003  2.06077E+003  7.32960E+002  4.10122E+002
  3.35586E+002
  1.26384E+002  3.78792E+002  7.80874E+002  1.12693E+003  1.19346E+003
  1.02208E+003
  1.06682E-003  2.10753E-002  1.22765E-001  1.04419E+000  1.39613E+001
  1.13479E+002
  4.15880E+000  4.48061E+001  2.90416E+002  6.75691E+002  1.09845E+003
  1.50073E+003
  2.38593E+001  2.51779E+001  2.84930E+001  9.64675E+001  1.55691E+002
  1.51571E+003
  1.19103E+003  1.24662E+003  1.38273E+003  3.15752E+003  4.16376E+003
  1.43782E+004
  2.47848E+003  2.93353E+003  4.63058E+003  2.62874E+004  4.43887E+004
  1.51089E+005
  1.02004E+003  1.07669E+003  1.61432E+003  4.60596E+003  7.70207E+003
  3.13736E+004
  2.40786E+001  2.65926E+001  3.31378E+001  1.97210E+002  3.51957E+002
  4.09954E+003
  9.70573E+002  1.90194E+003  2.70671E+003  2.87703E+003  2.42899E+003
  1.79341E+003
  1.00000E-001
  5.87299E+002  1.88106E+003  2.25218E+003  1.20130E+003  5.21101E+002
  3.66273E+002
  5.71513E+002  1.80955E+003  1.76282E+003  6.64999E+002  3.89702E+002
  3.22838E+002
  8.17888E+001  2.66038E+002  5.96535E+002  9.22690E+002  1.02824E+003
  9.12243E+002
  2.85855E-002  1.43827E-001  4.30259E-001  1.84037E+000  1.27451E+001
  7.05517E+001
  3.56908E+000  2.68850E+001  1.59971E+002  3.79586E+002  6.35770E+002
  8.93450E+002
  1.54203E+001  1.62028E+001  1.81688E+001  5.80915E+001  9.25076E+001
  8.86565E+002
  9.19268E+002  9.64925E+002  1.07685E+003  2.54324E+003  3.37659E+003
  1.17464E+004
  1.68436E+003  2.03187E+003  3.33753E+003  2.05787E+004  3.53586E+004
  1.24820E+005
  7.62123E+002  8.08069E+002  1.24643E+003  3.71563E+003  6.27110E+003
  2.51609E+004
  1.51658E+001  1.66819E+001  2.06123E+001  1.17103E+002  2.07581E+002
  2.44015E+003
  5.70410E+002  1.17616E+003  1.77277E+003  2.00031E+003  1.79264E+003
  1.40055E+003
  0.00000E+000
  2.68750E+002  1.26901E+003  1.75886E+003  1.02055E+003  4.74428E+002
  3.45134E+002
  2.62699E+002  1.22522E+003  1.45783E+003  5.96670E+002  3.69272E+002
  3.10051E+002
  4.46529E+001  1.71078E+002  4.31447E+002  7.26561E+002  8.60509E+002
  7.97071E+002
  6.79032E-005  1.34225E-003  7.95896E-003  7.15531E-002  1.11143E+000
  1.14727E+001
  4.60429E-001  6.54628E+000  5.81869E+001  1.62593E+002  2.99251E+002
  4.48049E+002
  3.60642E+000  3.83353E+000  4.41034E+000  1.73196E+001  2.94637E+001
  3.62482E+002
  6.69226E+002  7.05193E+002  7.93362E+002  1.95517E+003  2.61899E+003
  9.25862E+003
  1.02519E+003  1.27786E+003  2.22616E+003  1.53007E+004  2.68647E+004
  9.91940E+004
  5.51202E+002  5.86800E+002  9.29274E+002  2.89033E+003  4.92619E+003
  1.95478E+004
  3.95650E+000  4.41800E+000  5.63793E+000  3.99584E+001  7.52633E+001
  1.10032E+003
  2.71212E+002  6.14807E+002  9.99638E+002  1.20139E+003  1.13777E+003
  9.34776E+002
  0.00000E+000
  1.17778E+002  8.22116E+002  1.34238E+003  8.77175E+002  4.42295E+002
  3.29670E+002
  1.15340E+002  7.95667E+002  1.19485E+003  5.44897E+002  3.53609E+002
  2.99509E+002
  2.56653E+001  1.11853E+002  3.11787E+002  5.67466E+002  7.13528E+002
  6.91740E+002
  8.15907E-007  4.40660E-005  4.27938E-004  6.51335E-003  1.78203E-001
  2.82788E+000
  9.88532E-002  2.07150E+000  2.39651E+001  7.53317E+001  1.49069E+002
  2.34954E+002
  1.08506E+000  1.16274E+000  1.36196E+000  6.19371E+000  1.10482E+001
  1.63072E+002
  4.94403E+002  5.22746E+002  5.92376E+002  1.52364E+003  2.06271E+003
  7.52341E+003
  6.50530E+002  8.27305E+002  1.50665E+003  1.14059E+004  2.04582E+004
  7.91881E+004
  4.05347E+002  4.33047E+002  7.02143E+002  2.28297E+003  3.94804E+003
  1.58547E+004
  1.32715E+000  1.49616E+000  1.94902E+000  1.59735E+001  3.13553E+001
  5.35446E+002
  1.42980E+002  3.54427E+002  6.29337E+002  8.27571E+002  8.58994E+002
  7.70190E+002
  Planck function fitting parameters
 -6.56942E+000  1.04281E+004  2.82028E+006 -1.44365E+009  2.81511E+011
  Incident solar flux (W/m2)
  0.00000E+000
  Surface property
  0.00000E+000  0.00000E+000  0.00000E+000  0.00000E+000  0.00000E+000
  0.00000E+000  0.00000E+000
  Rayleigh scattering coefficient
  1.62647E-005
  Moments
  1.00000E+000
  4.62901E+003  6.38167E+003  4.84431E+003  2.02475E+003  1.00171E+003
  7.10093E+002
  4.95641E+003  6.49753E+003  3.21818E+003  1.28303E+003  7.87774E+002
  6.49255E+002
  1.22752E+003  2.19624E+003  3.17728E+003  3.47392E+003  2.91822E+003
  2.08350E+003
  8.46072E+003  8.48178E+003  8.51736E+003  8.64056E+003  9.22537E+003
  1.09397E+004
  2.58942E+002  6.83876E+002  2.06867E+003  3.51834E+003  4.73254E+003
  5.66027E+003
  3.26789E+003  3.29527E+003  3.36142E+003  4.40010E+003  5.11416E+003
  1.60450E+004
  2.64628E+003  2.77094E+003  3.07299E+003  7.02741E+003  9.32476E+003
  3.48751E+004
  6.30406E+003  7.40317E+003  1.14276E+004  5.62006E+004  9.06751E+004
  2.79462E+005
  4.21720E+003  4.35994E+003  5.65485E+003  1.26007E+004  2.00096E+004
  8.55100E+004
  5.73945E+002  6.16009E+002  7.20987E+002  2.66325E+003  4.13327E+003
  2.90259E+004
  3.42050E+003  5.35656E+003  6.29386E+003  5.68682E+003  4.20633E+003
  2.81414E+003
  0.00000E+000
  3.89388E+002  4.24257E+002  4.17655E+002  3.60757E+002  2.76623E+002
  2.32255E+002
  6.53394E+002  6.89529E+002  5.97183E+002  4.18188E+002  3.08961E+002
  2.70082E+002
  3.98619E+002  4.36441E+002  4.64817E+002  4.65204E+002  4.35192E+002
  3.91247E+002
  8.45983E+003  8.47734E+003  8.50435E+003  8.58825E+003  8.92194E+003
  9.68726E+003
  1.59847E+002  1.73012E+002  2.05737E+002  2.36810E+002  2.62945E+002
  2.84099E+002
  2.98247E+003  2.99693E+003  3.03094E+003  3.46151E+003  3.69888E+003
  6.14327E+003
  3.65371E+002  3.84803E+002  4.32124E+002  1.08616E+003  1.47747E+003
  5.82060E+003
  6.97336E+001  1.79829E+002  5.56495E+002  4.96581E+003  8.73574E+003
  3.33334E+004
  2.47141E+003  2.51766E+003  2.88452E+003  4.34239E+003  5.67940E+003
  1.61433E+004
  2.76249E+002  2.92692E+002  3.32544E+002  9.23519E+002  1.28998E+003
  5.65478E+003
  4.47671E+001  5.59301E+001  6.63930E+001  7.25860E+001  7.35832E+001
  7.12338E+001
  0.00000E+000
  2.97453E+003  4.85053E+003  3.65957E+003  1.36113E+003  6.36174E+002
  4.35021E+002
  3.01684E+003  4.73294E+003  2.16616E+003  7.55801E+002  4.42559E+002
  3.55917E+002
  4.98207E+002  1.25615E+003  2.14803E+003  2.52484E+003  2.14750E+003
  1.48728E+003
  5.90996E-003  1.03348E-001  5.55720E-001  4.18667E+000  4.59664E+001
  3.00329E+002
  1.89303E+001  1.67002E+002  8.64991E+002  1.75054E+003  2.56997E+003
  3.23942E+003
  8.58060E+001  9.04583E+001  1.02042E+002  3.46571E+002  5.55854E+002
  4.93123E+003
  1.69164E+003  1.77356E+003  1.97130E+003  4.46088E+003  5.86383E+003
  2.09535E+004
  4.15328E+003  4.96105E+003  7.89997E+003  4.05141E+004  6.55647E+004
  2.00762E+005
  1.29681E+003  1.37273E+003  2.09253E+003  6.21378E+003  1.05979E+004
  4.90249E+004
  9.67214E+001  1.06370E+002  1.31339E+002  7.18786E+002  1.24479E+003
  1.26605E+004
  1.86160E+003  3.15866E+003  3.90630E+003  3.64149E+003  2.74716E+003
  1.86923E+003
  1.00000E-001
  1.90690E+003  3.82650E+003  3.06753E+003  1.19023E+003  5.80887E+002
  4.03441E+002
  1.92610E+003  3.72086E+003  1.85095E+003  6.87201E+002  4.15275E+002
  3.37649E+002
  3.29163E+002  9.00311E+002  1.65678E+003  2.06050E+003  1.82487E+003
  1.30167E+003
  8.90026E-002  4.47250E-001  1.32621E+000  5.50513E+000  3.50234E+001
  1.70836E+002
  1.32674E+001  9.33538E+001  4.76674E+002  1.00276E+003  1.52721E+003
  1.98545E+003
  5.04229E+001  5.30865E+001  5.97394E+001  1.99850E+002  3.20517E+002
  2.93086E+003
  1.31273E+003  1.37969E+003  1.54139E+003  3.56569E+003  4.69524E+003
  1.64410E+004
  2.86741E+003  3.49295E+003  5.79166E+003  3.20661E+004  5.26889E+004
  1.66512E+005
  9.92608E+002  1.05363E+003  1.63351E+003  4.95243E+003  8.42294E+003
  3.73097E+004
  5.66458E+001  6.22269E+001  7.66702E+001  4.18820E+002  7.28805E+002
  7.74116E+003
  1.11730E+003  2.00254E+003  2.62762E+003  2.60290E+003  2.08548E+003
  1.50001E+003
  0.00000E+000
  1.05548E+003  2.80464E+003  2.42603E+003  9.81264E+002  5.13772E+002
  3.67978E+002
  1.06383E+003  2.72521E+003  1.50831E+003  6.10384E+002  3.87159E+002
  3.19660E+002
  1.89599E+002  5.94426E+002  1.20538E+003  1.60581E+003  1.49336E+003
  1.10477E+003
  3.89494E-004  6.91081E-003  3.84162E-002  3.13774E-001  4.15897E+000
  3.57215E+001
  2.28580E+000  2.71572E+001  1.92554E+002  4.63714E+002  7.63730E+002
  1.04647E+003
  1.48392E+001  1.57619E+001  1.80845E+001  7.16964E+001  1.21392E+002
  1.35743E+003
  9.40935E+002  9.92190E+002  1.11608E+003  2.66366E+003  3.52123E+003
  1.21697E+004
  1.74312E+003  2.19246E+003  3.86364E+003  2.37163E+004  3.97035E+004
  1.30283E+005
  7.39367E+002  7.86599E+002  1.23533E+003  3.78705E+003  6.39531E+003
  2.68693E+004
  1.78028E+001  1.98207E+001  2.51304E+001  1.66054E+002  3.03976E+002
  3.86354E+003
  5.55418E+002  1.08487E+003  1.52689E+003  1.60642E+003  1.36012E+003
  1.03073E+003
  0.00000E+000
  5.62190E+002  2.00341E+003  1.93295E+003  8.62584E+002  4.77338E+002
  3.46695E+002
  5.64424E+002  1.94327E+003  1.27191E+003  5.67564E+002  3.69446E+002
  3.07687E+002
  1.13178E+002  3.95927E+002  8.73506E+002  1.24245E+003  1.21762E+003
  9.41462E+002
  7.10091E-006  3.22750E-004  2.81639E-003  3.70411E-002  8.16224E-001
  1.03057E+001
  5.84900E-001  9.64092E+000  8.56397E+001  2.28688E+002  4.01970E+002
  5.77333E+002
  5.21030E+000  5.57085E+000  6.48565E+000  2.91742E+001  5.14366E+001
  6.70732E+002
  7.05279E+002  7.45672E+002  8.43599E+002  2.08057E+003  2.77000E+003
  9.64452E+003
  1.13434E+003  1.45178E+003  2.66305E+003  1.78686E+004  3.05194E+004
  1.04790E+005
  5.64272E+002  6.01599E+002  9.58039E+002  3.00976E+003  5.10250E+003
  2.08555E+004
  6.73502E+000  7.56635E+000  9.78043E+000  7.37102E+001  1.39907E+002
  2.03240E+003
  3.04601E+002  6.50209E+002  1.00082E+003  1.15518E+003  1.07385E+003
  8.85879E+002
  Planck function fitting parameters
  0.00000E+000  0.00000E+000  0.00000E+000  0.00000E+000  0.00000E+000
  Incident solar flux (W/m2)
  1.47510E+001
  Surface property
  2.28390E-002  6.04994E-002  6.04994E-002  6.04994E-002  6.04994E-002
  1.76765E-001  9.14551E-002
  Rayleigh scattering coefficient
  5.26543E-005
  Moments
  1.00000E+000
  1.00142E+004  7.85633E+003  4.42362E+003  1.89451E+003  9.80614E+002
  6.98158E+002
  1.14407E+004  7.70712E+003  2.82217E+003  1.24725E+003  7.72542E+002
  6.39329E+002
  1.75533E+003  3.01906E+003  4.05159E+003  4.06191E+003  3.14281E+003
  2.10941E+003
  1.09583E+004  1.10032E+004  1.10798E+004  1.13349E+004  1.24192E+004
  1.50629E+004
  5.76165E+002  1.41116E+003  3.67587E+003  5.67702E+003  7.12795E+003
  8.08485E+003
  5.09852E+003  5.20310E+003  5.45932E+003  9.58785E+003  1.23729E+004
  5.03127E+004
  2.98896E+003  3.20360E+003  3.72071E+003  1.07380E+004  1.49800E+004
  6.53462E+004
  8.19466E+003  9.82175E+003  1.54605E+004  6.96426E+004  1.07363E+005
  2.98540E+005
  4.88904E+003  5.11499E+003  7.23588E+003  1.96692E+004  3.39439E+004
  1.69105E+005
  8.81289E+002  1.07986E+003  1.56839E+003  9.79106E+003  1.54931E+004
  9.59413E+004
  5.44333E+003  7.62795E+003  8.03967E+003  6.57167E+003  4.47304E+003
  2.82777E+003
  0.00000E+000
  2.19034E+003  1.55240E+003  1.07367E+003  5.94337E+002  3.45115E+002
  2.60247E+002
  3.47674E+003  2.02876E+003  9.38469E+002  4.69251E+002  3.09540E+002
  2.62351E+002
  4.34139E+002  4.72090E+002  4.94455E+002  4.85074E+002  4.45678E+002
  3.95186E+002
  1.09560E+004  1.09918E+004  1.10471E+004  1.12104E+004  1.17779E+004
  1.27991E+004
  3.51177E+002  3.89574E+002  4.71488E+002  5.38170E+002  5.87641E+002
  6.23331E+002
  4.60047E+003  4.67314E+003  4.84883E+003  7.39103E+003  8.92327E+003
  2.57379E+004
  3.61108E+002  4.94420E+002  7.75225E+002  3.87464E+003  5.61803E+003
  2.41983E+004
  1.77043E+002  8.93167E+002  2.56797E+003  1.56545E+004  2.48962E+004
  7.51901E+004
  2.89048E+003  3.00083E+003  3.99825E+003  9.34011E+003  1.50104E+004
  6.11034E+004
  2.85163E+002  4.17753E+002  7.36754E+002  5.34457E+003  8.15192E+003
  4.00263E+004
  6.79375E+001  8.36850E+001  9.61922E+001  1.01279E+002  9.92719E+001
  9.37666E+001
  0.00000E+000
  5.79919E+003  5.07268E+003  2.69955E+003  1.10129E+003  5.71116E+002
  4.01707E+002
  5.75331E+003  4.48839E+003  1.54890E+003  6.90771E+002  4.23214E+002
  3.47578E+002
  8.56930E+002  1.91160E+003  2.90776E+003  3.06174E+003  2.36316E+003
  1.52198E+003
  2.50612E-002  3.91735E-001  1.94387E+000  1.29928E+001  1.18564E+002
  6.36999E+002
  5.35331E+001  3.88700E+002  1.65079E+003  2.97985E+003  4.04019E+003
  4.79342E+003
  1.74076E+002  1.86982E+002  2.19814E+002  9.20627E+002  1.51908E+003
  1.30678E+004
  1.94396E+003  2.00345E+003  2.17150E+003  4.81801E+003  6.46618E+003
  2.74065E+004
  5.40506E+003  6.23317E+003  9.41828E+003  4.21898E+004  6.52163E+004
  1.81023E+005
  1.47650E+003  1.56025E+003  2.35778E+003  7.12623E+003  1.27471E+004
  7.19621E+004
  2.27689E+002  2.55248E+002  3.27147E+002  2.03578E+003  3.51280E+003
  3.16466E+004
  3.06407E+003  4.59650E+003  5.05606E+003  4.24161E+003  2.93967E+003
  1.89317E+003
  1.00000E-001
  3.98379E+003  4.09496E+003  2.30763E+003  1.00405E+003  5.34337E+002
  3.79880E+002
  3.89003E+003  3.61879E+003  1.38430E+003  6.45544E+002  4.02205E+002
  3.32507E+002
  5.86598E+002  1.42006E+003  2.31274E+003  2.56052E+003  2.04705E+003
  1.35317E+003
  2.30976E-001  1.15426E+000  3.37784E+000  1.35265E+001  7.90511E+001
  3.44116E+002
  3.36407E+001  2.14614E+002  9.40742E+002  1.78416E+003  2.51692E+003
  3.08116E+003
  1.00524E+002  1.07814E+002  1.26372E+002  5.22676E+002  8.63125E+002
  7.66931E+003
  1.53600E+003  1.58158E+003  1.71336E+003  3.75487E+003  4.99130E+003
  1.99855E+004
  3.81598E+003  4.44609E+003  6.93109E+003  3.34374E+004  5.26219E+004
  1.52164E+005
  1.15618E+003  1.22255E+003  1.85021E+003  5.47439E+003  9.57574E+003
  5.08762E+004
  1.31803E+002  1.47422E+002  1.88163E+002  1.16440E+003  2.01993E+003
  1.90602E+004
  1.87603E+003  2.97911E+003  3.47978E+003  3.10313E+003  2.28318E+003
  1.55058E+003
  0.00000E+000
  2.46737E+003  3.11097E+003  1.86673E+003  8.77530E+002  4.89412E+002
  3.54713E+002
  2.38720E+003  2.75160E+003  1.18752E+003  5.94029E+002  3.80562E+002
  3.17717E+002
  3.60629E+002  9.85439E+002  1.74858E+003  2.05548E+003  1.71409E+003
  1.16997E+003
  1.71069E-003  2.76142E-002  1.44095E-001  1.07083E+000  1.22004E+001
  8.83948E+001
  7.36332E+000  7.30759E+001  4.23646E+002  9.03288E+002  1.36454E+003
  1.74959E+003
  3.47630E+001  3.75344E+001  4.46418E+001  2.06780E+002  3.54570E+002
  3.67630E+003
  1.12128E+003  1.15825E+003  1.26053E+003  2.76165E+003  3.64471E+003
  1.38418E+004
  2.38013E+003  2.87895E+003  4.72324E+003  2.50274E+004  4.02221E+004
  1.21937E+005
  8.83482E+002  9.34853E+002  1.41563E+003  4.07333E+003  6.93445E+003
  3.40799E+004
  4.83333E+001  5.43982E+001  7.04206E+001  4.91035E+002  8.84501E+002
  9.68367E+003
  9.65890E+002  1.66031E+003  2.07158E+003  1.95878E+003  1.52384E+003
  1.09197E+003
  0.00000E+000
  1.46474E+003  2.36130E+003  1.58446E+003  8.17394E+002  4.66131E+002
  3.40961E+002
  1.40147E+003  2.10192E+003  1.08162E+003  5.66677E+002  3.68032E+002
  3.08878E+002
  2.27213E+002  6.86211E+002  1.31442E+003  1.63875E+003  1.43210E+003
  1.01699E+003
  4.85545E-005  1.78093E-003  1.38967E-002  1.58154E-001  2.83784E+000
  2.90463E+001
  2.18250E+000  2.88064E+001  2.04167E+002  4.78177E+002  7.66807E+002
  1.02687E+003
  1.36618E+001  1.48210E+001  1.78125E+001  8.97100E+001  1.58238E+002
  1.84999E+003
  8.63112E+002  8.94035E+002  9.78359E+002  2.18927E+003  2.89075E+003
  1.06129E+004
  1.60836E+003  1.96586E+003  3.34165E+003  1.93839E+004  3.18983E+004
  1.02197E+005
  6.96659E+002  7.38239E+002  1.12739E+003  3.25545E+003  5.48032E+003
  2.50554E+004
  2.03273E+001  2.29412E+001  2.99134E+001  2.25527E+002  4.17520E+002
  5.12686E+003
  5.47961E+002  1.02916E+003  1.40606E+003  1.46075E+003  1.24683E+003
  9.67271E+002
  Planck function fitting parameters
  0.00000E+000  0.00000E+000  0.00000E+000  0.00000E+000  0.00000E+000
  Incident solar flux (W/m2)
  1.23855E+001
  Surface property
  2.28390E-002  7.38867E-002  7.38867E-002  7.38867E-002  7.38867E-002
  2.34717E-001  1.34717E-001
  Rayleigh scattering coefficient
  1.21215E-004
  Moments
  1.00000E+000
  6.57403E+003  5.44027E+003  3.80377E+003  1.83546E+003  9.58525E+002
  6.87022E+002
  3.88692E+003  3.86924E+003  2.45993E+003  1.18561E+003  7.44227E+002
  6.20884E+002
  1.65065E+003  2.58874E+003  3.38611E+003  3.45930E+003  2.79599E+003
  1.97186E+003
  1.32171E+004  1.32952E+004  1.34275E+004  1.38522E+004  1.55040E+004
  1.89850E+004
  7.94028E+002  2.08784E+003  5.18357E+003  7.59753E+003  9.15282E+003
  1.00422E+004
  1.67139E+003  1.86050E+003  2.31925E+003  9.05008E+003  1.31318E+004
  5.85380E+004
  3.64007E+003  3.88516E+003  4.48311E+003  1.27676E+004  1.76549E+004
  6.99319E+004
  9.35655E+003  1.04014E+004  1.41910E+004  5.47691E+004  8.48964E+004
  2.47716E+005
  5.80803E+003  6.08380E+003  8.65736E+003  2.32568E+004  3.90960E+004
  1.69048E+005
  2.37422E+003  2.72383E+003  3.57160E+003  1.61444E+004  2.38280E+004
  1.11406E+005
  7.47599E+003  9.66605E+003  9.41991E+003  7.17200E+003  4.61427E+003
  2.81782E+003
  0.00000E+000
  3.44989E+003  2.17474E+003  1.44058E+003  7.78336E+002  4.36512E+002
  3.19437E+002
  1.98866E+003  1.30410E+003  7.22999E+002  4.15248E+002  2.91365E+002
  2.51955E+002
  6.24999E+002  6.50655E+002  6.50591E+002  6.12005E+002  5.42819E+002
  4.67945E+002
  1.32124E+004  1.32727E+004  1.33644E+004  1.36224E+004  1.44260E+004
  1.55926E+004
  3.99984E+002  4.51138E+002  5.50761E+002  6.25043E+002  6.76494E+002
  7.11344E+002
  9.90757E+002  1.16184E+003  1.57478E+003  7.43657E+003  1.08761E+004
  4.64518E+004
  1.44892E+003  1.68158E+003  2.19303E+003  8.35857E+003  1.18314E+004
  4.71484E+004
  6.55571E+002  1.96455E+003  4.59934E+003  2.30632E+004  3.56794E+004
  1.02798E+005
  3.77398E+003  3.98263E+003  5.89909E+003  1.63978E+004  2.74432E+004
  1.12503E+005
  1.59675E+003  1.91445E+003  2.67959E+003  1.34676E+004  1.97850E+004
  8.58240E+004
  9.30803E+001  1.12889E+002  1.26432E+002  1.29467E+002  1.23962E+002
  1.15227E+002
  0.00000E+000
  2.59366E+003  2.98457E+003  2.20552E+003  9.97906E+002  5.02233E+002
  3.56814E+002
  1.59086E+003  2.36559E+003  1.63339E+003  7.28636E+002  4.34360E+002
  3.55837E+002
  7.26076E+002  1.57100E+003  2.39151E+003  2.58807E+003  2.08717E+003
  1.40669E+003
  6.88425E-002  9.91706E-001  4.63824E+000  2.84366E+001  2.27543E+002
  1.06413E+003
  1.07833E+002  6.87516E+002  2.55524E+003  4.26865E+003  5.48239E+003
  6.24108E+003
  2.87654E+002  2.96419E+002  3.18716E+002  7.59484E+002  1.09936E+003
  7.07916E+003
  1.70551E+003  1.72684E+003  1.81296E+003  3.51379E+003  4.62118E+003
  1.77489E+004
  6.04803E+003  6.34364E+003  7.87332E+003  2.84242E+004  4.46419E+004
  1.34055E+005
  1.51452E+003  1.57411E+003  2.12407E+003  5.37040E+003  9.07244E+003
  4.37279E+004
  3.24390E+002  3.40191E+002  3.80966E+002  1.31501E+003  2.08846E+003
  1.59740E+004
  4.29851E+003  5.90407E+003  5.97251E+003  4.65234E+003  3.04599E+003
  1.89736E+003
  1.00000E-001
  1.99246E+003  2.64266E+003  2.03026E+003  9.44344E+002  4.86267E+002
  3.48264E+002
  1.23977E+003  2.11285E+003  1.52510E+003  6.94639E+002  4.18525E+002
  3.44078E+002
  5.28721E+002  1.24493E+003  2.02046E+003  2.28163E+003  1.88998E+003
  1.29685E+003
  4.64130E-001  2.29864E+000  6.62689E+000  2.56951E+001  1.40604E+002
  5.62502E+002
  6.44430E+001  3.82099E+002  1.50269E+003  2.65052E+003  3.54475E+003
  4.16184E+003
  1.69810E+002  1.75142E+002  1.88728E+002  4.58716E+002  6.69289E+002
  4.53753E+003
  1.38491E+003  1.40981E+003  1.49609E+003  2.98097E+003  3.91283E+003
  1.45697E+004
  4.36012E+003  4.72397E+003  6.28401E+003  2.48945E+004  3.96600E+004
  1.22327E+005
  1.21767E+003  1.27174E+003  1.76039E+003  4.52010E+003  7.56768E+003
  3.50482E+004
  1.89501E+002  1.99167E+002  2.24055E+002  8.02759E+002  1.28961E+003
  1.05572E+004
  2.67146E+003  3.88934E+003  4.18057E+003  3.46256E+003  2.40533E+003
  1.57612E+003
  0.00000E+000
  1.41787E+003  2.26724E+003  1.83641E+003  8.85897E+002  4.69202E+002
  3.39512E+002
  8.96834E+002  1.83118E+003  1.40504E+003  6.54910E+002  4.00400E+002
  3.31107E+002
  3.57987E+002  9.42144E+002  1.65023E+003  1.96024E+003  1.67857E+003
  1.17879E+003
  4.79470E-003  7.24616E-002  3.61109E-001  2.50693E+000  2.56372E+001
  1.64489E+002
  1.63565E+001  1.43661E+002  7.25748E+002  1.42277E+003  2.02426E+003
  2.47828E+003
  7.04611E+001  7.30588E+001  7.96670E+001  2.14169E+002  3.23003E+002
  2.53720E+003
  1.08534E+003  1.11467E+003  1.20009E+003  2.48165E+003  3.25964E+003
  1.18276E+004
  2.84803E+003  3.31255E+003  4.81195E+003  2.12696E+004  3.44611E+004
  1.09758E+005
  9.57251E+002  1.00461E+003  1.42830E+003  3.75255E+003  6.24312E+003
  2.76734E+004
  7.67755E+001  8.15613E+001  9.38543E+001  3.90949E+002  6.54429E+002
  6.24752E+003
  1.40811E+003  2.21027E+003  2.53207E+003  2.22259E+003  1.63402E+003
  1.13100E+003
  0.00000E+000
  9.62778E+002  1.90206E+003  1.64528E+003  8.32218E+002  4.54154E+002
  3.31786E+002
  6.19705E+002  1.54974E+003  1.28392E+003  6.17816E+002  3.83378E+002
  3.18809E+002
  2.44917E+002  7.08756E+002  1.33053E+003  1.66074E+003  1.47389E+003
  1.06406E+003
  1.74744E-004  5.66186E-003  4.10988E-002  4.24549E-001  6.62548E+000
  5.87033E+001
  5.32279E+000  6.07041E+001  3.69559E+002  7.91225E+002  1.19099E+003
  1.51943E+003
  3.21960E+001  3.34997E+001  3.68230E+001  1.06493E+002  1.64787E+002
  1.45623E+003
  8.72444E+002  9.01937E+002  9.82568E+002  2.11423E+003  2.78640E+003
  9.95889E+003
  1.98648E+003  2.37000E+003  3.68424E+003  1.80462E+004  2.97428E+004
  9.80081E+004
  7.77886E+002  8.19413E+002  1.19112E+003  3.20962E+003  5.32904E+003
  2.26864E+004
  3.43973E+001  3.68141E+001  4.30667E+001  2.01299E+002  3.47975E+002
  3.76986E+003
  8.18239E+002  1.40400E+003  1.76351E+003  1.70241E+003  1.37112E+003
  1.02169E+003
  Planck function fitting parameters
  0.00000E+000  0.00000E+000  0.00000E+000  0.00000E+000  0.00000E+000
  Incident solar flux (W/m2)
  2.99687E+001
  Surface property
  2.28390E-002  9.62656E-002  9.62656E-002  9.62656E-002  9.62656E-002
  2.91809E-001  1.89520E-001
  Rayleigh scattering coefficient
  2.68442E-004
  Moments
  1.00000E+000
  9.93737E+003  8.04405E+003  4.30545E+003  1.84432E+003  9.62999E+002
  6.87817E+002
  8.12541E+003  7.56020E+003  2.83278E+003  1.22389E+003  7.62760E+002
  6.31693E+002
  2.77598E+003  4.33780E+003  5.19853E+003  4.66881E+003  3.29731E+003
  2.08951E+003
  1.54630E+004  1.56008E+004  1.58265E+004  1.65175E+004  1.89686E+004
  2.34096E+004
  1.07988E+003  3.08467E+003  7.27069E+003  1.00901E+004  1.16427E+004
  1.23399E+004
  1.85360E+003  1.92017E+003  2.08424E+003  4.87112E+003  6.84268E+003
  3.64658E+004
  3.71269E+003  3.87747E+003  4.27855E+003  9.89102E+003  1.33478E+004
  5.61535E+004
  9.96236E+003  1.15314E+004  1.68408E+004  6.98693E+004  1.07119E+005
  2.95444E+005
  6.22119E+003  6.41521E+003  8.18468E+003  1.82902E+004  3.00827E+004
  1.48158E+005
  2.06573E+003  2.18245E+003  2.47429E+003  7.90603E+003  1.19793E+004
  7.65409E+004
  9.90466E+003  1.18428E+004  1.07175E+004  7.64923E+003  4.68938E+003
  2.78827E+003
  0.00000E+000
  5.76978E+001  6.07882E+001  6.13425E+001  5.84275E+001  5.28457E+001
  4.99158E+001
  3.74803E+001  3.94091E+001  3.98948E+001  3.77910E+001  3.57750E+001
  3.47796E+001
  5.30069E+002  5.62782E+002  5.70508E+002  5.42191E+002  4.85250E+002
  4.21913E+002
  1.54537E+004  1.55564E+004  1.57054E+004  1.60999E+004  1.71962E+004
  1.84484E+004
  3.78959E+002  4.36863E+002  5.39484E+002  6.09565E+002  6.55010E+002
  6.84002E+002
  1.28899E+002  1.30486E+002  1.34295E+002  1.87525E+002  2.19081E+002
  5.71112E+002
  5.88282E+002  5.93758E+002  6.06253E+002  7.34662E+002  7.99777E+002
  1.49208E+003
  2.32564E+002  2.43789E+002  2.90462E+002  9.43383E+002  1.52662E+003
  5.50212E+003
  3.67297E+003  3.72807E+003  4.13453E+003  5.26305E+003  5.87631E+003
  8.05885E+003
  5.22273E+002  5.26933E+002  5.37644E+002  6.62846E+002  7.30665E+002
  1.45837E+003
  1.26490E+002  1.50447E+002  1.63964E+002  1.63396E+002  1.53064E+002
  1.40257E+002
  0.00000E+000
  8.18837E+003  6.78566E+003  3.48427E+003  1.48994E+003  7.91707E+002
  5.62834E+002
  6.82326E+003  6.58301E+003  2.35740E+003  1.02975E+003  6.45736E+002
  5.33892E+002
  1.63008E+003  3.06308E+003  3.99405E+003  3.67465E+003  2.54201E+003
  1.52165E+003
  1.92398E-001  2.52738E+000  1.10543E+001  6.15889E+001  4.27798E+002
  1.72979E+003
  2.19713E+002  1.21674E+003  3.92421E+003  6.04172E+003  7.33147E+003
  7.99443E+003
  8.10451E+002  8.45683E+002  9.33127E+002  2.50659E+003  3.68130E+003
  2.31834E+004
  2.28582E+003  2.40540E+003  2.69661E+003  6.71826E+003  9.18559E+003
  4.03244E+004
  7.00127E+003  8.34561E+003  1.28250E+004  5.68548E+004  8.75851E+004
  2.41972E+005
  1.81788E+003  1.92105E+003  2.94261E+003  9.51927E+003  1.76718E+004
  1.04839E+005
  7.21262E+002  7.81555E+002  9.34591E+002  4.06932E+003  6.58867E+003
  5.08612E+004
  5.80002E+003  7.31572E+003  6.83978E+003  4.98226E+003  3.10777E+003
  1.88614E+003
  1.00000E-001
  6.51486E+003  5.84401E+003  3.06010E+003  1.35701E+003  7.28553E+002
  5.19775E+002
  5.48456E+003  5.74760E+003  2.12172E+003  9.50555E+002  5.99960E+002
  4.96791E+002
  1.19311E+003  2.42228E+003  3.34660E+003  3.20151E+003  2.27259E+003
  1.38682E+003
  9.38609E-001  4.58712E+000  1.29836E+001  4.85301E+001  2.47189E+002
  9.02461E+002
  1.26535E+002  6.84135E+002  2.37583E+003  3.87004E+003  4.88758E+003
  5.49074E+003
  4.75020E+002  4.96553E+002  5.50119E+002  1.53445E+003  2.28586E+003
  1.54282E+004
  1.81665E+003  1.91409E+003  2.15105E+003  5.34842E+003  7.27280E+003
  3.11156E+004
  5.24828E+003  6.37781E+003  1.01615E+004  4.80146E+004  7.47948E+004
  2.11325E+005
  1.43148E+003  1.51387E+003  2.32668E+003  7.43657E+003  1.36552E+004
  7.99117E+004
  4.24455E+002  4.61352E+002  5.55388E+002  2.54704E+003  4.19514E+003
  3.48783E+004
  3.65972E+003  4.89690E+003  4.86615E+003  3.76856E+003  2.49124E+003
  1.58570E+003
  0.00000E+000
  4.81697E+003  4.77531E+003  2.50125E+003  1.14275E+003  6.30614E+002
  4.54590E+002
  4.11648E+003  4.81437E+003  1.79621E+003  8.28152E+002  5.30803E+002
  4.41584E+002
  8.11927E+002  1.82208E+003  2.69797E+003  2.70404E+003  1.98116E+003
  1.23871E+003
  1.35678E-002  1.90687E-001  9.01956E-001  5.80043E+000  5.26433E+001
  2.96143E+002
  3.66422E+001  2.79733E+002  1.21342E+003  2.17224E+003  2.89931E+003
  3.38111E+003
  2.07303E+002  2.17969E+002  2.44667E+002  7.61060E+002  1.17395E+003
  9.06730E+003
  1.35251E+003  1.42707E+003  1.60822E+003  3.99524E+003  5.40140E+003
  2.24336E+004
  3.52944E+003  4.40820E+003  7.39218E+003  3.79526E+004  5.98321E+004
  1.72711E+005
  1.10616E+003  1.17040E+003  1.79996E+003  5.60465E+003  1.00817E+004
  5.70514E+004
  1.86225E+002  2.04514E+002  2.51648E+002  1.32962E+003  2.27231E+003
  2.14844E+004
  1.97170E+003  2.83406E+003  2.99595E+003  2.45861E+003  1.72190E+003
  1.15866E+003
  0.00000E+000
  3.44995E+003  3.89116E+003  2.11343E+003  1.01057E+003  5.61519E+002
  4.06323E+002
  2.98223E+003  3.98181E+003  1.55738E+003  7.35042E+002  4.73808E+002
  3.94873E+002
  5.56446E+002  1.36157E+003  2.14997E+003  2.25921E+003  1.71599E+003
  1.10579E+003
  6.29556E-004  1.80888E-002  1.21230E-001  1.12425E+000  1.50528E+001
  1.14226E+002
  1.30014E+001  1.25693E+002  6.47432E+002  1.25865E+003  1.77194E+003
  2.14928E+003
  9.84038E+001  1.03922E+002  1.17809E+002  3.98485E+002  6.31753E+002
  5.44043E+003
  1.06845E+003  1.12834E+003  1.27376E+003  3.15471E+003  4.24142E+003
  1.69640E+004
  2.53230E+003  3.20745E+003  5.55073E+003  3.04549E+004  4.86634E+004
  1.44585E+005
  8.98142E+002  9.50665E+002  1.46361E+003  4.46930E+003  7.87873E+003
  4.22366E+004
  8.88722E+001  9.83728E+001  1.23092E+002  7.26320E+002  1.27825E+003
  1.34244E+004
  1.17325E+003  1.84429E+003  2.13973E+003  1.93134E+003  1.47756E+003
  1.06343E+003
  Planck function fitting parameters
  0.00000E+000  0.00000E+000  0.00000E+000  0.00000E+000  0.00000E+000
  Incident solar flux (W/m2)
  2.28119E+001
  Surface property
  2.28390E-002  1.30820E-001  1.30820E-001  1.30820E-001  1.30820E-001
  3.92461E-001  2.61640E-001
  Rayleigh scattering coefficient
  4.93137E-004
  Moments
  1.00000E+000
  1.28225E+004  8.04936E+003  4.01260E+003  1.82083E+003  9.55541E+002
  6.84309E+002
  1.12759E+004  7.99229E+003  2.69579E+003  1.21384E+003  7.57806E+002
  6.28614E+002
  4.90680E+003  7.05237E+003  7.43799E+003  5.78474E+003  3.59646E+003
  2.10710E+003
  1.76805E+004  1.78899E+004  1.82277E+004  1.92263E+004  2.25107E+004
  2.77266E+004
  1.53211E+003  4.36549E+003  9.61858E+003  1.26878E+004  1.40917E+004
  1.44929E+004
  2.88682E+003  2.99318E+003  3.25493E+003  7.64429E+003  1.07097E+004
  5.52352E+004
  4.22492E+003  4.42279E+003  4.90485E+003  1.18697E+004  1.62885E+004
  7.26746E+004
  1.10423E+004  1.27982E+004  1.87703E+004  7.42940E+004  1.12084E+005
  2.98323E+005
  7.02322E+003  7.25047E+003  9.37579E+003  2.20464E+004  3.73526E+004
  1.94126E+005
  2.98315E+003  3.16794E+003  3.62962E+003  1.20935E+004  1.83372E+004
  1.13334E+005
  1.21897E+004  1.37219E+004  1.17316E+004  7.97497E+003  4.72267E+003
  2.76080E+003
  0.00000E+000
  8.42120E+001  8.79056E+001  8.75765E+001  8.03483E+001  7.17592E+001
  6.77259E+001
  1.14363E+002  1.18692E+002  1.14938E+002  1.01112E+002  9.23509E+001
  8.87748E+001
  5.87196E+002  6.32764E+002  6.41623E+002  6.01638E+002  5.26141E+002
  4.46163E+002
  1.76645E+004  1.78152E+004  1.80289E+004  1.85701E+004  1.99378E+004
  2.11521E+004
  4.29591E+002  5.04699E+002  6.27297E+002  7.04292E+002  7.50696E+002
  7.77977E+002
  7.94679E+001  8.14929E+001  8.63916E+001  1.58009E+002  2.01809E+002
  7.05226E+002
  5.80548E+002  5.86982E+002  6.01860E+002  7.68687E+002  8.58761E+002
  1.84389E+003
  1.13073E+002  1.33406E+002  2.08289E+002  1.14699E+003  1.97025E+003
  7.51411E+003
  4.02940E+003  4.08960E+003  4.54670E+003  5.86245E+003  6.61668E+003
  9.62999E+003
  5.18683E+002  5.24412E+002  5.37767E+002  7.04403E+002  7.98358E+002
  1.83850E+003
  1.61714E+002  1.89069E+002  2.01601E+002  1.96737E+002  1.81311E+002
  1.64416E+002
  0.00000E+000
  1.05885E+004  6.57744E+003  3.13452E+003  1.45955E+003  7.70321E+002
  5.45497E+002
  9.45977E+003  6.71964E+003  2.14225E+003  9.74136E+002  5.96509E+002
  4.88205E+002
  3.13385E+003  5.11943E+003  5.70363E+003  4.46018E+003  2.67887E+003
  1.47203E+003
  4.12595E-001  5.05120E+000  2.09964E+001  1.08857E+002  6.80021E+002
  2.46444E+003
  3.78647E+002  1.88152E+003  5.42609E+003  7.82180E+003  9.06152E+003
  9.53700E+003
  1.39910E+003  1.45866E+003  1.60616E+003  4.20750E+003  6.11192E+003
  3.62486E+004
  2.57278E+003  2.71094E+003  3.04782E+003  7.89039E+003  1.09840E+004
  5.18092E+004
  7.80953E+003  9.28620E+003  1.42355E+004  5.94185E+004  8.99397E+004
  2.39370E+005
  2.06404E+003  2.18415E+003  3.39059E+003  1.15040E+004  2.20028E+004
  1.37785E+005
  1.22351E+003  1.32479E+003  1.58110E+003  6.68662E+003  1.06874E+004
  7.71905E+004
  7.22915E+003  8.54243E+003  7.52029E+003  5.20931E+003  3.13876E+003
  1.87281E+003
  1.00000E-001
  8.59229E+003  5.65970E+003  2.76383E+003  1.33084E+003  7.07101E+002
  5.02384E+002
  7.75166E+003  5.84308E+003  1.93425E+003  8.97015E+002  5.52431E+002
  4.53073E+002
  2.27185E+003  3.98493E+003  4.68485E+003  3.80740E+003  2.35525E+003
  1.32842E+003
  1.61715E+000  7.80130E+000  2.17292E+001  7.87718E+001  3.78561E+002
  1.28436E+003
  2.13941E+002  1.06838E+003  3.34856E+003  5.11031E+003  6.15771E+003
  6.67150E+003
  8.23493E+002  8.60342E+002  9.51817E+002  2.60169E+003  3.83746E+003
  2.44163E+004
  2.00814E+003  2.11725E+003  2.38285E+003  6.10533E+003  8.44557E+003
  3.91620E+004
  5.91388E+003  7.15241E+003  1.13276E+004  5.01706E+004  7.67900E+004
  2.09133E+005
  1.59503E+003  1.68795E+003  2.61725E+003  8.71610E+003  1.65266E+004
  1.03779E+005
  7.23492E+002  7.86157E+002  9.45459E+002  4.23157E+003  6.88345E+003
  5.34951E+004
  4.61589E+003  5.78988E+003  5.41912E+003  3.99059E+003  2.54522E+003
  1.58844E+003
  0.00000E+000
  6.51427E+003  4.56433E+003  2.22487E+003  1.12114E+003  6.10923E+002
  4.39048E+002
  5.96957E+003  4.83449E+003  1.62181E+003  7.82341E+002  4.90349E+002
  4.04931E+002
  1.52104E+003  2.92447E+003  3.66604E+003  3.11704E+003  1.99722E+003
  1.16432E+003
  2.94302E-002  3.91521E-001  1.77955E+000  1.07981E+001  8.95327E+001
  4.55941E+002
  6.72676E+001  4.60287E+002  1.77092E+003  2.94939E+003  3.74067E+003
  4.19578E+003
  3.74074E+002  3.92965E+002  4.40132E+002  1.33203E+003  2.02927E+003
  1.46258E+004
  1.45928E+003  1.53959E+003  1.73479E+003  4.39610E+003  6.03883E+003
  2.74535E+004
  3.98050E+003  4.94062E+003  8.21173E+003  3.93158E+004  6.08937E+004
  1.69577E+005
  1.21319E+003  1.28340E+003  1.97932E+003  6.33470E+003  1.17658E+004
  7.27885E+004
  3.31032E+002  3.63141E+002  4.45619E+002  2.27140E+003  3.82214E+003
  3.34394E+004
  2.52726E+003  3.39744E+003  3.37947E+003  2.63794E+003  1.78441E+003
  1.17802E+003
  0.00000E+000
  4.82037E+003  3.74605E+003  1.90846E+003  9.99848E+002  5.47343E+002
  3.95185E+002
  4.46506E+003  4.00176E+003  1.42188E+003  6.99446E+002  4.42283E+002
  3.66837E+002
  1.02532E+003  2.13671E+003  2.85071E+003  2.54889E+003  1.70745E+003
  1.03706E+003
  1.59542E-003  4.21422E-002  2.66670E-001  2.28784E+000  2.74087E+001
  1.85652E+002
  2.51847E+001  2.14893E+002  9.73223E+002  1.75484E+003  2.34427E+003
  2.73312E+003
  1.82897E+002  1.92938E+002  2.18134E+002  7.14487E+002  1.11681E+003
  8.91444E+003
  1.14918E+003  1.21262E+003  1.36655E+003  3.40888E+003  4.63929E+003
  2.02274E+004
  2.90966E+003  3.65164E+003  6.23039E+003  3.17497E+004  4.98540E+004
  1.43112E+005
  9.83474E+002  1.04003E+003  1.59676E+003  4.93282E+003  8.93688E+003
  5.28301E+004
  1.62871E+002  1.79992E+002  2.24359E+002  1.26728E+003  2.19156E+003
  2.11579E+004
  1.53139E+003  2.25295E+003  2.46176E+003  2.11312E+003  1.55686E+003
  1.09308E+003
  Planck function fitting parameters
  0.00000E+000  0.00000E+000  0.00000E+000  0.00000E+000  0.00000E+000
  Incident solar flux (W/m2)
  4.42905E+001
  Surface property
  2.28390E-002  1.66870E-001  1.66870E-001  1.66870E-001  1.66870E-001
  5.00610E-001  3.33740E-001
  Rayleigh scattering coefficient
  8.33632E-004
  Moments
  1.00000E+000
  1.45066E+004  7.67859E+003  3.85831E+003  1.80393E+003  9.49208E+002
  6.80538E+002
  1.34337E+004  7.86679E+003  2.64973E+003  1.20562E+003  7.53702E+002
  6.25566E+002
  8.82451E+003  1.11200E+004  1.00262E+004  6.70317E+003  3.73129E+003
  2.08291E+003
  1.98221E+004  2.01228E+004  2.05985E+004  2.19554E+004  2.61044E+004
  3.18950E+004
  2.26258E+003  6.32161E+003  1.28883E+004  1.60659E+004  1.71041E+004
  1.70172E+004
  4.07120E+003  4.21831E+003  4.57994E+003  1.05789E+004  1.47194E+004
  7.30817E+004
  5.40104E+003  5.64084E+003  6.22476E+003  1.46629E+004  2.00434E+004
  8.87993E+004
  1.17851E+004  1.36513E+004  1.99749E+004  7.63222E+004  1.13820E+005
  2.96604E+005
  8.27599E+003  8.54591E+003  1.10604E+004  2.63645E+004  4.50499E+004
  2.35181E+005
  5.42450E+003  5.69938E+003  6.38060E+003  1.82092E+004  2.66485E+004
  1.49372E+005
  1.44479E+004  1.54270E+004  1.25630E+004  8.20314E+003  4.72830E+003
  2.73139E+003
  0.00000E+000
  1.46555E+001  1.53550E+001  1.54766E+001  1.46733E+001  1.35639E+001
  1.30271E+001
  1.57221E+001  1.64060E+001  1.63821E+001  1.54120E+001  1.46123E+001
  1.42797E+001
  7.12588E+002  7.78023E+002  7.79803E+002  7.08173E+002  5.93975E+002
  4.84872E+002
  1.97963E+004  2.00053E+004  2.02935E+004  2.09922E+004  2.25980E+004
  2.36415E+004
  4.96184E+002  5.98004E+002  7.52044E+002  8.40775E+002  8.89780E+002
  9.15382E+002
  3.75980E+001  3.80102E+001  3.89990E+001  5.27671E+001  6.09035E+001
  1.51405E+002
  1.08267E+003  1.09223E+003  1.11311E+003  1.25856E+003  1.30187E+003
  1.50743E+003
  9.77820E+001  9.98921E+001  1.10725E+002  2.73387E+002  4.19966E+002
  1.42318E+003
  4.56363E+003  4.63310E+003  5.14906E+003  6.54870E+003  7.24560E+003
  8.65889E+003
  1.11250E+003  1.11921E+003  1.13371E+003  1.24969E+003  1.29365E+003
  1.59953E+003
  2.01399E+002  2.31512E+002  2.41958E+002  2.31772E+002  2.10570E+002
  1.89185E+002
  0.00000E+000
  1.20523E+004  6.19029E+003  3.04341E+003  1.49568E+003  8.04681E+002
  5.80434E+002
  1.14106E+004  6.55408E+003  2.16789E+003  1.02708E+003  6.47884E+002
  5.39189E+002
  5.71535E+003  7.88640E+003  7.35913E+003  4.88395E+003  2.61115E+003
  1.37392E+003
  8.12819E-001  9.27008E+000  3.66580E+001  1.77427E+002  1.00437E+003
  3.29697E+003
  6.55227E+002  2.90689E+003  7.44040E+003  9.98863E+003  1.10040E+004
  1.11456E+004
  2.11302E+003  2.20067E+003  2.41728E+003  6.16985E+003  8.86751E+003
  4.97778E+004
  2.87131E+003  3.03464E+003  3.43418E+003  9.31181E+003  1.31360E+004
  6.40388E+004
  8.36256E+003  9.93433E+003  1.51907E+004  6.12834E+004  9.18242E+004
  2.40800E+005
  2.43592E+003  2.57607E+003  3.99450E+003  1.39006E+004  2.69559E+004
  1.70254E+005
  2.21286E+003  2.37271E+003  2.77354E+003  1.02712E+004  1.59108E+004
  1.04335E+005
  8.65543E+003  9.66145E+003  8.07988E+003  5.36982E+003  3.14890E+003
  1.85511E+003
  1.00000E-001
  9.92936E+003  5.34620E+003  2.71052E+003  1.36592E+003  7.38722E+002
  5.33927E+002
  9.49837E+003  5.69975E+003  1.97087E+003  9.45759E+002  5.98713E+002
  4.98581E+002
  4.02470E+003  5.94689E+003  5.86368E+003  4.06804E+003  2.26123E+003
  1.23224E+003
  2.61473E+000  1.24319E+001  3.40557E+001  1.19787E+002  5.44760E+002
  1.72664E+003
  3.63376E+002  1.65440E+003  4.62620E+003  6.57526E+003  7.53128E+003
  7.85043E+003
  1.25675E+003  1.31190E+003  1.44855E+003  3.87099E+003  5.65339E+003
  3.40664E+004
  2.13744E+003  2.26219E+003  2.56722E+003  6.98234E+003  9.83488E+003
  4.80883E+004
  6.40192E+003  7.72634E+003  1.21820E+004  5.20174E+004  7.88033E+004
  2.11473E+005
  1.81336E+003  1.91842E+003  2.98006E+003  1.02904E+004  1.99261E+004
  1.28339E+005
  1.28872E+003  1.38907E+003  1.64190E+003  6.54430E+003  1.03436E+004
  7.32428E+004
  5.58587E+003  6.62097E+003  5.88753E+003  4.15833E+003  2.57783E+003
  1.58453E+003
  0.00000E+000
  7.66308E+003  4.26870E+003  2.17813E+003  1.14419E+003  6.29641E+002
  4.58223E+002
  7.46216E+003  4.66400E+003  1.64379E+003  8.13357E+002  5.20280E+002
  4.34817E+002
  2.57878E+003  4.15822E+003  4.37144E+003  3.19034E+003  1.86000E+003
  1.06445E+003
  5.88182E-002  7.40645E-001  3.23642E+000  1.85618E+001  1.41245E+002
  6.55791E+002
  1.21013E+002  7.35184E+002  2.48560E+003  3.83231E+003  4.60516E+003
  4.96001E+003
  5.94035E+002  6.23349E+002  6.96373E+002  2.04892E+003  3.08458E+003
  2.08784E+004
  1.49384E+003  1.58201E+003  1.79752E+003  4.86091E+003  6.82267E+003
  3.33400E+004
  4.34305E+003  5.36993E+003  8.85966E+003  4.06875E+004  6.23277E+004
  1.70806E+005
  1.33318E+003  1.40973E+003  2.17777E+003  7.26787E+003  1.38800E+004
  8.97958E+004
  5.92300E+002  6.45387E+002  7.80535E+002  3.57836E+003  5.85430E+003
  4.65563E+004
  3.10105E+003  3.93189E+003  3.71333E+003  2.78138E+003  1.83043E+003
  1.19066E+003
  0.00000E+000
  5.81751E+003  3.53930E+003  1.89641E+003  1.01869E+003  5.60423E+002
  4.07852E+002
  5.72608E+003  3.86621E+003  1.44434E+003  7.18613E+002  4.60352E+002
  3.84814E+002
  1.67857E+003  2.93791E+003  3.31320E+003  2.57984E+003  1.59968E+003
  9.63688E+002
  3.67941E-003  8.95356E-002  5.35521E-001  4.26139E+000  4.59467E+001
  2.80095E+002
  4.70423E+001  3.51222E+002  1.38811E+003  2.31428E+003  2.93027E+003
  3.28361E+003
  2.99411E+002  3.15455E+002  3.55613E+002  1.12861E+003  1.74109E+003
  1.29782E+004
  1.16384E+003  1.23173E+003  1.39745E+003  3.68958E+003  5.12578E+003
  2.42073E+004
  3.23056E+003  4.03198E+003  6.80627E+003  3.31328E+004  5.14369E+004
  1.45140E+005
  1.06649E+003  1.12669E+003  1.72643E+003  5.52493E+003  1.03056E+004
  6.47241E+004
  2.90773E+002  3.19665E+002  3.93950E+002  2.02448E+003  3.40764E+003
  2.98984E+004
  1.90985E+003  2.65147E+003  2.75219E+003  2.26530E+003  1.61843E+003
  1.11381E+003
  Planck function fitting parameters
  0.00000E+000  0.00000E+000  0.00000E+000  0.00000E+000  0.00000E+000
  Incident solar flux (W/m2)
  2.83500E+002
  Surface property
  2.28390E-002  2.62941E-001  2.62941E-001  2.62941E-001  2.62941E-001
  7.25428E-001  4.62487E-001
  Rayleigh scattering coefficient
  4.03480E-003
  Moments
  1.00000E+000
  1.62167E+004  6.68486E+003  3.68207E+003  1.76503E+003  9.35715E+002
  6.73438E+002
  1.61692E+004  6.84696E+003  2.57579E+003  1.18570E+003  7.44583E+002
  6.18963E+002
  2.19110E+004  2.01967E+004  1.35589E+004  7.26895E+003  3.63997E+003
  2.00417E+003
  2.78310E+004  2.87012E+004  2.99560E+004  3.30856E+004  4.04586E+004
  4.65951E+004
  6.26706E+003  1.48867E+004  2.37643E+004  2.54175E+004  2.43129E+004
  2.23368E+004
  1.05978E+004  1.09421E+004  1.17844E+004  2.51523E+004  3.39693E+004
  1.46134E+005
  9.73065E+003  1.01424E+004  1.11361E+004  2.59629E+004  3.53309E+004
  1.49444E+005
  1.34497E+004  1.54827E+004  2.23452E+004  7.83546E+004  1.14268E+005
  2.87802E+005
  1.29744E+004  1.34180E+004  1.76124E+004  4.40063E+004  7.61128E+004
  3.78980E+005
  1.49932E+004  1.56522E+004  1.72568E+004  4.33245E+004  6.06668E+004
  2.84010E+005
  2.22704E+004  2.04432E+004  1.45792E+004  8.60061E+003  4.67320E+003
  2.65018E+003
  0.00000E+000
  7.01537E+000  7.28442E+000  7.24128E+000  6.73890E+000  6.23636E+000
  6.03864E+000
  1.10269E+001  1.13665E+001  1.09230E+001  9.88395E+000  9.22090E+000
  8.89961E+000
  1.23083E+003  1.29064E+003  1.19106E+003  9.78789E+002  7.48493E+002
  5.69464E+002
  2.77224E+004  2.82556E+004  2.89071E+004  3.02483E+004  3.23597E+004
  3.17713E+004
  7.84065E+002  9.86486E+002  1.22078E+003  1.31889E+003  1.35370E+003
  1.35721E+003
  2.59888E+000  2.76369E+000  3.16378E+000  9.13634E+000  1.28399E+001
  5.58274E+001
  1.57259E+003  1.58682E+003  1.61779E+003  1.83351E+003  1.89378E+003
  2.06147E+003
  6.58122E+001  6.62585E+001  7.10145E+001  1.45384E+002  2.13030E+002
  6.75377E+002
  6.08321E+003  6.17202E+003  6.84143E+003  8.67965E+003  9.61959E+003
  1.14765E+004
  1.87889E+003  1.88689E+003  1.90399E+003  2.03909E+003  2.08787E+003
  2.35877E+003
  3.88066E+002  4.20822E+002  4.13250E+002  3.74639E+002  3.26291E+002
  2.84566E+002
  0.00000E+000
  1.32530E+004  5.24415E+003  2.97479E+003  1.48723E+003  8.01548E+002
  5.79937E+002
  1.35955E+004  5.49105E+003  2.15412E+003  1.01857E+003  6.45195E+002
  5.37766E+002
  1.37949E+004  1.32868E+004  9.00145E+003  4.75485E+003  2.31004E+003
  1.22055E+003
  6.21854E+000  5.47142E+001  1.82003E+002  7.00468E+002  2.89347E+003
  7.01682E+003
  2.47001E+003  7.87448E+003  1.45568E+004  1.62723E+004  1.58408E+004
  1.46569E+004
  6.24956E+003  6.48046E+003  7.04716E+003  1.62933E+004  2.25584E+004
  1.06117E+005
  5.07135E+003  5.35672E+003  6.04962E+003  1.66941E+004  2.35961E+004
  1.10961E+005
  9.51050E+003  1.12244E+004  1.69202E+004  6.26145E+004  9.18547E+004
  2.34173E+005
  4.27674E+003  4.52775E+003  7.04917E+003  2.50482E+004  4.84859E+004
  2.83411E+005
  7.36651E+003  7.80749E+003  8.88741E+003  2.71072E+004  3.96309E+004
  2.08707E+005
  1.36667E+004  1.29728E+004  9.43882E+003  5.65170E+003  3.11783E+003
  1.79011E+003
  1.00000E-001
  1.12174E+004  4.62232E+003  2.69436E+003  1.36037E+003  7.35861E+002
  5.33024E+002
  1.16139E+004  4.84133E+003  1.97210E+003  9.38270E+002  5.95363E+002
  4.96480E+002
  9.39557E+003  9.72316E+003  7.03373E+003  3.94325E+003  2.01518E+003
  1.10614E+003
  1.12469E+001  5.01348E+001  1.28549E+002  4.04230E+002  1.51455E+003
  3.82779E+003
  1.36436E+003  4.65995E+003  9.47336E+003  1.11807E+004  1.12863E+004
  1.07263E+004
  3.87233E+003  4.02678E+003  4.40675E+003  1.07392E+004  1.51238E+004
  7.61931E+004
  3.43220E+003  3.64105E+003  4.14896E+003  1.19918E+004  1.71270E+004
  8.38762E+004
  7.48643E+003  8.95381E+003  1.38625E+004  5.40006E+004  8.00316E+004
  2.08321E+005
  2.89781E+003  3.07745E+003  4.89005E+003  1.80368E+004  3.55072E+004
  2.17529E+005
  4.32668E+003  4.62271E+003  5.34948E+003  1.79711E+004  2.68771E+004
  1.52765E+005
  9.10685E+003  9.18108E+003  7.09910E+003  4.50796E+003  2.61536E+003
  1.55573E+003
  0.00000E+000
  8.84785E+003  3.67039E+003  2.20578E+003  1.14413E+003  6.26078E+002
  4.55541E+002
  9.36531E+003  3.90710E+003  1.66278E+003  8.06259E+002  5.15376E+002
  4.30864E+002
  5.70863E+003  6.41565E+003  4.99152E+003  3.01198E+003  1.66011E+003
  9.72890E+002
  4.79882E-001  4.92906E+000  1.87028E+001  8.81660E+001  5.03285E+002
  1.73911E+003
  5.39862E+002  2.30162E+003  5.43642E+003  6.85192E+003  7.19728E+003
  7.03524E+003
  2.02643E+003  2.11726E+003  2.34170E+003  6.21103E+003  8.97635E+003
  4.97725E+004
  2.16019E+003  2.29836E+003  2.63571E+003  7.91678E+003  1.14231E+004
  5.84644E+004
  5.15200E+003  6.30475E+003  1.01903E+004  4.25363E+004  6.37212E+004
  1.69364E+005
  1.92887E+003  2.05051E+003  3.27883E+003  1.22243E+004  2.42886E+004
  1.54952E+005
  2.12476E+003  2.29633E+003  2.72094E+003  1.05311E+004  1.62636E+004
  1.02292E+005
  5.25709E+003  5.64366E+003  4.63134E+003  3.12607E+003  1.93091E+003
  1.21684E+003
  0.00000E+000
  7.08156E+003  3.16791E+003  1.96514E+003  1.02162E+003  5.58304E+002
  4.05851E+002
  7.54064E+003  3.32233E+003  1.47084E+003  7.12892E+002  4.55324E+002
  3.80457E+002
  3.65799E+003  4.54546E+003  3.90450E+003  2.57981E+003  1.51945E+003
  9.23185E+002
  4.66332E-002  8.37220E-001  4.11732E+000  2.54299E+001  1.94413E+002
  8.50466E+002
  2.36922E+002  1.19816E+003  3.25075E+003  4.41285E+003  4.88212E+003
  4.96905E+003
  1.10855E+003  1.16262E+003  1.29676E+003  3.68414E+003  5.44061E+003
  3.27841E+004
  1.56338E+003  1.66223E+003  1.90371E+003  5.64953E+003  8.13394E+003
  4.19788E+004
  4.04744E+003  4.97203E+003  8.13895E+003  3.56086E+004  5.39729E+004
  1.47007E+005
  1.43694E+003  1.52538E+003  2.41419E+003  8.77300E+003  1.73413E+004
  1.12467E+005
  1.09831E+003  1.19855E+003  1.44852E+003  6.32149E+003  1.00327E+004
  6.90172E+004
  3.39955E+003  3.99998E+003  3.60686E+003  2.66091E+003  1.76204E+003
  1.15699E+003
  Planck function fitting parameters
  0.00000E+000  0.00000E+000  0.00000E+000  0.00000E+000  0.00000E+000
  Incident solar flux (W/m2)
  2.00046E+002
  Surface property
  2.28390E-002  3.00000E-001  3.00000E-001  2.99950E-001  2.99900E-001
  8.00000E-001  5.00000E-001
  Rayleigh scattering coefficient
  1.49745E-002
  Moments
  1.00000E+000
  1.50187E+004  6.21502E+003  3.59220E+003  1.73393E+003  9.24040E+002
  6.65949E+002
  1.54590E+004  6.25656E+003  2.51874E+003  1.16865E+003  7.35741E+002
  6.12537E+002
  3.36991E+004  2.55864E+004  1.45975E+004  7.12717E+003  3.49914E+003
  1.94755E+003
  3.88312E+004  4.09656E+004  4.37954E+004  4.99831E+004  6.10730E+004
  6.45339E+004
  1.40094E+004  2.79767E+004  3.61367E+004  3.40262E+004  2.98410E+004
  2.57507E+004
  2.16251E+004  2.22718E+004  2.38464E+004  4.79664E+004  6.32835E+004
  2.42063E+005
  1.58138E+004  1.64804E+004  1.80846E+004  4.17859E+004  5.64530E+004
  2.23442E+005
  1.42827E+004  1.64537E+004  2.33275E+004  7.75429E+004  1.11777E+005
  2.78228E+005
  1.95730E+004  2.02675E+004  2.68949E+004  6.86017E+004  1.17805E+005
  5.40102E+005
  2.85655E+004  2.97896E+004  3.27459E+004  7.85109E+004  1.07587E+005
  4.47675E+005
  3.12651E+004  2.51620E+004  1.60256E+004  8.72348E+003  4.55901E+003
  2.56926E+003
  0.00000E+000
  1.95577E-001  2.01222E-001  1.96839E-001  1.81654E-001  1.74094E-001
  1.66178E-001
  7.68719E-002  7.84356E-002  7.73496E-002  7.32694E-002  7.04898E-002
  6.67813E-002
  1.87489E+003  1.84301E+003  1.58128E+003  1.21402E+003  8.76877E+002
  6.36775E+002
  3.84635E+004  3.96068E+004  4.08692E+004  4.30632E+004  4.50093E+004
  4.08441E+004
  1.22758E+003  1.55741E+003  1.84570E+003  1.91780E+003  1.91016E+003
  1.87014E+003
  4.77876E-002  5.27153E-002  6.46663E-002  2.41895E-001  3.51203E-001
  1.60594E+000
  1.64052E+003  1.65198E+003  1.67771E+003  1.86046E+003  1.90612E+003
  1.98032E+003
  2.37123E+000  2.39165E+000  2.49630E+000  4.45988E+000  6.28929E+000
  1.88783E+001
  7.93875E+003  8.04503E+003  8.85811E+003  1.11308E+004  1.23155E+004
  1.47387E+004
  2.10332E+003  2.10543E+003  2.11131E+003  2.18653E+003  2.21729E+003
  2.36865E+003
  7.22517E+002  7.40920E+002  6.87580E+002  5.92525E+002  4.94328E+002
  4.15596E+002
  0.00000E+000
  1.18839E+004  4.94653E+003  2.97945E+003  1.47925E+003  7.99462E+002
  5.80033E+002
  1.26110E+004  5.03336E+003  2.14570E+003  1.01645E+003  6.46450E+002
  5.40126E+002
  2.11802E+004  1.64103E+004  9.31511E+003  4.46997E+003  2.13453E+003
  1.13981E+003
  3.07305E+001  2.20874E+002  6.43256E+002  2.07363E+003  6.67626E+003
  1.26404E+004
  6.49483E+003  1.60817E+004  2.30000E+004  2.22107E+004  1.96047E+004
  1.69138E+004
  1.37069E+004  1.41734E+004  1.53114E+004  3.30522E+004  4.45241E+004
  1.82673E+005
  8.88217E+003  9.37129E+003  1.05520E+004  2.83264E+004  3.95332E+004
  1.70632E+005
  1.01305E+004  1.19577E+004  1.76779E+004  6.21255E+004  9.02463E+004
  2.28617E+005
  7.31601E+003  7.74698E+003  1.20520E+004  4.19843E+004  7.92167E+004
  4.13071E+005
  1.58130E+004  1.67049E+004  1.88636E+004  5.28658E+004  7.48881E+004
  3.40214E+005
  1.94840E+004  1.60846E+004  1.03984E+004  5.72578E+003  3.01833E+003
  1.69725E+003
  1.00000E-001
  1.02441E+004  4.45557E+003  2.71558E+003  1.35539E+003  7.34518E+002
  5.33789E+002
  1.09178E+004  4.53943E+003  1.96934E+003  9.36834E+002  5.96847E+002
  4.99127E+002
  1.46582E+004  1.22192E+004  7.43622E+003  3.79595E+003  1.90053E+003
  1.05015E+003
  3.92060E+001  1.63145E+002  3.92587E+002  1.11374E+003  3.50528E+003
  7.24334E+003
  3.67281E+003  9.93560E+003  1.56476E+004  1.59168E+004  1.45420E+004
  1.28708E+004
  8.83603E+003  9.16446E+003  9.96740E+003  2.27196E+004  3.11274E+004
  1.36254E+005
  5.84605E+003  6.20681E+003  7.07910E+003  2.03878E+004  2.89068E+004
  1.31621E+005
  8.20863E+003  9.79361E+003  1.48062E+004  5.44468E+004  7.98049E+004
  2.05668E+005
  4.76260E+003  5.07056E+003  8.17762E+003  3.04538E+004  5.89145E+004
  3.24434E+005
  9.62014E+003  1.02512E+004  1.17818E+004  3.64816E+004  5.28421E+004
  2.57816E+005
  1.33579E+004  1.17211E+004  8.05166E+003  4.69017E+003  2.58628E+003
  1.49926E+003
  0.00000E+000
  8.06381E+003  3.60156E+003  2.25481E+003  1.14409E+003  6.25022E+002
  4.55902E+002
  8.78365E+003  3.70879E+003  1.67158E+003  8.05196E+002  5.15844E+002
  4.32229E+002
  9.02940E+003  8.14436E+003  5.36604E+003  2.98498E+003  1.62046E+003
  9.52039E+002
  2.49994E+000  2.18599E+001  7.42660E+001  3.00228E+002  1.36503E+003
  3.71886E+003
  1.62471E+003  5.29785E+003  9.48076E+003  1.02096E+004  9.66707E+003
  8.78478E+003
  4.95167E+003  5.15869E+003  5.66661E+003  1.39625E+004  1.95797E+004
  9.31661E+004
  3.51317E+003  3.75066E+003  4.32860E+003  1.34148E+004  1.93617E+004
  9.36883E+004
  5.74099E+003  6.99848E+003  1.10270E+004  4.33428E+004  6.41960E+004
  1.68788E+005
  3.00498E+003  3.20904E+003  5.29072E+003  2.06797E+004  4.08544E+004
  2.36677E+005
  5.03832E+003  5.42878E+003  6.38357E+003  2.25874E+004  3.36866E+004
  1.79624E+005
  7.97037E+003  7.43985E+003  5.43677E+003  3.38153E+003  1.99282E+003
  1.22601E+003
  0.00000E+000
  6.71917E+003  3.20383E+003  2.01841E+003  1.02251E+003  5.57321E+002
  4.05958E+002
  7.27610E+003  3.25526E+003  1.47997E+003  7.11869E+002  4.55412E+002
  3.81479E+002
  6.00748E+003  6.05697E+003  4.45017E+003  2.69677E+003  1.53495E+003
  9.20608E+002
  3.14463E-001  4.52552E+000  1.93543E+001  9.95789E+001  5.90324E+002
  2.00300E+003
  7.73712E+002  2.94679E+003  6.02024E+003  6.98303E+003  6.97260E+003
  6.60496E+003
  2.87160E+003  3.00240E+003  3.32446E+003  8.73598E+003  1.24973E+004
  6.41435E+004
  2.38550E+003  2.54959E+003  2.95004E+003  9.33230E+003  1.35670E+004
  6.81176E+004
  4.75088E+003  5.77852E+003  9.15180E+003  3.71945E+004  5.55904E+004
  1.48720E+005
  2.08881E+003  2.23015E+003  3.67953E+003  1.45566E+004  2.90774E+004
  1.75384E+005
  2.76389E+003  3.00546E+003  3.60089E+003  1.42584E+004  2.18078E+004
  1.26207E+005
  5.37931E+003  5.51460E+003  4.42421E+003  2.98500E+003  1.86039E+003
  1.17731E+003
  Planck function fitting parameters
  0.00000E+000  0.00000E+000  0.00000E+000  0.00000E+000  0.00000E+000
  Incident solar flux (W/m2)
  3.59392E+001
  Surface property
  2.28390E-002  3.00000E-001  3.00000E-001  2.90046E-001  2.80092E-001
  8.00000E-001  5.00000E-001
  Rayleigh scattering coefficient
  2.49389E-002
  Moments
  1.00000E+000
  1.42501E+004  6.14250E+003  3.56349E+003  1.72444E+003  9.21767E+002
  6.66788E+002
  1.46538E+004  6.16407E+003  2.50138E+003  1.16388E+003  7.35388E+002
  6.14699E+002
  3.75074E+004  2.67838E+004  1.46377E+004  7.02971E+003  3.45771E+003
  1.93417E+003
  4.43141E+004  4.72532E+004  5.10056E+004  5.87463E+004  7.09559E+004
  7.19191E+004
  1.84773E+004  3.43548E+004  4.09464E+004  3.68200E+004  3.13393E+004
  2.64951E+004
  2.71643E+004  2.79567E+004  2.98827E+004  5.90021E+004  7.72306E+004
  2.83200E+005
  1.88198E+004  1.96045E+004  2.15038E+004  4.92730E+004  6.62479E+004
  2.53850E+005
  1.43691E+004  1.65408E+004  2.34019E+004  7.67882E+004  1.10470E+005
  2.74926E+005
  2.27449E+004  2.35608E+004  3.13546E+004  7.99888E+004  1.36366E+005
  6.01433E+005
  3.52428E+004  3.67296E+004  4.03375E+004  9.50949E+004  1.29261E+005
  5.14731E+005
  3.47981E+004  2.67275E+004  1.63890E+004  8.70966E+003  4.51245E+003
  2.54560E+003
  0.00000E+000
  4.16725E-002  4.23420E-002  4.06102E-002  3.76784E-002  3.63311E-002
  3.45166E-002
  2.24773E-002  2.28238E-002  2.20206E-002  2.09752E-002  1.96966E-002
  1.88234E-002
  2.14858E+003  2.05843E+003  1.72381E+003  1.29698E+003  9.21215E+002
  6.59349E+002
  4.37376E+004  4.52221E+004  4.67921E+004  4.93062E+004  5.07319E+004
  4.44202E+004
  1.45174E+003  1.83431E+003  2.12925E+003  2.17860E+003  2.14553E+003
  2.08239E+003
  1.05548E-002  1.16479E-002  1.42957E-002  5.32717E-002  7.71789E-002
  3.49465E-001
  1.55027E+003  1.55961E+003  1.58032E+003  1.72665E+003  1.76256E+003
  1.80906E+003
  1.49126E-001  1.58529E-001  1.92249E-001  6.29287E-001  1.01766E+000
  3.66048E+000
  8.77614E+003  8.88998E+003  9.76513E+003  1.22229E+004  1.35141E+004
  1.62521E+004
  2.00316E+003  2.00312E+003  2.00399E+003  2.04517E+003  2.06710E+003
  2.18513E+003
  9.13083E+002  9.15731E+002  8.31304E+002  7.02020E+002  5.74896E+002
  4.75027E+002
  0.00000E+000
  1.11432E+004  4.94310E+003  2.97527E+003  1.47534E+003  7.98895E+002
  5.81722E+002
  1.17776E+004  5.00593E+003  2.13839E+003  1.01415E+003  6.46771E+002
  5.42287E+002
  2.36591E+004  1.71422E+004  9.29579E+003  4.38357E+003  2.09226E+003
  1.11999E+003
  5.46851E+001  3.62253E+002  1.00133E+003  3.01432E+003  8.82899E+003
  1.52499E+004
  8.99230E+003  2.02413E+004  2.63288E+004  2.41315E+004  2.05998E+004
  1.73744E+004
  1.76097E+004  1.81936E+004  1.96152E+004  4.14157E+004  5.52715E+004
  2.15971E+005
  1.08978E+004  1.14874E+004  1.29167E+004  3.40728E+004  4.71953E+004
  1.95482E+005
  1.01675E+004  1.19968E+004  1.77147E+004  6.16165E+004  8.94024E+004
  2.26791E+005
  8.88660E+003  9.40842E+003  1.46050E+004  5.00800E+004  9.31901E+004
  4.62452E+005
  2.02194E+004  2.13324E+004  2.40345E+004  6.54604E+004  9.16886E+004
  3.94755E+005
  2.17743E+004  1.71073E+004  1.06275E+004  5.70167E+003  2.96703E+003
  1.65803E+003
  1.00000E-001
  9.67771E+003  4.47406E+003  2.71439E+003  1.35232E+003  7.34170E+002
  5.35389E+002
  1.02476E+004  4.54219E+003  1.96376E+003  9.34644E+002  5.96960E+002
  5.00617E+002
  1.65701E+004  1.29195E+004  7.50950E+003  3.75980E+003  1.87672E+003
  1.03822E+003
  6.23150E+001  2.50855E+002  5.86882E+002  1.59383E+003  4.67339E+003
  8.93069E+003
  5.14935E+003  1.27198E+004  1.82062E+004  1.75586E+004  1.55043E+004
  1.34094E+004
  1.15364E+004  1.19551E+004  1.29766E+004  2.89172E+004  3.92370E+004
  1.63214E+005
  7.16753E+003  7.60601E+003  8.67153E+003  2.46759E+004  3.47566E+004
  1.52102E+005
  8.31893E+003  9.91268E+003  1.49486E+004  5.42915E+004  7.94397E+004
  2.04687E+005
  5.75632E+003  6.13149E+003  9.91107E+003  3.65844E+004  6.98934E+004
  3.66401E+005
  1.24881E+004  1.32899E+004  1.52419E+004  4.58461E+004  6.56307E+004
  3.02713E+005
  1.50859E+004  1.26003E+004  8.31524E+003  4.71366E+003  2.56112E+003
  1.47401E+003
  0.00000E+000
  7.59937E+003  3.64528E+003  2.26139E+003  1.14277E+003  6.24995E+002
  4.57373E+002
  8.20250E+003  3.74015E+003  1.66938E+003  8.03482E+002  5.15722E+002
  4.33079E+002
  1.03353E+004  8.71770E+003  5.49752E+003  3.00310E+003  1.62199E+003
  9.50847E+002
  4.55591E+000  3.72754E+001  1.21125E+002  4.60793E+002  1.91850E+003
  4.77896E+003
  2.36401E+003  6.95921E+003  1.12363E+004  1.14428E+004  1.04617E+004
  9.28834E+003
  6.61978E+003  6.88982E+003  7.55078E+003  1.81372E+004  2.51629E+004
  1.13256E+005
  4.27375E+003  4.56444E+003  5.27570E+003  1.63127E+004  2.34273E+004
  1.09206E+005
  5.84534E+003  7.11364E+003  1.11775E+004  4.33896E+004  6.41504E+004
  1.68558E+005
  3.60099E+003  3.84993E+003  6.39351E+003  2.50049E+004  4.88823E+004
  2.69626E+005
  6.67955E+003  7.18681E+003  8.43210E+003  2.89032E+004  4.25589E+004
  2.13597E+005
  9.11286E+003  8.09855E+003  5.69371E+003  3.45310E+003  2.00784E+003
  1.22691E+003
  0.00000E+000
  6.43147E+003  3.25896E+003  2.02514E+003  1.02157E+003  5.57339E+002
  4.07130E+002
  6.86703E+003  3.30679E+003  1.47926E+003  7.10649E+002  4.55349E+002
  3.81921E+002
  7.01009E+003  6.62064E+003  4.64856E+003  2.74793E+003  1.54571E+003
  9.22299E+002
  6.25691E-001  8.25075E+000  3.34250E+001  1.60331E+002  8.63127E+002
  2.66402E+003
  1.15835E+003  3.96425E+003  7.29656E+003  8.00661E+003  7.72289E+003
  7.14851E+003
  3.92192E+003  4.09613E+003  4.52400E+003  1.15653E+004  1.63573E+004
  7.91896E+004
  2.85745E+003  3.05725E+003  3.54849E+003  1.13312E+004  1.64350E+004
  8.00244E+004
  4.94256E+003  5.98533E+003  9.41261E+003  3.75449E+004  5.59437E+004
  1.49133E+005
  2.45377E+003  2.62476E+003  4.38816E+003  1.76088E+004  3.49520E+004
  2.01705E+005
  3.74797E+003  4.06768E+003  4.85981E+003  1.85742E+004  2.80251E+004
  1.52233E+005
  6.24919E+003  6.10205E+003  4.70459E+003  3.08348E+003  1.88634E+003
  1.18120E+003
  Planck function fitting parameters
  0.00000E+000  0.00000E+000  0.00000E+000  0.00000E+000  0.00000E+000
  Incident solar flux (W/m2)
  1.05052E+002
  Surface property
  2.28390E-002  3.00000E-001  3.00000E-001  2.68787E-001  2.37575E-001
  8.00000E-001  5.00000E-001
  Rayleigh scattering coefficient
  3.37864E-002
  Moments
  1.00000E+000
  1.38358E+004  6.10850E+003  3.54718E+003  1.71930E+003  9.20099E+002
  6.64269E+002
  1.41863E+004  6.12510E+003  2.49196E+003  1.16123E+003  7.33575E+002
  6.10578E+002
  3.98461E+004  2.74075E+004  1.46209E+004  6.96897E+003  3.43493E+003
  1.92689E+003
  4.82997E+004  5.19136E+004  5.63672E+004  6.51543E+004  7.77366E+004
  7.65078E+004
  2.18320E+004  3.86922E+004  4.38235E+004  3.83241E+004  3.20571E+004
  2.67935E+004
  3.09877E+004  3.18767E+004  3.40354E+004  6.63973E+004  8.64707E+004
  3.08734E+005
  2.09649E+004  2.18285E+004  2.39300E+004  5.43210E+004  7.27257E+004
  2.72332E+005
  1.43656E+004  1.65293E+004  2.33649E+004  7.62634E+004  1.09649E+005
  2.73063E+005
  2.49480E+004  2.58458E+004  3.44195E+004  8.74799E+004  1.48228E+005
  6.36967E+005
  3.99949E+004  4.16573E+004  4.57112E+004  1.06255E+005  1.43571E+005
  5.55451E+005
  3.69552E+004  2.75983E+004  1.65581E+004  8.68787E+003  4.48414E+003
  2.53250E+003
  0.00000E+000
  2.01768E-002  2.03859E-002  1.94448E-002  1.81178E-002  1.73848E-002
  1.65047E-002
  1.02238E-002  1.03525E-002  9.90364E-003  9.44119E-003  8.80957E-003
  8.49171E-003
  2.33336E+003  2.19886E+003  1.81371E+003  1.34776E+003  9.47399E+002
  6.71949E+002
  4.75319E+004  4.93013E+004  5.10897E+004  5.37634E+004  5.46050E+004
  4.66414E+004
  1.61105E+003  2.02578E+003  2.31839E+003  2.34890E+003  2.29700E+003
  2.21750E+003
  5.97465E-003  6.51091E-003  7.80937E-003  2.68786E-002  3.85526E-002
  1.71129E-001
  1.49783E+003  1.50558E+003  1.52272E+003  1.64734E+003  1.68024E+003
  1.71207E+003
  5.37666E-002  5.85188E-002  7.53487E-002  2.86856E-001  4.73707E-001
  1.74271E+000
  9.36911E+003  9.48848E+003  1.04086E+004  1.29967E+004  1.43614E+004
  1.73237E+004
  1.94530E+003  1.94343E+003  1.94022E+003  1.96081E+003  1.97887E+003
  2.07844E+003
  1.06009E+003  1.04724E+003  9.36698E+002  7.80088E+002  6.30379E+002
  5.14212E+002
  0.00000E+000
  1.07757E+004  4.94869E+003  2.97195E+003  1.47340E+003  7.98434E+002
  5.80333E+002
  1.13256E+004  5.00638E+003  2.13467E+003  1.01308E+003  6.45785E+002
  5.39252E+002
  2.51364E+004  1.74866E+004  9.24634E+003  4.32688E+003  2.06692E+003
  1.10842E+003
  7.92014E+001  4.94450E+002  1.31724E+003  3.78234E+003  1.04011E+004
  1.69437E+004
  1.09335E+004  2.31171E+004  2.83239E+004  2.51553E+004  2.10622E+004
  1.75427E+004
  2.03542E+004  2.10176E+004  2.26305E+004  4.71068E+004  6.24933E+004
  2.36826E+005
  1.23310E+004  1.29896E+004  1.45934E+004  3.79715E+004  5.22946E+004
  2.10671E+005
  1.01707E+004  1.19939E+004  1.76965E+004  6.12978E+004  8.89219E+004
  2.25865E+005
  9.98984E+003  1.05739E+004  1.63759E+004  5.54368E+004  1.02159E+005
  4.91093E+005
  2.33536E+004  2.46184E+004  2.77014E+004  7.39991E+004  1.02863E+005
  4.28067E+005
  2.31692E+004  1.76689E+004  1.07259E+004  5.67233E+003  2.93125E+003
  1.63219E+003
  1.00000E-001
  9.40696E+003  4.48790E+003  2.71291E+003  1.35090E+003  7.33877E+002
  5.34067E+002
  9.89362E+003  4.55380E+003  1.96111E+003  9.33762E+002  5.96287E+002
  4.98329E+002
  1.77242E+004  1.32719E+004  7.52141E+003  3.73215E+003  1.86174E+003
  1.03107E+003
  8.39041E+001  3.29409E+002  7.54857E+002  1.98684E+003  5.54835E+003
  1.00738E+004
  6.31957E+003  1.46885E+004  1.97828E+004  1.84728E+004  1.59915E+004
  1.36539E+004
  1.34771E+004  1.39584E+004  1.51310E+004  3.32226E+004  4.47981E+004
  1.80430E+005
  8.11843E+003  8.61163E+003  9.81599E+003  2.76330E+004  3.87152E+004
  1.64854E+005
  8.37230E+003  9.96515E+003  1.50028E+004  5.41794E+004  7.92292E+004
  2.04209E+005
  6.46576E+003  6.88803E+003  1.11347E+004  4.07162E+004  7.70714E+004
  3.91252E+005
  1.45575E+004  1.54792E+004  1.77330E+004  5.23035E+004  7.42868E+004
  3.30654E+005
  1.61576E+004  1.30989E+004  8.44461E+003  4.71489E+003  2.54148E+003
  1.45705E+003
  0.00000E+000
  7.38979E+003  3.67230E+003  2.26444E+003  1.14249E+003  6.25112E+002
  4.56652E+002
  7.90639E+003  3.76646E+003  1.66888E+003  8.03070E+002  5.15441E+002
  4.31696E+002
  1.11282E+004  9.01749E+003  5.55354E+003  3.00859E+003  1.62160E+003
  9.49695E+002
  6.73134E+000  5.24210E+001  1.64919E+002  6.00877E+002  2.35500E+003
  5.53168E+003
  2.97001E+003  8.16410E+003  1.23449E+004  1.21536E+004  1.08884E+004
  9.54353E+003
  7.84826E+003  8.16313E+003  8.93263E+003  2.11021E+004  2.90745E+004
  1.26331E+005
  4.82684E+003  5.15564E+003  5.96446E+003  1.83433E+004  2.62233E+004
  1.19030E+005
  5.90710E+003  7.17769E+003  1.12541E+004  4.34177E+004  6.41476E+004
  1.68536E+005
  4.03632E+003  4.31742E+003  7.18937E+003  2.79803E+004  5.42355E+004
  2.89517E+005
  7.87933E+003  8.47016E+003  9.92771E+003  3.33313E+004  4.86647E+004
  2.35098E+005
  9.83700E+003  8.48727E+003  5.83509E+003  3.48979E+003  2.01449E+003
  1.22630E+003
  0.00000E+000
  6.31306E+003  3.28768E+003  2.02796E+003  1.02120E+003  5.57384E+002
  4.06511E+002
  6.66655E+003  3.33762E+003  1.47921E+003  7.10354E+002  4.55375E+002
  3.81356E+002
  7.64160E+003  6.94087E+003  4.75229E+003  2.77329E+003  1.55065E+003
  9.22859E+002
  9.83836E-001  1.21499E+001  4.73131E+001  2.15885E+002  1.08746E+003
  3.15274E+003
  1.48275E+003  4.72252E+003  8.13133E+003  8.62652E+003  8.15444E+003
  7.45022E+003
  4.71467E+003  4.92052E+003  5.42530E+003  1.36206E+004  1.91224E+004
  8.91990E+004
  3.20557E+003  3.43148E+003  3.99051E+003  1.27569E+004  1.84434E+004
  8.77231E+004
  5.05483E+003  6.10367E+003  9.55582E+003  3.77350E+004  5.61435E+004
  1.49396E+005
  2.72433E+003  2.91702E+003  4.90858E+003  1.97509E+004  3.89507E+004
  2.17985E+005
  4.48460E+003  4.86128E+003  5.79978E+003  2.16616E+004  3.23912E+004
  1.69066E+005
  6.81365E+003  6.45933E+003  4.86473E+003  3.13614E+003  1.89884E+003
  1.18224E+003
  Planck function fitting parameters
  0.00000E+000  0.00000E+000  0.00000E+000  0.00000E+000  0.00000E+000
  Incident solar flux (W/m2)
  1.27238E+002
  Surface property
  2.28390E-002  3.00000E-001  3.00000E-001  2.35564E-001  1.71127E-001
  8.00000E-001  5.00000E-001
  Rayleigh scattering coefficient
  5.38462E-002
  Moments
  1.00000E+000
  1.33057E+004  6.06089E+003  3.52373E+003  1.71190E+003  9.16388E+002
  6.61093E+002
  1.35569E+004  6.07250E+003  2.47848E+003  1.15662E+003  7.30124E+002
  6.07706E+002
  4.30057E+004  2.81167E+004  1.45456E+004  6.87803E+003  3.40019E+003
  1.91240E+003
  5.49943E+004  5.98258E+004  6.54902E+004  7.59261E+004  8.86103E+004
  8.33438E+004
  2.77784E+004  4.57767E+004  4.80551E+004  4.03478E+004  3.29220E+004
  2.70824E+004
  3.73296E+004  3.83765E+004  4.09148E+004  7.84848E+004  1.01466E+005
  3.48278E+005
  2.42941E+004  2.52874E+004  2.77055E+004  6.22451E+004  8.28751E+004
  3.00165E+005
  1.43103E+004  1.64574E+004  2.32396E+004  7.54331E+004  1.08416E+005
  2.70518E+005
  2.83819E+004  2.94119E+004  3.92418E+004  9.92903E+004  1.66713E+005
  6.88860E+005
  4.73803E+004  4.93304E+004  5.40862E+004  1.23801E+005  1.66029E+005
  6.16917E+005
  4.02099E+004  2.88165E+004  1.67563E+004  8.63780E+003  4.43560E+003
  2.50763E+003
  0.00000E+000
  5.13821E-003  5.11809E-003  4.82961E-003  4.54746E-003  4.33685E-003
  4.21637E-003
  3.71479E-003  3.74098E-003  3.53347E-003  3.37262E-003  3.20102E-003
  3.22501E-003
  2.62116E+003  2.41238E+003  1.94878E+003  1.42337E+003  9.85226E+002
  6.88814E+002
  5.38273E+004  5.60611E+004  5.81818E+004  6.10056E+004  6.06202E+004
  4.98488E+004
  1.88397E+003  2.34606E+003  2.62589E+003  2.62127E+003  2.53656E+003
  2.42948E+003
  4.23086E-003  4.37126E-003  4.71131E-003  9.69704E-003  1.27372E-002
  4.69705E-002
  1.50524E+003  1.51173E+003  1.52617E+003  1.63934E+003  1.67035E+003
  1.69560E+003
  8.66886E-003  9.91326E-003  1.42901E-002  6.77096E-002  1.14607E-001
  4.32838E-001
  1.03305E+004  1.04597E+004  1.14599E+004  1.42774E+004  1.57683E+004
  1.91331E+004
  1.99197E+003  1.98785E+003  1.97983E+003  1.97939E+003  1.99347E+003
  2.07710E+003
  1.32947E+003  1.28293E+003  1.12120E+003  9.13001E+002  7.21476E+002
  5.75679E+002
  0.00000E+000
  1.03364E+004  4.95523E+003  2.96558E+003  1.47025E+003  7.96648E+002
  5.78794E+002
  1.07446E+004  5.00875E+003  2.12876E+003  1.01067E+003  6.43760E+002
  5.37867E+002
  2.72161E+004  1.79172E+004  9.17015E+003  4.25104E+003  2.03069E+003
  1.08992E+003
  1.35558E+002  7.75603E+002  1.95722E+003  5.24290E+003  1.31396E+004
  1.96446E+004
  1.44610E+004  2.78654E+004  3.12559E+004  2.65164E+004  2.15997E+004
  1.76812E+004
  2.49615E+004  2.57557E+004  2.76830E+004  5.64775E+004  7.42833E+004
  2.69116E+005
  1.45722E+004  1.53428E+004  1.72185E+004  4.40975E+004  6.02863E+004
  2.33455E+005
  1.01676E+004  1.19759E+004  1.76393E+004  6.08023E+004  8.82145E+004
  2.24657E+005
  1.17429E+004  1.24275E+004  1.92056E+004  6.39312E+004  1.16159E+005
  5.32587E+005
  2.82869E+004  2.97989E+004  3.34819E+004  8.74981E+004  1.20471E+005
  4.78236E+005
  2.52653E+004  1.84417E+004  1.08268E+004  5.60851E+003  2.86755E+003
  1.58663E+003
  1.00000E-001
  9.09870E+003  4.50324E+003  2.70913E+003  1.34841E+003  7.32333E+002
  5.32406E+002
  9.45353E+003  4.56756E+003  1.95656E+003  9.31665E+002  5.94629E+002
  4.97294E+002
  1.94248E+004  1.37594E+004  7.53952E+003  3.69717E+003  1.84054E+003
  1.01925E+003
  1.29880E+002  4.90671E+002  1.08965E+003  2.73611E+003  7.10318E+003
  1.19545E+004
  8.48139E+003  1.79984E+004  2.21542E+004  1.97388E+004  1.66133E+004
  1.39348E+004
  1.67901E+004  1.73759E+004  1.88003E+004  4.04117E+004  5.39987E+004
  2.07388E+005
  9.65112E+003  1.02340E+004  1.16571E+004  3.23627E+004  4.50196E+004
  1.84223E+005
  8.44751E+003  1.00343E+004  1.50592E+004  5.39799E+004  7.88991E+004
  2.03592E+005
  7.62747E+003  8.12699E+003  1.31377E+004  4.73715E+004  8.84279E+004
  4.27720E+005
  1.79175E+004  1.90367E+004  2.17714E+004  6.27028E+004  8.81526E+004
  3.73259E+005
  1.77919E+004  1.38054E+004  8.60346E+003  4.69979E+003  2.50339E+003
  1.42602E+003
  0.00000E+000
  7.16751E+003  3.70479E+003  2.26659E+003  1.14143E+003  6.24282E+002
  4.55799E+002
  7.55163E+003  3.79886E+003  1.66698E+003  8.01610E+002  5.14498E+002
  4.31610E+002
  1.23533E+004  9.47028E+003  5.64765E+003  3.02272E+003  1.62139E+003
  9.46457E+002
  1.18836E+001  8.60413E+001  2.58072E+002  8.82194E+002  3.16255E+003
  6.81373E+003
  4.11898E+003  1.02294E+004  1.40460E+004  1.31692E+004  1.14661E+004
  9.87438E+003
  9.98297E+003  1.03739E+004  1.13271E+004  2.61233E+004  3.56315E+004
  1.46994E+005
  5.75366E+003  6.14629E+003  7.11206E+003  2.16608E+004  3.07589E+004
  1.34110E+005
  6.00630E+003  7.27698E+003  1.13595E+004  4.34304E+004  6.41196E+004
  1.68533E+005
  4.77285E+003  5.10795E+003  8.52785E+003  3.28566E+004  6.28250E+004
  3.18980E+005
  9.89725E+003  1.06284E+004  1.24306E+004  4.06039E+004  5.86145E+004
  2.68212E+005
  1.09627E+004  9.05913E+003  6.03149E+003  3.53612E+003  2.01904E+003
  1.22110E+003
  0.00000E+000
  6.20947E+003  3.32096E+003  2.03040E+003  1.02025E+003  5.56666E+002
  4.05948E+002
  6.44489E+003  3.37344E+003  1.47830E+003  7.09327E+002  4.55156E+002
  3.82299E+002
  8.64496E+003  7.42962E+003  4.90824E+003  2.81065E+003  1.55646E+003
  9.21716E+002
  1.89545E+000  2.12795E+001  7.82264E+001  3.31808E+002  1.51629E+003
  4.01060E+003
  2.11207E+003  6.05132E+003  9.45048E+003  9.55065E+003  8.77426E+003
  7.87320E+003
  6.11896E+003  6.37944E+003  7.01664E+003  1.71590E+004  2.38313E+004
  1.05253E+005
  3.80268E+003  4.07337E+003  4.74355E+003  1.51294E+004  2.17599E+004
  9.97360E+004
  5.22165E+003  6.27829E+003  9.75821E+003  3.79803E+004  5.64021E+004
  1.49782E+005
  3.19351E+003  3.42350E+003  5.80365E+003  2.33230E+004  4.54718E+004
  2.42539E+005
  5.76265E+003  6.23727E+003  7.41859E+003  2.68361E+004  3.96399E+004
  1.95414E+005
  7.70771E+003  6.99756E+003  5.09399E+003  3.20616E+003  1.91168E+003
  1.17957E+003
  Planck function fitting parameters
  0.00000E+000  0.00000E+000  0.00000E+000  0.00000E+000  0.00000E+000
  Incident solar flux (W/m2)
  1.85356E+002
  Surface property
  2.28390E-002  3.00000E-001  3.00000E-001  2.03152E-001  1.01879E-001
  8.00000E-001  5.00000E-001
  Rayleigh scattering coefficient
  1.00044E-001
  Moments
  1.00000E+000
  1.28140E+004  6.00074E+003  3.49495E+003  1.70346E+003  9.14811E+002
  6.61932E+002
  1.29467E+004  6.00852E+003  2.46202E+003  1.15273E+003  7.30167E+002
  6.09111E+002
  4.68172E+004  2.87630E+004  1.43862E+004  6.76541E+003  3.36401E+003
  1.90170E+003
  6.73630E+004  7.44061E+004  8.19913E+004  9.44665E+004  1.05435E+005
  9.25457E+004
  3.75970E+004  5.60952E+004  5.32832E+004  4.24943E+004  3.36496E+004
  2.71816E+004
  4.68596E+004  4.81367E+004  5.12267E+004  9.61713E+004  1.23143E+005
  4.01205E+005
  2.91510E+004  3.03341E+004  3.32099E+004  7.35802E+004  9.72195E+004
  3.36371E+005
  1.41801E+004  1.62853E+004  2.29885E+004  7.43072E+004  1.06827E+005
  2.67385E+005
  3.33823E+004  3.46066E+004  4.62640E+004  1.16021E+005  1.92190E+005
  7.52637E+005
  5.81122E+004  6.04812E+004  6.62476E+004  1.48805E+005  1.97652E+005
  6.96582E+005
  4.44538E+004  3.02268E+004  1.69215E+004  8.55814E+003  4.38132E+003
  2.48639E+003
  0.00000E+000
  9.13534E-004  8.93288E-004  8.36784E-004  7.96640E-004  7.60585E-004
  7.59097E-004
  1.15251E-003  1.14797E-003  1.07261E-003  1.02492E-003  1.00897E-003
  1.03455E-003
  3.03644E+003  2.71004E+003  2.13243E+003  1.52420E+003  1.03496E+003
  7.11434E+002
  6.53137E+004  6.83206E+004  7.08522E+004  7.34675E+004  7.01420E+004
  5.43772E+004
  2.31850E+003  2.83711E+003  3.07786E+003  3.01210E+003  2.87482E+003
  2.72544E+003
  3.59682E-003  3.62138E-003  3.68148E-003  4.59731E-003  5.16051E-003
  1.14066E-002
  1.67794E+003  1.68431E+003  1.69880E+003  1.82282E+003  1.85797E+003
  1.89184E+003
  4.37796E-003  4.58036E-003  5.27406E-003  1.43407E-002  2.24544E-002
  7.77977E-002
  1.19723E+004  1.21219E+004  1.32868E+004  1.65667E+004  1.82976E+004
  2.24108E+004
  2.31431E+003  2.30732E+003  2.29330E+003  2.27013E+003  2.28077E+003
  2.35619E+003
  1.80910E+003  1.68831E+003  1.42698E+003  1.12411E+003  8.59037E+002
  6.63338E+002
  0.00000E+000
  9.99642E+003  4.95513E+003  2.95555E+003  1.46638E+003  7.96799E+002
  5.80143E+002
  1.02447E+004  5.00647E+003  2.12104E+003  1.00903E+003  6.44641E+002
  5.39418E+002
  2.97404E+004  1.83041E+004  9.03708E+003  4.15579E+003  1.98845E+003
  1.07117E+003
  2.73373E+002  1.37979E+003  3.22771E+003  7.86099E+003  1.74005E+004
  2.32794E+004
  2.04791E+004  3.48735E+004  3.48615E+004  2.79222E+004  2.20078E+004
  1.76652E+004
  3.19759E+004  3.29624E+004  3.53505E+004  7.02905E+004  9.14218E+004
  3.12213E+005
  1.78102E+004  1.87435E+004  2.10105E+004  5.27978E+004  7.15024E+004
  2.62793E+005
  1.00904E+004  1.18654E+004  1.74742E+004  6.01250E+004  8.73094E+004
  2.23162E+005
  1.42241E+004  1.50527E+004  2.32239E+004  7.57461E+004  1.35121E+005
  5.82398E+005
  3.54460E+004  3.73183E+004  4.18678E+004  1.06713E+005  1.45220E+005
  5.42763E+005
  2.79667E+004  1.92989E+004  1.08700E+004  5.49563E+003  2.77788E+003
  1.52898E+003
  1.00000E-001
  8.89453E+003  4.51072E+003  2.70211E+003  1.34525E+003  7.32543E+002
  5.33712E+002
  9.11073E+003  4.57383E+003  1.95016E+003  9.30282E+002  5.95441E+002
  4.98617E+002
  2.15794E+004  1.42786E+004  7.53251E+003  3.65170E+003  1.81657E+003
  1.00841E+003
  2.34080E+002  8.28883E+002  1.75293E+003  4.10592E+003  9.62624E+003
  1.46511E+004
  1.22631E+004  2.30172E+004  2.51843E+004  2.11544E+004  1.72139E+004
  1.41490E+004
  2.19520E+004  2.26949E+004  2.44962E+004  5.12200E+004  6.76282E+004
  2.43989E+005
  1.19295E+004  1.26448E+004  1.43873E+004  3.92142E+004  5.40338E+004
  2.09600E+005
  8.47760E+003  1.00424E+004  1.50432E+004  5.36555E+004  7.84315E+004
  2.02745E+005
  9.33375E+003  9.94608E+003  1.60674E+004  5.68173E+004  1.04091E+005
  4.72419E+005
  2.29416E+004  2.43536E+004  2.77954E+004  7.78175E+004  1.08024E+005
  4.29048E+005
  1.99485E+004  1.46322E+004  8.74291E+003  4.65489E+003  2.44865E+003
  1.38808E+003
  0.00000E+000
  7.06084E+003  3.73069E+003  2.26591E+003  1.13960E+003  6.24769E+002
  4.56799E+002
  7.31117E+003  3.82460E+003  1.66332E+003  8.00664E+002  5.15316E+002
  4.32482E+002
  1.39666E+004  1.00063E+004  5.75388E+003  3.04027E+003  1.62289E+003
  9.45506E+002
  2.51767E+001  1.63577E+002  4.58161E+002  1.43286E+003  4.55333E+003
  8.76306E+003
  6.20318E+003  1.34496E+004  1.62906E+004  1.43723E+004  1.20970E+004
  1.02137E+004
  1.33869E+004  1.38945E+004  1.51286E+004  3.38147E+004  4.55158E+004
  1.75407E+005
  7.18237E+003  7.67137E+003  8.87152E+003  2.65711E+004  3.73696E+004
  1.54116E+005
  6.07236E+003  7.32983E+003  1.14096E+004  4.33678E+004  6.40146E+004
  1.68386E+005
  5.90483E+003  6.32116E+003  1.05597E+004  3.99485E+004  7.49155E+004
  3.55640E+005
  1.30177E+004  1.39614E+004  1.62807E+004  5.13931E+004  7.31401E+004
  3.12124E+005
  1.24983E+004  9.77799E+003  6.25967E+003  3.58617E+003  2.02382E+003
  1.21680E+003
  0.00000E+000
  6.21683E+003  3.34715E+003  2.03090E+003  1.01885E+003  5.57299E+002
  4.07271E+002
  6.34303E+003  3.40041E+003  1.47603E+003  7.08999E+002  4.56574E+002
  3.83689E+002
  1.00252E+004  8.04496E+003  5.09358E+003  2.85406E+003  1.56448E+003
  9.23115E+002
  4.47583E+000  4.38708E+001  1.48875E+002  5.71645E+002  2.29400E+003
  5.38340E+003
  3.29214E+003  8.19348E+003  1.12762E+004  1.07265E+004  9.52331E+003
  8.36857E+003
  8.42067E+003  8.76708E+003  9.61185E+003  2.27101E+004  3.10966E+004
  1.27849E+005
  4.75014E+003  5.09019E+003  5.93048E+003  1.87270E+004  2.67096E+004
  1.16074E+005
  5.40493E+003  6.45705E+003  9.95794E+003  3.82151E+004  5.66502E+004
  1.50100E+005
  3.94143E+003  4.22933E+003  7.20671E+003  2.86526E+004  5.48786E+004
  2.74044E+005
  7.81203E+003  8.43909E+003  9.99440E+003  3.47136E+004  5.04866E+004
  2.31242E+005
  8.96222E+003  7.69863E+003  5.37201E+003  3.28554E+003  1.92602E+003
  1.17848E+003
  Planck function fitting parameters
  0.00000E+000  0.00000E+000  0.00000E+000  0.00000E+000  0.00000E+000
  Incident solar flux (W/m2)
  1.86653E+002
  Surface property
  2.28390E-002  3.00000E-001  3.00000E-001  2.00000E-001  7.41968E-002
  8.00000E-001  5.00000E-001
  Rayleigh scattering coefficient
  2.26868E-001
  Moments
  1.00000E+000
  1.24513E+004  5.92678E+003  3.46129E+003  1.69388E+003  9.11681E+002
  6.59930E+002
  1.24895E+004  5.93164E+003  2.44282E+003  1.14774E+003  7.27756E+002
  6.06896E+002
  5.10775E+004  2.91878E+004  1.41181E+004  6.63050E+003  3.32165E+003
  1.88714E+003
  8.71673E+004  9.81026E+004  1.08514E+005  1.22930E+005  1.28503E+005
  1.03299E+005
  5.38784E+004  7.05667E+004  5.91072E+004  4.43475E+004  3.39711E+004
  2.69378E+004
  6.10974E+004  6.26980E+004  6.65592E+004  1.21394E+005  1.53469E+005
  4.67243E+005
  3.60013E+004  3.74515E+004  4.09696E+004  8.91049E+004  1.16514E+005
  3.79537E+005
  1.39249E+004  1.59836E+004  2.25564E+004  7.28954E+004  1.04933E+005
  2.63897E+005
  4.02585E+004  4.17586E+004  5.59841E+004  1.38517E+005  2.25194E+005
  8.22509E+005
  7.32345E+004  7.61925E+004  8.33761E+004  1.83034E+005  2.40172E+005
  7.91615E+005
  4.96880E+004  3.16932E+004  1.69904E+004  8.43187E+003  4.31218E+003
  2.45888E+003
  0.00000E+000
  5.76917E-004  5.43433E-004  5.09991E-004  4.89996E-004  4.64864E-004
  4.54556E-004
  9.11595E-004  8.85371E-004  8.25924E-004  7.81151E-004  7.58925E-004
  7.39901E-004
  3.62051E+003  3.11037E+003  2.37085E+003  1.65024E+003  1.09350E+003
  7.35573E+002
  8.30740E+004  8.72180E+004  9.00530E+004  9.14962E+004  8.24877E+004
  5.93300E+004
  3.03151E+003  3.60358E+003  3.74750E+003  3.57466E+003  3.35277E+003
  3.13835E+003
  4.50336E-003  4.51660E-003  4.55002E-003  5.12051E-003  5.48587E-003
  9.53875E-003
  1.91635E+003  1.92239E+003  1.93656E+003  2.07456E+003  2.11531E+003
  2.16344E+003
  1.24916E-002  1.25653E-002  1.27480E-002  1.74196E-002  2.21347E-002
  5.51708E-002
  1.42227E+004  1.44050E+004  1.58308E+004  1.98160E+004  2.18921E+004
  2.70789E+004
  2.77132E+003  2.76012E+003  2.73710E+003  2.68090E+003  2.68589E+003
  2.74656E+003
  2.72974E+003  2.42931E+003  1.95517E+003  1.46349E+003  1.06026E+003
  7.77150E+002
  0.00000E+000
  9.85293E+003  4.94135E+003  2.94133E+003  1.46150E+003  7.95349E+002
  5.78149E+002
  9.97523E+003  4.98918E+003  2.11076E+003  1.00613E+003  6.42409E+002
  5.36471E+002
  3.25444E+004  1.85286E+004  8.82598E+003  4.03744E+003  1.93661E+003
  1.04813E+003
  6.45954E+002  2.78016E+003  5.90801E+003  1.27562E+004  2.41551E+004
  2.81769E+004
  3.08099E+004  4.48153E+004  3.88201E+004  2.90569E+004  2.20914E+004
  1.73877E+004
  4.25013E+004  4.37606E+004  4.67984E+004  9.00120E+004  1.15389E+005
  3.65464E+005
  2.24450E+004  2.36083E+004  2.64267E+004  6.47562E+004  8.65974E+004
  2.97331E+005
  1.00131E+004  1.17469E+004  1.72562E+004  5.93352E+004  8.62968E+004
  2.21556E+005
  1.77671E+004  1.87990E+004  2.89198E+004  9.16408E+004  1.59495E+005
  6.35260E+005
  4.56824E+004  4.80636E+004  5.38334E+004  1.33112E+005  1.78524E+005
  6.18803E+005
  3.11927E+004  2.00843E+004  1.07670E+004  5.29465E+003  2.64424E+003
  1.45099E+003
  1.00000E-001
  8.86224E+003  4.50427E+003  2.69090E+003  1.34105E+003  7.30915E+002
  5.31162E+002
  8.98078E+003  4.56328E+003  1.94080E+003  9.27481E+002  5.92587E+002
  4.94474E+002
  2.41177E+004  1.47439E+004  7.48025E+003  3.59143E+003  1.78634E+003
  9.94529E+002
  4.86886E+002  1.58150E+003  3.13800E+003  6.71741E+003  1.38192E+004
  1.85350E+004
  1.89705E+004  3.03935E+004  2.87174E+004  2.25066E+004  1.76478E+004
  1.42101E+004
  2.98908E+004  3.08624E+004  3.32093E+004  6.70020E+004  8.71125E+004
  2.90272E+005
  1.53091E+004  1.62156E+004  1.84182E+004  4.88717E+004  6.64607E+004
  2.40261E+005
  8.52958E+003  1.00689E+004  1.50111E+004  5.32555E+004  7.78836E+004
  2.01768E+005
  1.18743E+004  1.26501E+004  2.03646E+004  6.98422E+004  1.24702E+005
  5.21573E+005
  3.03901E+004  3.22248E+004  3.66837E+004  9.91175E+004  1.35419E+005
  4.96527E+005
  2.26128E+004  1.54744E+004  8.79499E+003  4.55010E+003  2.36469E+003
  1.33777E+003
  0.00000E+000
  7.12560E+003  3.74275E+003  2.26073E+003  1.13648E+003  6.23098E+002
  4.53406E+002
  7.28665E+003  3.83197E+003  1.65600E+003  7.97896E+002  5.11700E+002
  4.26947E+002
  1.59625E+004  1.05804E+004  5.85920E+003  3.05677E+003  1.62221E+003
  9.42639E+002
  6.36577E+001  3.60147E+002  9.24276E+002  2.58042E+003  7.03635E+003
  1.17555E+004
  1.00620E+004  1.83491E+004  1.90387E+004  1.56521E+004  1.27022E+004
  1.05160E+004
  1.87322E+004  1.94140E+004  2.10647E+004  4.52535E+004  5.98947E+004
  2.11844E+005
  9.36700E+003  9.99853E+003  1.15440E+004  3.36369E+004  4.66568E+004
  1.78638E+005
  6.19356E+003  7.43841E+003  1.14930E+004  4.32881E+004  6.38847E+004
  1.68129E+005
  7.67119E+003  8.20925E+003  1.36582E+004  4.99869E+004  9.11847E+004
  3.96790E+005
  1.77977E+004  1.90556E+004  2.21364E+004  6.69252E+004  9.35573E+004
  3.66016E+005
  1.45037E+004  1.06206E+004  6.49783E+003  3.62966E+003  2.02343E+003
  1.20967E+003
  0.00000E+000
  6.36310E+003  3.36166E+003  2.02797E+003  1.01668E+003  5.56098E+002
  4.04322E+002
  6.43121E+003  3.41126E+003  1.47114E+003  7.07495E+002  4.53793E+002
  3.78530E+002
  1.18416E+004  8.76985E+003  5.29673E+003  2.89849E+003  1.57101E+003
  9.23002E+002
  1.28998E+001  1.06570E+002  3.26901E+002  1.10671E+003  3.76846E+003
  7.61087E+003
  5.56931E+003  1.16008E+004  1.36728E+004  1.21214E+004  1.03623E+004
  8.90624E+003
  1.21564E+004  1.26351E+004  1.37975E+004  3.12157E+004  4.19824E+004
  1.57807E+005
  6.26216E+003  6.70812E+003  7.80685E+003  2.40728E+004  3.38863E+004
  1.36864E+005
  5.63263E+003  6.68710E+003  1.01993E+004  3.84578E+004  5.68987E+004
  1.50343E+005
  5.15952E+003  5.53761E+003  9.43034E+003  3.64442E+004  6.79551E+004
  3.11208E+005
  1.11002E+004  1.19601E+004  1.40838E+004  4.64359E+004  6.62323E+004
  2.76889E+005
  1.06609E+004  8.55888E+003  5.68010E+003  3.36319E+003  1.93680E+003
  1.17595E+003
  Planck function fitting parameters
  0.00000E+000  0.00000E+000  0.00000E+000  0.00000E+000  0.00000E+000
  Incident solar flux (W/m2)
  4.85412E+001
  Surface property
  2.28390E-002  3.00000E-001  3.00000E-001  2.00000E-001  6.00000E-002
  8.00000E-001  5.00000E-001
  Rayleigh scattering coefficient
  4.61676E-001
  Moments
  1.00000E+000
  1.22620E+004  5.86585E+003  3.43476E+003  1.68651E+003  9.09476E+002
  6.58853E+002
  1.22669E+004  5.86959E+003  2.42769E+003  1.14397E+003  7.26308E+002
  6.05597E+002
  5.41241E+004  2.92388E+004  1.38512E+004  6.52330E+003  3.28920E+003
  1.87601E+003
  1.10901E+005  1.26186E+005  1.39002E+005  1.53488E+005  1.50093E+005
  1.11636E+005
  7.17586E+004  8.38862E+004  6.31937E+004  4.51856E+004  3.37965E+004
  2.64847E+004
  7.61681E+004  7.80695E+004  8.26412E+004  1.46012E+005  1.82207E+005
  5.20860E+005
  4.23601E+004  4.40575E+004  4.81689E+004  1.03054E+005  1.33500E+005
  4.12493E+005
  1.36758E+004  1.56744E+004  2.21304E+004  7.17367E+004  1.03433E+005
  2.61246E+005
  4.65236E+004  4.82822E+004  6.48825E+004  1.58352E+005  2.53057E+005
  8.70271E+005
  8.72538E+004  9.07567E+004  9.92477E+004  2.13756E+005  2.77575E+005
  8.64145E+005
  5.39619E+004  3.26571E+004  1.69409E+004  8.30933E+003  4.25587E+003
  2.43771E+003
  0.00000E+000
  2.21119E-003  2.03130E-003  1.92874E-003  1.84661E-003  1.75317E-003
  1.70373E-003
  1.85773E-003  1.75812E-003  1.65068E-003  1.55146E-003  1.49819E-003
  1.46317E-003
  4.29434E+003  3.56226E+003  2.63471E+003  1.78493E+003  1.15258E+003
  7.58241E+002
  1.03596E+005  1.08639E+005  1.11193E+005  1.10165E+005  9.37430E+004
  6.30286E+004
  3.75755E+003  4.33910E+003  4.34967E+003  4.06196E+003  3.75688E+003
  3.48178E+003
  5.65414E-003  5.71413E-003  5.86101E-003  8.10933E-003  9.49879E-003
  2.49698E-002
  2.20171E+003  2.20790E+003  2.22283E+003  2.38268E+003  2.43231E+003
  2.50411E+003
  6.32790E-002  6.33973E-002  6.37908E-002  8.00762E-002  9.74275E-002
  2.20573E-001
  1.64417E+004  1.66632E+004  1.84007E+004  2.32163E+004  2.56869E+004
  3.20316E+004
  3.31507E+003  3.29995E+003  3.26840E+003  3.18232E+003  3.18243E+003
  3.23052E+003
  3.93178E+003  3.34096E+003  2.56177E+003  1.82242E+003  1.25316E+003
  8.74594E+002
  0.00000E+000
  9.85085E+003  4.92124E+003  2.92821E+003  1.45745E+003  7.94254E+002
  5.77969E+002
  9.92446E+003  4.96234E+003  2.10032E+003  1.00301E+003  6.40800E+002
  5.35516E+002
  3.44757E+004  1.84727E+004  8.59258E+003  3.92231E+003  1.88662E+003
  1.02718E+003
  1.30611E+003  4.90442E+003  9.60585E+003  1.87340E+004  3.11254E+004
  3.24463E+004
  4.25187E+004  5.40642E+004  4.15540E+004  2.95051E+004  2.18705E+004
  1.70078E+004
  5.32946E+004  5.48126E+004  5.84596E+004  1.08872E+005  1.37669E+005
  4.07675E+005
  2.67624E+004  2.81372E+004  3.14616E+004  7.54352E+004  9.97695E+004
  3.23061E+005
  9.91318E+003  1.16017E+004  1.70256E+004  5.87069E+004  8.55225E+004
  2.20337E+005
  2.10118E+004  2.22280E+004  3.41027E+004  1.05356E+005  1.79494E+005
  6.69099E+005
  5.52239E+004  5.80735E+004  6.49639E+004  1.56705E+005  2.07611E+005
  6.75520E+005
  3.36708E+004  2.04502E+004  1.05314E+004  5.07036E+003  2.51418E+003
  1.38266E+003
  1.00000E-001
  8.91155E+003  4.48976E+003  2.67966E+003  1.33735E+003  7.29375E+002
  5.30479E+002
  8.99708E+003  4.54059E+003  1.93044E+003  9.23979E+002  5.90284E+002
  4.93124E+002
  2.60215E+004  1.49538E+004  7.38576E+003  3.52680E+003  1.75606E+003
  9.81735E+002
  9.02554E+002  2.70122E+003  5.05971E+003  1.00063E+004  1.84003E+004
  2.22050E+004
  2.68258E+004  3.75189E+004  3.13719E+004  2.32957E+004  1.77916E+004
  1.41390E+004
  3.80911E+004  3.92860E+004  4.21602E+004  8.23036E+004  1.05504E+005
  3.27905E+005
  1.85813E+004  1.96672E+004  2.23005E+004  5.77298E+004  7.75894E+004
  2.63903E+005
  8.53310E+003  1.00421E+004  1.49290E+004  5.29071E+004  7.74309E+004
  2.00947E+005
  1.43222E+004  1.52502E+004  2.44333E+004  8.13976E+004  1.42081E+005
  5.54927E+005
  3.76081E+004  3.98400E+004  4.52523E+004  1.18672E+005  1.59977E+005
  5.48621E+005
  2.47584E+004  1.59857E+004  8.72772E+003  4.42045E+003  2.28188E+003
  1.29394E+003
  0.00000E+000
  7.23745E+003  3.74060E+003  2.25294E+003  1.13317E+003  6.21386E+002
  4.53040E+002
  7.36761E+003  3.81823E+003  1.64533E+003  7.93526E+002  5.08628E+002
  4.25554E+002
  1.75818E+004  1.09794E+004  5.92427E+003  3.06324E+003  1.61852E+003
  9.39360E+002
  1.36816E+002  6.86578E+002  1.63524E+003  4.14725E+003  9.94730E+003
  1.47812E+004
  1.47594E+004  2.32427E+004  2.12292E+004  1.65340E+004  1.30805E+004
  1.06962E+004
  2.42179E+004  2.50732E+004  2.71346E+004  5.63741E+004  7.35243E+004
  2.41717E+005
  1.15547E+004  1.23230E+004  1.41987E+004  4.02523E+004  5.51301E+004
  1.97839E+005
  6.25465E+003  7.48424E+003  1.15091E+004  4.31816E+004  6.37365E+004
  1.67787E+005
  9.47018E+003  1.01260E+004  1.67294E+004  5.91698E+004  1.05274E+005
  4.25593E+005
  2.25916E+004  2.41512E+004  2.79607E+004  8.14802E+004  1.12203E+005
  4.08263E+005
  1.62535E+004  1.12756E+004  6.65724E+003  3.64808E+003  2.01550E+003
  1.20085E+003
  0.00000E+000
  6.50577E+003  3.36424E+003  2.02280E+003  1.01454E+003  5.55124E+002
  4.04727E+002
  6.56632E+003  3.40655E+003  1.46428E+003  7.05004E+002  4.51998E+002
  3.78275E+002
  1.34227E+004  9.33242E+003  5.44023E+003  2.92538E+003  1.57313E+003
  9.22101E+002
  3.05784E+001  2.19136E+002  6.18179E+002  1.88550E+003  5.60367E+003
  9.99662E+003
  8.45429E+003  1.51696E+004  1.57510E+004  1.32237E+004  1.09961E+004
  9.30525E+003
  1.60940E+004  1.67079E+004  1.81922E+004  3.97138E+004  5.25996E+004
  1.83405E+005
  7.84961E+003  8.40085E+003  9.75522E+003  2.92636E+004  4.06766E+004
  1.53976E+005
  5.79637E+003  6.84743E+003  1.03568E+004  3.86049E+004  5.70425E+004
  1.50405E+005
  6.46378E+003  6.93297E+003  1.17345E+004  4.38473E+004  7.97380E+004
  3.39244E+005
  1.45660E+004  1.56577E+004  1.83444E+004  5.78340E+004  8.11484E+004
  3.14491E+005
  1.22043E+004  9.26558E+003  5.90602E+003  3.41021E+003  1.93863E+003
  1.17153E+003
  Planck function fitting parameters
  0.00000E+000  0.00000E+000  0.00000E+000  0.00000E+000  0.00000E+000
  Incident solar flux (W/m2)
  1.52491E+001
  Surface property
  2.28390E-002  3.00000E-001  3.00000E-001  2.00000E-001  6.00000E-002
  8.00000E-001  5.00000E-001
  Rayleigh scattering coefficient
  6.49428E-001
  Moments
  1.00000E+000
  1.21967E+004  5.84125E+003  3.42445E+003  1.68355E+003  9.08082E+002
  6.58415E+002
  1.21974E+004  5.84495E+003  2.42187E+003  1.14215E+003  7.25479E+002
  6.06007E+002
  5.51850E+004  2.91782E+004  1.37342E+004  6.48069E+003  3.27522E+003
  1.86988E+003
  1.23107E+005  1.40455E+005  1.54141E+005  1.67939E+005  1.59345E+005
  1.14729E+005
  8.04954E+004  8.95660E+004  6.45629E+004  4.53138E+004  3.36089E+004
  2.62421E+004
  8.33767E+004  8.54111E+004  9.02935E+004  1.57155E+005  1.94925E+005
  5.41763E+005
  4.50817E+004  4.68864E+004  5.12553E+004  1.08920E+005  1.40547E+005
  4.24629E+005
  1.35721E+004  1.55348E+004  2.19416E+004  7.12775E+004  1.02852E+005
  2.60270E+005
  4.91741E+004  5.10459E+004  6.86778E+004  1.66612E+005  2.64271E+005
  8.86079E+005
  9.32649E+004  9.70046E+004  1.06064E+005  2.26704E+005  2.93128E+005
  8.90969E+005
  5.56423E+004  3.29657E+004  1.68906E+004  8.25379E+003  4.23104E+003
  2.42697E+003
  0.00000E+000
  4.48669E-003  4.08735E-003  3.90428E-003  3.72575E-003  3.54118E-003
  3.44377E-003
  2.39883E-003  2.24468E-003  2.11518E-003  1.98516E-003  1.91523E-003
  1.87847E-003
  4.56376E+003  3.73468E+003  2.73147E+003  1.83214E+003  1.17175E+003
  7.64512E+002
  1.13829E+005  1.19120E+005  1.21294E+005  1.18673E+005  9.83885E+004
  6.43085E+004
  4.14412E+003  4.71930E+003  4.65342E+003  4.30518E+003  3.95756E+003
  3.65184E+003
  6.24603E-003  6.37658E-003  6.69360E-003  1.13754E-002  1.42244E-002
  4.58103E-002
  2.36041E+003  2.36696E+003  2.38282E+003  2.55754E+003  2.61340E+003
  2.70303E+003
  2.06937E-001  2.06459E-001  2.05574E-001  2.31564E-001  2.64536E-001
  5.06621E-001
  1.74185E+004  1.76603E+004  1.95569E+004  2.47942E+004  2.74631E+004
  3.43669E+004
  3.61919E+003  3.60250E+003  3.56748E+003  3.46920E+003  3.46771E+003
  3.51107E+003
  4.60911E+003  3.83043E+003  2.86931E+003  1.99209E+003  1.33683E+003
  9.12618E+002
  0.00000E+000
  9.85604E+003  4.91032E+003  2.92201E+003  1.45548E+003  7.93207E+002
  5.77958E+002
  9.92296E+003  4.94917E+003  2.09573E+003  1.00129E+003  6.39909E+002
  5.35878E+002
  3.51491E+004  1.84062E+004  8.49853E+003  3.87933E+003  1.86799E+003
  1.01909E+003
  1.74809E+003  6.19591E+003  1.17216E+004  2.18895E+004  3.44056E+004
  3.42346E+004
  4.83236E+004  5.80023E+004  4.24307E+004  2.95233E+004  2.16915E+004
  1.68067E+004
  5.82364E+004  5.98704E+004  6.37872E+004  1.17152E+005  1.47242E+005
  4.23523E+005
  2.86049E+004  3.00695E+004  3.36090E+004  7.98607E+004  1.05138E+005
  3.32159E+005
  9.85856E+003  1.15237E+004  1.69116E+004  5.84488E+004  8.52103E+004
  2.19856E+005
  2.23994E+004  2.36937E+004  3.63077E+004  1.10936E+005  1.87277E+005
  6.79184E+005
  5.93099E+004  6.23591E+004  6.97279E+004  1.66523E+005  2.19519E+005
  6.95718E+005
  3.45687E+004  2.04930E+004  1.03847E+004  4.96016E+003  2.45496E+003
  1.35325E+003
  1.00000E-001
  8.92864E+003  4.48072E+003  2.67394E+003  1.33536E+003  7.28100E+002
  5.30360E+002
  9.01057E+003  4.52886E+003  1.92579E+003  9.21988E+002  5.89163E+002
  4.93395E+002
  2.67399E+004  1.50077E+004  7.34630E+003  3.50281E+003  1.74469E+003
  9.76514E+002
  1.16745E+003  3.37437E+003  6.16590E+003  1.17833E+004  2.06464E+004
  2.38310E+004
  3.08128E+004  4.06439E+004  3.23094E+004  2.34984E+004  1.77798E+004
  1.40701E+004
  4.18406E+004  4.31373E+004  4.62491E+004  8.90577E+004  1.13462E+005
  3.42309E+005
  2.00212E+004  2.11842E+004  2.40027E+004  6.14720E+004  8.22105E+004
  2.72526E+005
  8.51802E+003  1.00108E+004  1.48722E+004  5.27469E+004  7.72272E+004
  2.00582E+005
  1.54111E+004  1.64047E+004  2.62164E+004  8.61914E+004  1.48980E+005
  5.65594E+005
  4.07944E+004  4.31975E+004  4.90213E+004  1.26964E+005  1.70217E+005
  5.67739E+005
  2.55757E+004  1.61221E+004  8.66338E+003  4.35397E+003  2.24365E+003
  1.27471E+003
  0.00000E+000
  7.27441E+003  3.73512E+003  2.24778E+003  1.13099E+003  6.19926E+002
  4.52903E+002
  7.40108E+003  3.80882E+003  1.64010E+003  7.91003E+002  5.07104E+002
  4.25405E+002
  1.82243E+004  1.11244E+004  5.94832E+003  3.06555E+003  1.61654E+003
  9.37354E+002
  1.88315E+002  8.98096E+002  2.07164E+003  5.04128E+003  1.14440E+004
  1.61842E+004
  1.72081E+004  2.54478E+004  2.20585E+004  1.68308E+004  1.31981E+004
  1.07501E+004
  2.66744E+004  2.76092E+004  2.98572E+004  6.12367E+004  7.93765E+004
  2.53105E+005
  1.25441E+004  1.33719E+004  1.53910E+004  4.30821E+004  5.86845E+004
  2.04880E+005
  6.25817E+003  7.48076E+003  1.14885E+004  4.31024E+004  6.36302E+004
  1.67547E+005
  1.03036E+004  1.10115E+004  1.81206E+004  6.30585E+004  1.10964E+005
  4.35032E+005
  2.47660E+004  2.64571E+004  3.05840E+004  8.77276E+004  1.20054E+005
  4.23844E+005
  1.69782E+004  1.15228E+004  6.70853E+003  3.64883E+003  2.00867E+003
  1.19518E+003
  0.00000E+000
  6.55069E+003  3.36219E+003  2.01948E+003  1.01317E+003  5.54099E+002
  4.04607E+002
  6.61316E+003  3.40219E+003  1.46101E+003  7.03395E+002  4.50854E+002
  3.78017E+002
  1.40867E+004  9.55392E+003  5.49519E+003  2.93533E+003  1.57338E+003
  9.20991E+002
  4.38706E+001  2.95982E+002  8.05585E+002  2.34941E+003  6.58613E+003
  1.11465E+004
  1.00014E+004  1.68387E+004  1.65986E+004  1.36446E+004  1.12308E+004
  9.45090E+003
  1.78989E+004  1.85756E+004  2.02080E+004  4.35112E+004  5.72640E+004
  1.93553E+005
  8.59501E+003  9.19337E+003  1.06618E+004  3.15511E+004  4.36120E+004
  1.60571E+005
  5.85194E+003  6.90043E+003  1.04026E+004  3.86365E+004  5.70651E+004
  1.50361E+005
  7.09083E+003  7.60172E+003  1.28135E+004  4.70766E+004  8.46566E+004
  3.49266E+005
  1.61996E+004  1.73954E+004  2.03339E+004  6.28729E+004  8.76175E+004
  3.29047E+005
  1.28642E+004  9.54539E+003  5.98690E+003  3.42297E+003  1.93609E+003
  1.16783E+003
  Planck function fitting parameters
  0.00000E+000  0.00000E+000  0.00000E+000  0.00000E+000  0.00000E+000
  Incident solar flux (W/m2)
  9.76307E+000
  Surface property
  2.28390E-002  3.00000E-001  3.00000E-001  2.00000E-001  6.00000E-002
  8.00000E-001  5.00000E-001
  Rayleigh scattering coefficient
  7.58079E-001
  Moments
  1.00000E+000
  1.21678E+004  5.83001E+003  3.41978E+003  1.68227E+003  9.07408E+002
  6.55907E+002
  1.21672E+004  5.83376E+003  2.41928E+003  1.14148E+003  7.24030E+002
  6.01928E+002
  5.56301E+004  2.91373E+004  1.36807E+004  6.46243E+003  3.27015E+003
  1.86841E+003
  1.28929E+005  1.47393E+005  1.61495E+005  1.74865E+005  1.63633E+005
  1.16092E+005
  8.47977E+004  9.21710E+004  6.51094E+004  4.53256E+004  3.35006E+004
  2.61214E+004
  8.65467E+004  8.86454E+004  9.36783E+004  1.62231E+005  2.00752E+005
  5.51208E+005
  4.63399E+004  4.81971E+004  5.26924E+004  1.11645E+005  1.43881E+005
  4.30136E+005
  1.35199E+004  1.54718E+004  2.18548E+004  7.10707E+004  1.02588E+005
  2.59784E+005
  5.04068E+004  5.23340E+004  7.04708E+004  1.70545E+005  2.69553E+005
  8.92924E+005
  9.60312E+004  9.98859E+004  1.09223E+005  2.32690E+005  3.00447E+005
  9.03049E+005
  5.63869E+004  3.30878E+004  1.68629E+004  8.22943E+003  4.22178E+003
  2.42406E+003
  0.00000E+000
  5.95933E-003  5.40496E-003  5.17834E-003  4.93213E-003  4.68697E-003
  4.55007E-003
  2.70646E-003  2.51845E-003  2.37686E-003  2.22905E-003  2.14488E-003
  2.09871E-003
  4.59290E+003  3.74469E+003  2.73376E+003  1.83243E+003  1.17158E+003
  7.64257E+002
  1.18545E+005  1.24016E+005  1.25999E+005  1.22576E+005  1.00433E+005
  6.48231E+004
  4.40310E+003  4.97714E+003  4.86459E+003  4.47736E+003  4.10146E+003
  3.77485E+003
  6.53418E-003  6.71207E-003  7.14296E-003  1.34368E-002  1.72469E-002
  5.93973E-002
  2.47680E+003  2.48387E+003  2.50097E+003  2.68864E+003  2.75015E+003
  2.85452E+003
  2.57927E-001  2.57340E-001  2.56606E-001  2.92598E-001  3.36663E-001
  6.58429E-001
  1.78737E+004  1.81257E+004  2.01038E+004  2.55555E+004  2.83224E+004
  3.54867E+004
  3.83970E+003  3.82252E+003  3.78638E+003  3.68308E+003  3.68208E+003
  3.72531E+003
  4.96776E+003  4.08307E+003  3.02340E+003  2.07434E+003  1.37609E+003
  9.30004E+002
  0.00000E+000
  9.85482E+003  4.90350E+003  2.91821E+003  1.45417E+003  7.92369E+002
  5.75424E+002
  9.92075E+003  4.94197E+003  2.09324E+003  1.00041E+003  6.38295E+002
  5.31801E+002
  3.54732E+004  1.84007E+004  8.47784E+003  3.87287E+003  1.86608E+003
  1.01853E+003
  2.00726E+003  6.91688E+003  1.28681E+004  2.35363E+004  3.60330E+004
  3.50801E+004
  5.11647E+004  5.97718E+004  4.27419E+004  2.94721E+004  2.15710E+004
  1.66871E+004
  6.04324E+004  6.21200E+004  6.61623E+004  1.20898E+005  1.51574E+005
  4.30383E+005
  2.94377E+004  3.09438E+004  3.45838E+004  8.18391E+004  1.07583E+005
  3.36001E+005
  9.83849E+003  1.14950E+004  1.68625E+004  5.83177E+004  8.50431E+004
  2.19524E+005
  2.30490E+004  2.43803E+004  3.73450E+004  1.13529E+005  1.90811E+005
  6.82981E+005
  6.11578E+004  6.42994E+004  7.18916E+004  1.70914E+005  2.24940E+005
  7.04226E+005
  3.49437E+004  2.04868E+004  1.03072E+004  4.90737E+003  2.42846E+003
  1.34118E+003
  1.00000E-001
  8.93094E+003  4.47432E+003  2.67011E+003  1.33390E+003  7.27095E+002
  5.27962E+002
  9.01294E+003  4.52202E+003  1.92315E+003  9.20909E+002  5.87519E+002
  4.89613E+002
  2.70884E+004  1.50528E+004  7.34503E+003  3.50142E+003  1.74419E+003
  9.76387E+002
  1.31890E+003  3.74704E+003  6.76483E+003  1.27160E+004  2.17722E+004
  2.46083E+004
  3.27858E+004  4.20701E+004  3.26739E+004  2.35440E+004  1.77422E+004
  1.40150E+004
  4.35447E+004  4.48881E+004  4.81095E+004  9.21439E+004  1.17090E+005
  3.48555E+005
  2.06820E+004  2.18804E+004  2.47846E+004  6.31469E+004  8.43134E+004
  2.76167E+005
  8.51559E+003  1.00024E+004  1.48482E+004  5.26549E+004  7.71013E+004
  2.00286E+005
  1.59281E+004  1.69526E+004  2.70606E+004  8.84123E+004  1.52098E+005
  5.69701E+005
  4.22576E+004  4.47393E+004  5.07536E+004  1.30680E+005  1.74878E+005
  5.75803E+005
  2.59281E+004  1.61665E+004  8.62646E+003  4.32202E+003  2.22686E+003
  1.26713E+003
  0.00000E+000
  7.28304E+003  3.72913E+003  2.24346E+003  1.12907E+003  6.18600E+002
  4.50465E+002
  7.41036E+003  3.80223E+003  1.63685E+003  7.89478E+002  5.05224E+002
  4.21646E+002
  1.85215E+004  1.11939E+004  5.96364E+003  3.06971E+003  1.61759E+003
  9.37650E+002
  2.19054E+002  1.01889E+003  2.31402E+003  5.52007E+003  1.22062E+004
  1.68642E+004
  1.84377E+004  2.64755E+004  2.24092E+004  1.69458E+004  1.32391E+004
  1.07663E+004
  2.78131E+004  2.87841E+004  3.11172E+004  6.34663E+004  8.20426E+004
  2.57945E+005
  1.30086E+004  1.38634E+004  1.59482E+004  4.43452E+004  6.02906E+004
  2.07769E+005
  6.26693E+003  7.48609E+003  1.14816E+004  4.30362E+004  6.35305E+004
  1.67258E+005
  1.07055E+004  1.14381E+004  1.87855E+004  6.48528E+004  1.13509E+005
  4.38540E+005
  2.57854E+004  2.75364E+004  3.18086E+004  9.05171E+004  1.23601E+005
  4.30239E+005
  1.73073E+004  1.16300E+004  6.72908E+003  3.64852E+003  2.00599E+003
  1.19342E+003
  0.00000E+000
  6.56498E+003  3.35924E+003  2.01686E+003  1.01200E+003  5.53170E+002
  4.02513E+002
  6.62895E+003  3.39884E+003  1.45904E+003  7.02421E+002  4.49304E+002
  3.74631E+002
  1.44020E+004  9.66094E+003  5.52473E+003  2.94269E+003  1.57516E+003
  9.21512E+002
  5.20446E+001  3.40876E+002  9.11755E+002  2.60218E+003  7.09410E+003
  1.17116E+004
  1.07892E+004  1.76319E+004  1.69729E+004  1.38225E+004  1.13267E+004
  9.50845E+003
  1.87572E+004  1.94628E+004  2.11636E+004  4.52822E+004  5.94227E+004
  1.97967E+005
  8.95120E+003  9.57136E+003  1.10927E+004  3.25890E+004  4.49564E+004
  1.63368E+005
  5.87916E+003  6.92694E+003  1.04240E+004  3.86327E+004  5.70443E+004
  1.50224E+005
  7.39807E+003  7.92888E+003  1.33356E+004  4.85804E+004  8.68825E+004
  3.53275E+005
  1.69800E+004  1.82239E+004  2.12793E+004  6.51597E+004  9.05790E+004
  3.35214E+005
  1.31687E+004  9.66987E+003  6.02137E+003  3.42818E+003  1.93539E+003
  1.16695E+003
  Planck function fitting parameters
  0.00000E+000  0.00000E+000  0.00000E+000  0.00000E+000  0.00000E+000
  Incident solar flux (W/m2)
  1.12064E+001
  Surface property
  2.28390E-002  3.00000E-001  3.00000E-001  2.00000E-001  6.00000E-002
  8.00000E-001  5.00000E-001
  Rayleigh scattering coefficient
  8.70879E-001
  Moments
  1.00000E+000
  1.21404E+004  5.81966E+003  3.41563E+003  1.68107E+003  9.06971E+002
  6.56218E+002
  1.21392E+004  5.82331E+003  2.41690E+003  1.14081E+003  7.24005E+002
  6.03137E+002
  5.60231E+004  2.90914E+004  1.36302E+004  6.44520E+003  3.26474E+003
  1.86632E+003
  1.34963E+005  1.54354E+005  1.68749E+005  1.81553E+005  1.67639E+005
  1.17306E+005
  8.90148E+004  9.46068E+004  6.55721E+004  4.53094E+004  3.33866E+004
  2.60030E+004
  8.96317E+004  9.17872E+004  9.69523E+004  1.66928E+005  2.06054E+005
  5.59189E+005
  4.75155E+004  4.94188E+004  5.40248E+004  1.14075E+005  1.46797E+005
  4.34622E+005
  1.34695E+004  1.54128E+004  2.17738E+004  7.08821E+004  1.02351E+005
  2.59383E+005
  5.15545E+004  5.35309E+004  7.21110E+004  1.73989E+005  2.74070E+005
  8.98142E+005
  9.86242E+004  1.02581E+005  1.12162E+005  2.38047E+005  3.06874E+005
  9.12949E+005
  5.70701E+004  3.31911E+004  1.68334E+004  8.20540E+003  4.21195E+003
  2.42021E+003
  0.00000E+000
  7.54348E-003  6.82348E-003  6.55670E-003  6.23311E-003  5.92704E-003
  5.76194E-003
  3.04280E-003  2.81735E-003  2.66252E-003  2.49607E-003  2.40115E-003
  2.35446E-003
  4.57982E+003  3.72521E+003  2.71865E+003  1.82397E+003  1.16755E+003
  7.62418E+002
  1.23417E+005  1.28889E+005  1.30596E+005  1.26303E+005  1.02318E+005
  6.52668E+004
  4.73886E+003  5.31390E+003  5.14383E+003  4.70677E+003  4.29402E+003
  3.93980E+003
  6.82365E-003  7.05352E-003  7.60936E-003  1.56645E-002  2.05217E-002
  7.41489E-002
  2.64165E+003  2.64954E+003  2.66858E+003  2.87531E+003  2.94549E+003
  3.07437E+003
  2.27099E-001  2.27063E-001  2.28369E-001  2.82777E-001  3.41149E-001
  7.56710E-001
  1.83113E+004  1.85733E+004  2.06301E+004  2.62897E+004  2.91534E+004
  3.65819E+004
  4.15245E+003  4.13479E+003  4.09767E+003  3.98755E+003  3.98749E+003
  4.03194E+003
  5.33557E+003  4.33778E+003  3.17558E+003  2.15349E+003  1.41259E+003
  9.45451E+002
  0.00000E+000
  9.85519E+003  4.89860E+003  2.91561E+003  1.45340E+003  7.91972E+002
  5.75505E+002
  9.91770E+003  4.93488E+003  2.09080E+003  9.99503E+002  6.37920E+002
  5.32384E+002
  3.57795E+004  1.84051E+004  8.46765E+003  3.87179E+003  1.86619E+003
  1.01849E+003
  2.28762E+003  7.67055E+003  1.40424E+004  2.51801E+004  3.76026E+004
  3.58690E+004
  5.39159E+004  6.13817E+004  4.29612E+004  2.93742E+004  2.14224E+004
  1.65471E+004
  6.25230E+004  6.42603E+004  6.84178E+004  1.24355E+005  1.55525E+005
  4.36310E+005
  3.01901E+004  3.17334E+004  3.54623E+004  8.35941E+004  1.09717E+005
  3.39201E+005
  9.82068E+003  1.14708E+004  1.68222E+004  5.82191E+004  8.49227E+004
  2.19325E+005
  2.36514E+004  2.50157E+004  3.82908E+004  1.15803E+005  1.93853E+005
  6.85951E+005
  6.28437E+004  6.60688E+004  7.38608E+004  1.74849E+005  2.29723E+005
  7.11402E+005
  3.52723E+004  2.04654E+004  1.02281E+004  4.85551E+003  2.40270E+003
  1.32944E+003
  1.00000E-001
  8.93475E+003  4.47016E+003  2.66771E+003  1.33308E+003  7.26611E+002
  5.28054E+002
  9.01326E+003  4.51518E+003  1.92056E+003  9.19783E+002  5.87024E+002
  4.90118E+002
  2.74210E+004  1.51029E+004  7.35065E+003  3.50361E+003  1.74491E+003
  9.76456E+002
  1.48032E+003  4.13574E+003  7.38014E+003  1.36547E+004  2.28727E+004
  2.53467E+004
  3.47091E+004  4.33819E+004  3.29611E+004  2.35465E+004  1.76774E+004
  1.39402E+004
  4.51625E+004  4.65501E+004  4.98744E+004  9.50157E+004  1.20436E+005
  3.54110E+005
  2.12858E+004  2.25164E+004  2.54979E+004  6.46619E+004  8.61894E+004
  2.79332E+005
  8.51397E+003  9.99654E+003  1.48309E+004  5.25941E+004  7.70220E+004
  2.00129E+005
  1.64152E+004  1.74680E+004  2.78445E+004  9.04074E+004  1.54861E+005
  5.73217E+005
  4.36058E+004  4.61599E+004  5.23478E+004  1.34071E+005  1.79076E+005
  5.82884E+005
  2.62444E+004  1.61972E+004  8.58706E+003  4.29034E+003  2.21037E+003
  1.25958E+003
  0.00000E+000
  7.29430E+003  3.72630E+003  2.24121E+003  1.12815E+003  6.17982E+002
  4.50327E+002
  7.41628E+003  3.79535E+003  1.63359E+003  7.87889E+002  5.04329E+002
  4.21580E+002
  1.87999E+004  1.12598E+004  5.97964E+003  3.07449E+003  1.61872E+003
  9.37763E+002
  2.52854E+002  1.14778E+003  2.56789E+003  6.00992E+003  1.29619E+004
  1.75189E+004
  1.96496E+004  2.74396E+004  2.27155E+004  1.70379E+004  1.32670E+004
  1.07737E+004
  2.88807E+004  2.98866E+004  3.23012E+004  6.55504E+004  8.45225E+004
  2.62381E+005
  1.34437E+004  1.43236E+004  1.64689E+004  4.55189E+004  6.17646E+004
  2.10413E+005
  6.27637E+003  7.49362E+003  1.14818E+004  4.30095E+004  6.34907E+004
  1.67147E+005
  1.10900E+004  1.18456E+004  1.94138E+004  6.65064E+004  1.15837E+005
  4.41811E+005
  2.67450E+004  2.85519E+004  3.29587E+004  9.31244E+004  1.26876E+005
  4.36126E+005
  1.76138E+004  1.17268E+004  6.74630E+003  3.64711E+003  2.00270E+003
  1.19118E+003
  0.00000E+000
  6.57868E+003  3.35788E+003  2.01541E+003  1.01142E+003  5.52728E+002
  4.02374E+002
  6.64094E+003  3.39525E+003  1.45707E+003  7.01386E+002  4.48628E+002
  3.74553E+002
  1.47026E+004  9.76339E+003  5.55402E+003  2.95033E+003  1.57688E+003
  9.21777E+002
  6.12105E+001  3.89525E+002  1.02453E+003  2.86412E+003  7.60376E+003
  1.22617E+004
  1.15723E+004  1.83857E+004  1.73105E+004  1.39767E+004  1.14065E+004
  9.55416E+003
  1.95700E+004  2.03037E+004  2.20704E+004  4.69576E+004  6.14579E+004
  2.02097E+005
  9.28869E+003  9.92937E+003  1.15002E+004  3.35690E+004  4.62124E+004
  1.65983E+005
  5.90458E+003  6.95230E+003  1.04468E+004  3.86471E+004  5.70531E+004
  1.50192E+005
  7.69577E+003  8.24551E+003  1.38363E+004  4.99923E+004  8.89621E+004
  3.57084E+005
  1.77231E+004  1.90126E+004  2.21779E+004  6.73295E+004  9.33603E+004
  3.41008E+005
  1.34552E+004  9.78429E+003  6.05190E+003  3.43203E+003  1.93402E+003
  1.16557E+003
  Planck function fitting parameters
  0.00000E+000  0.00000E+000  0.00000E+000  0.00000E+000  0.00000E+000
  Incident solar flux (W/m2)
  1.02548E+001
  Surface property
  2.28390E-002  3.00000E-001  3.00000E-001  2.00000E-001  6.00000E-002
  8.00000E-001  5.00000E-001
  Rayleigh scattering coefficient
  1.04683E+000
  Moments
  1.00000E+000
  1.21055E+004  5.80661E+003  3.41048E+003  1.67960E+003  9.06983E+002
  6.58685E+002
  1.21041E+004  5.81016E+003  2.41397E+003  1.14017E+003  7.25358E+002
  6.07512E+002
  5.64765E+004  2.90192E+004  1.35653E+004  6.42364E+003  3.25808E+003
  1.86400E+003
  1.42857E+005  1.63323E+005  1.77925E+005  1.89743E+005  1.72258E+005
  1.18563E+005
  9.46285E+004  9.76695E+004  6.60816E+004  4.52484E+004  3.32236E+004
  2.58452E+004
  9.33533E+004  9.55801E+004  1.00912E+005  1.72679E+005  2.12559E+005
  5.68797E+005
  4.89982E+004  5.09605E+004  5.57079E+004  1.17121E+005  1.50445E+005
  4.39990E+005
  1.34007E+004  1.53394E+004  2.16726E+004  7.06477E+004  1.02059E+005
  2.58901E+005
  5.29567E+004  5.49957E+004  7.41389E+004  1.78273E+005  2.79643E+005
  9.04062E+005
  1.01895E+005  1.05981E+005  1.15874E+005  2.44763E+005  3.14915E+005
  9.24795E+005
  5.79196E+004  3.33100E+004  1.67933E+004  8.17500E+003  4.19980E+003
  2.41568E+003
  0.00000E+000
  9.81844E-003  8.85683E-003  8.54070E-003  8.09967E-003  7.71218E-003
  7.52248E-003
  3.53834E-003  3.25830E-003  3.08366E-003  2.89078E-003  2.78399E-003
  2.74117E-003
  4.70106E+003  3.79880E+003  2.75859E+003  1.84297E+003  1.17506E+003
  7.64929E+002
  1.29754E+005  1.35163E+005  1.36427E+005  1.30895E+005  1.04504E+005
  6.57131E+004
  5.41076E+003  5.99092E+003  5.70862E+003  5.17170E+003  4.68408E+003
  4.27325E+003
  7.20230E-003  7.50843E-003  8.24747E-003  1.88752E-002  2.52578E-002
  9.55630E-002
  3.00168E+003  3.01174E+003  3.03589E+003  3.28824E+003  3.37869E+003
  3.57048E+003
  1.63508E-001  1.64521E-001  1.69116E-001  2.51607E-001  3.31049E-001
  8.83128E-001
  1.88649E+004  1.91404E+004  2.13040E+004  2.72476E+004  3.02424E+004
  3.80256E+004
  4.84142E+003  4.82381E+003  4.78702E+003  4.67083E+003  4.67428E+003
  4.72764E+003
  5.86237E+003  4.69548E+003  3.38333E+003  2.25730E+003  1.45801E+003
  9.63512E+002
  0.00000E+000
  9.85353E+003  4.89191E+003  2.91211E+003  1.45235E+003  7.91889E+002
  5.77346E+002
  9.91282E+003  4.92587E+003  2.08777E+003  9.98529E+002  6.38649E+002
  5.35617E+002
  3.60772E+004  1.83557E+004  8.42278E+003  3.85284E+003  1.85832E+003
  1.01542E+003
  2.67840E+003  8.68433E+003  1.55883E+004  2.72856E+004  3.95403E+004
  3.68097E+004
  5.74697E+004  6.32848E+004  4.30874E+004  2.91406E+004  2.11505E+004
  1.63011E+004
  6.50862E+004  6.68848E+004  7.11845E+004  1.28608E+005  1.60381E+005
  4.43357E+005
  3.10682E+004  3.26564E+004  3.64935E+004  8.56758E+004  1.12254E+005
  3.42802E+005
  9.80458E+003  1.14493E+004  1.67793E+004  5.80979E+004  8.47728E+004
  2.19077E+005
  2.43956E+004  2.58013E+004  3.94633E+004  1.18604E+005  1.97544E+005
  6.89026E+005
  6.48391E+004  6.81667E+004  7.62054E+004  1.79587E+005  2.35492E+005
  7.19620E+005
  3.56537E+004  2.04155E+004  1.01193E+004  4.78846E+003  2.37109E+003
  1.31595E+003
  1.00000E-001
  8.93681E+003  4.46427E+003  2.66441E+003  1.33194E+003  7.26372E+002
  5.29781E+002
  9.01176E+003  4.50644E+003  1.91734E+003  9.18516E+002  5.87534E+002
  4.93087E+002
  2.77731E+004  1.51215E+004  7.33261E+003  3.49345E+003  1.74027E+003
  9.74606E+002
  1.70214E+003  4.66003E+003  8.20015E+003  1.48852E+004  2.42811E+004
  2.62692E+004
  3.72108E+004  4.49557E+004  3.32078E+004  2.34612E+004  1.75273E+004
  1.37900E+004
  4.71885E+004  4.86308E+004  5.20823E+004  9.85969E+004  1.24599E+005
  3.60806E+005
  2.20010E+004  2.32706E+004  2.63461E+004  6.64751E+004  8.84388E+004
  2.82969E+005
  8.51824E+003  9.99732E+003  1.48165E+004  5.25183E+004  7.69206E+004
  1.99927E+005
  1.70330E+004  1.81214E+004  2.88344E+004  9.28898E+004  1.58247E+005
  5.77106E+005
  4.52217E+004  4.78646E+004  5.42665E+004  1.38184E+005  1.84176E+005
  5.91143E+005
  2.66202E+004  1.62191E+004  8.53147E+003  4.25018E+003  2.19089E+003
  1.25133E+003
  0.00000E+000
  7.30489E+003  3.72177E+003  2.23791E+003  1.12679E+003  6.17462E+002
  4.51498E+002
  7.42128E+003  3.78649E+003  1.62951E+003  7.86010E+002  5.04194E+002
  4.23554E+002
  1.91303E+004  1.13300E+004  5.99250E+003  3.07624E+003  1.61814E+003
  9.37246E+002
  3.01763E+002  1.32934E+003  2.91966E+003  6.67433E+003  1.39577E+004
  1.83582E+004
  2.12513E+004  2.86393E+004  2.30579E+004  1.71227E+004  1.32797E+004
  1.07650E+004
  3.02466E+004  3.12959E+004  3.38116E+004  6.81779E+004  8.76353E+004
  2.67744E+005
  1.39849E+004  1.48953E+004  1.71140E+004  4.69518E+004  6.35608E+004
  2.13486E+005
  6.29826E+003  7.51312E+003  1.14918E+004  4.29751E+004  6.34353E+004
  1.66988E+005
  1.15878E+004  1.23729E+004  2.02213E+004  6.85849E+004  1.18714E+005
  4.45492E+005
  2.79440E+004  2.98193E+004  3.43913E+004  9.63341E+004  1.30903E+005
  4.43041E+005
  1.79997E+004  1.18467E+004  6.76834E+003  3.64680E+003  1.99988E+003
  1.18928E+003
  0.00000E+000
  6.59286E+003  3.35553E+003  2.01333E+003  1.01055E+003  5.52443E+002
  4.03484E+002
  6.65316E+003  3.39054E+003  1.45461E+003  7.00188E+002  4.48700E+002
  3.76423E+002
  1.50670E+004  9.87892E+003  5.58258E+003  2.95573E+003  1.57735E+003
  9.21666E+002
  7.48587E+001  4.59728E+002  1.18431E+003  3.22680E+003  8.28811E+003
  1.29788E+004
  1.26177E+004  1.93389E+004  1.77071E+004  1.41447E+004  1.14853E+004
  9.59338E+003
  2.06301E+004  2.13990E+004  2.32487E+004  4.91021E+004  6.40501E+004
  2.07190E+005
  9.71365E+003  1.03798E+004  1.20120E+004  3.47860E+004  4.77692E+004
  1.69122E+005
  5.93944E+003  6.98753E+003  1.04798E+004  3.86638E+004  5.70602E+004
  1.50141E+005
  8.08752E+003  8.66183E+003  1.44891E+004  5.17896E+004  9.15701E+004
  3.61606E+005
  1.86635E+004  2.00099E+004  2.33122E+004  7.00414E+004  9.68298E+004
  3.48007E+005
  1.38176E+004  9.92668E+003  6.09057E+003  3.43838E+003  1.93369E+003
  1.16476E+003
  Planck function fitting parameters
  0.00000E+000  0.00000E+000  0.00000E+000  0.00000E+000  0.00000E+000
  Incident solar flux (W/m2)
  7.29201E+000
  Surface property
  2.28390E-002  3.00000E-001  3.00000E-001  2.00000E-001  6.00000E-002
  8.00000E-001  5.00000E-001
  Rayleigh scattering coefficient
  1.28486E+000
  Moments
  1.00000E+000
  1.20670E+004  5.79228E+003  3.40491E+003  1.67796E+003  9.05566E+002
  6.54226E+002
  1.20655E+004  5.79564E+003  2.41079E+003  1.13906E+003  7.22479E+002
  6.00485E+002
  5.68969E+004  2.89160E+004  1.34918E+004  6.40026E+003  3.25093E+003
  1.86106E+003
  1.52888E+005  1.74178E+005  1.88546E+005  1.98577E+005  1.76647E+005
  1.19475E+005
  1.01190E+005  1.00991E+005  6.65359E+004  4.51286E+004  3.30215E+004
  2.56622E+004
  9.73462E+004  9.96524E+004  1.05169E+005  1.78924E+005  2.19623E+005
  5.78936E+005
  5.06088E+004  5.26372E+004  5.75430E+004  1.20450E+005  1.54430E+005
  4.45585E+005
  1.33273E+004  1.52576E+004  2.15600E+004  7.03919E+004  1.01737E+005
  2.58318E+005
  5.43901E+004  5.64988E+004  7.62655E+004  1.82886E+005  2.85626E+005
  9.09811E+005
  1.05442E+005  1.09674E+005  1.19916E+005  2.52087E+005  3.23682E+005
  9.37123E+005
  5.88311E+004  3.34249E+004  1.67458E+004  8.14202E+003  4.18705E+003
  2.41071E+003
  0.00000E+000
  1.27844E-002  1.15057E-002  1.11335E-002  1.05307E-002  1.00205E-002
  9.73960E-003
  4.17878E-003  3.82653E-003  3.62552E-003  3.39701E-003  3.26146E-003
  3.19813E-003
  5.36331E+003  4.24505E+003  3.01419E+003  1.96593E+003  1.22446E+003
  7.82054E+002
  1.38010E+005  1.43154E+005  1.43659E+005  1.36337E+005  1.06884E+005
  6.61159E+004
  6.75527E+003  7.33949E+003  6.82289E+003  6.07899E+003  5.43635E+003
  4.90856E+003
  7.64236E-003  8.05019E-003  9.03341E-003  2.30790E-002  3.14843E-002
  1.23847E-001
  3.73128E+003  3.74645E+003  3.78256E+003  4.14148E+003  4.26968E+003
  4.61581E+003
  1.55086E-001  1.56833E-001  1.64088E-001  2.76566E-001  3.81434E-001
  1.10430E+000
  1.95644E+004  1.98588E+004  2.21734E+004  2.85295E+004  3.17204E+004
  3.99895E+004
  6.26974E+003  6.25454E+003  6.22380E+003  6.13462E+003  6.14015E+003
  6.23014E+003
  6.48417E+003  5.10657E+003  3.61393E+003  2.36739E+003  1.50338E+003
  9.80050E+002
  0.00000E+000
  9.84774E+003  4.88334E+003  2.90764E+003  1.45089E+003  7.90346E+002
  5.72875E+002
  9.90303E+003  4.91448E+003  2.08390E+003  9.96823E+002  6.35419E+002
  5.28586E+002
  3.61161E+004  1.81099E+004  8.25713E+003  3.77055E+003  1.82305E+003
  1.00195E+003
  3.13534E+003  9.80366E+003  1.72374E+004  2.94351E+004  4.14026E+004
  3.76609E+004
  6.13379E+004  6.50533E+004  4.29250E+004  2.86620E+004  2.06787E+004
  1.58882E+004
  6.78470E+004  6.97121E+004  7.41663E+004  1.33195E+005  1.65600E+005
  4.50542E+005
  3.18643E+004  3.34976E+004  3.74443E+004  8.76747E+004  1.14733E+005
  3.46039E+005
  9.78384E+003  1.14209E+004  1.67261E+004  5.79523E+004  8.45873E+004
  2.18704E+005
  2.51161E+004  2.65645E+004  4.06242E+004  1.21454E+005  2.01260E+005
  6.91291E+005
  6.66963E+004  7.01296E+004  7.84245E+004  1.84265E+005  2.41286E+005
  7.27319E+005
  3.60417E+004  2.03430E+004  9.99679E+003  4.71754E+003  2.33968E+003
  1.30329E+003
  1.00000E-001
  8.93414E+003  4.45627E+003  2.65999E+003  1.33025E+003  7.24743E+002
  5.25788E+002
  9.00423E+003  4.49495E+003  1.91311E+003  9.16432E+002  5.84396E+002
  4.86697E+002
  2.79298E+004  1.49875E+004  7.22334E+003  3.43783E+003  1.71692E+003
  9.65896E+002
  1.96283E+003  5.25321E+003  9.10850E+003  1.62145E+004  2.57559E+004
  2.72109E+004
  3.99538E+004  4.64522E+004  3.32376E+004  2.31868E+004  1.72234E+004
  1.35134E+004
  4.94062E+004  5.09078E+004  5.44976E+004  1.02493E+005  1.29108E+005
  3.67710E+005
  2.26688E+004  2.39773E+004  2.71474E+004  6.82363E+004  9.06589E+004
  2.86340E+005
  8.51903E+003  9.99284E+003  1.47935E+004  5.24179E+004  7.67819E+004
  1.99593E+005
  1.76719E+004  1.87973E+004  2.98576E+004  9.54582E+004  1.61702E+005
  5.80405E+005
  4.67611E+004  4.94951E+004  5.61174E+004  1.42280E+005  1.89333E+005
  5.99062E+005
  2.70140E+004  1.62312E+004  8.46923E+003  4.20903E+003  2.17242E+003
  1.24396E+003
  0.00000E+000
  7.30975E+003  3.71439E+003  2.23299E+003  1.12461E+003  6.15581E+002
  4.47731E+002
  7.41845E+003  3.77382E+003  1.62389E+003  7.83084E+002  5.00795E+002
  4.17516E+002
  1.94255E+004  1.13646E+004  5.98024E+003  3.06318E+003  1.61072E+003
  9.33936E+002
  3.63150E+002  1.54814E+003  3.33386E+003  7.43536E+003  1.50611E+004
  1.92629E+004
  2.30594E+004  2.98820E+004  2.33489E+004  1.71595E+004  1.32540E+004
  1.07253E+004
  3.17597E+004  3.28558E+004  3.54810E+004  7.10441E+004  9.10082E+004
  2.73218E+005
  1.45475E+004  1.54882E+004  1.77809E+004  4.83960E+004  6.53891E+004
  2.16375E+005
  6.31648E+003  7.52802E+003  1.14932E+004  4.29103E+004  6.33330E+004
  1.66671E+005
  1.21298E+004  1.29466E+004  2.10919E+004  7.07860E+004  1.21703E+005
  4.48709E+005
  2.91981E+004  3.11429E+004  3.58833E+004  9.96149E+004  1.35063E+005
  4.49700E+005
  1.84237E+004  1.19764E+004  6.79346E+003  3.64852E+003  1.99844E+003
  1.18801E+003
  0.00000E+000
  6.60353E+003  3.35152E+003  2.01035E+003  1.00918E+003  5.51109E+002
  4.00506E+002
  6.66033E+003  3.38361E+003  1.45127E+003  6.98259E+002  4.46145E+002
  3.71678E+002
  1.54042E+004  9.95777E+003  5.58503E+003  2.94748E+003  1.57232E+003
  9.19515E+002
  9.26105E+001  5.47288E+002  1.37903E+003  3.65691E+003  9.07305E+003
  1.37772E+004
  1.38123E+004  2.03479E+004  1.80759E+004  1.42767E+004  1.15319E+004
  9.60533E+003
  2.18278E+004  2.26352E+004  2.45757E+004  5.14781E+004  6.69027E+004
  2.12537E+005
  1.01635E+004  1.08562E+004  1.25523E+004  3.60458E+004  4.93961E+004
  1.72245E+005
  5.97492E+003  7.02295E+003  1.05102E+004  3.86656E+004  5.70422E+004
  1.49990E+005
  8.52829E+003  9.12963E+003  1.52130E+004  5.37333E+004  9.43427E+004
  3.66006E+005
  1.96648E+004  2.10711E+004  2.45179E+004  7.28776E+004  1.00494E+005
  3.55069E+005
  1.42197E+004  1.00826E+004  6.13425E+003  3.44754E+003  1.93504E+003
  1.16466E+003
  Planck function fitting parameters
  0.00000E+000  0.00000E+000  0.00000E+000  0.00000E+000  0.00000E+000
  Incident solar flux (W/m2)
  3.34256E+000
  Surface property
  2.28390E-002  3.00000E-001  3.00000E-001  2.00000E-001  6.00000E-002
  8.00000E-001  5.00000E-001
  Rayleigh scattering coefficient
  1.50805E+000
  Moments
  1.00000E+000
  1.20352E+004  5.78067E+003  3.40048E+003  1.67665E+003  9.05085E+002
  6.54992E+002
  1.20338E+004  5.78368E+003  2.40823E+003  1.13830E+003  7.22589E+002
  6.02509E+002
  5.71697E+004  2.88125E+004  1.34304E+004  6.38110E+003  3.24477E+003
  1.85855E+003
  1.62079E+005  1.83293E+005  1.96907E+005  2.04867E+005  1.79172E+005
  1.19676E+005
  1.06877E+005  1.03634E+005  6.68089E+004  4.49844E+004  3.28366E+004
  2.55047E+004
  1.00687E+005  1.03058E+005  1.08725E+005  1.84046E+005  2.25365E+005
  5.86687E+005
  5.18981E+004  5.39747E+004  5.89984E+004  1.23068E+005  1.57566E+005
  4.49709E+005
  1.32672E+004  1.51908E+004  2.14682E+004  7.01883E+004  1.01484E+005
  2.57894E+005
  5.54230E+004  5.75928E+004  7.78555E+004  1.86440E+005  2.90212E+005
  9.13647E+005
  1.08288E+005  1.12627E+005  1.23128E+005  2.57864E+005  3.30599E+005
  9.46248E+005
  5.95488E+004  3.35022E+004  1.67026E+004  8.11418E+003  4.17608E+003
  2.40629E+003
  0.00000E+000
  1.57897E-002  1.41976E-002  1.37716E-002  1.29997E-002  1.23751E-002
  1.20433E-002
  4.80235E-003  4.37914E-003  4.15126E-003  3.88959E-003  3.73665E-003
  3.67276E-003
  6.60345E+003  5.05406E+003  3.45206E+003  2.16027E+003  1.29535E+003
  8.04356E+002
  1.45885E+005  1.50317E+005  1.49863E+005  1.40702E+005  1.08557E+005
  6.62930E+004
  8.64768E+003  9.19950E+003  8.31314E+003  7.26218E+003  6.39562E+003
  5.70214E+003
  8.03095E-003  8.54405E-003  9.77984E-003  2.73494E-002  3.78354E-002
  1.52833E-001
  4.73633E+003  4.75656E+003  4.80673E+003  5.32442E+003  5.51454E+003
  6.12368E+003
  2.43717E-001  2.45420E-001  2.53232E-001  3.87876E-001  5.16035E-001
  1.40452E+000
  2.01886E+004  2.05044E+004  2.29687E+004  2.97442E+004  3.31367E+004
  4.19114E+004
  8.30582E+003  8.28871E+003  8.26020E+003  8.26126E+003  8.29617E+003
  8.46142E+003
  7.07464E+003  5.48836E+003  3.82251E+003  2.46390E+003  1.54171E+003
  9.93466E+002
  0.00000E+000
  9.84088E+003  4.87603E+003  2.90388E+003  1.44965E+003  7.89622E+002
  5.73011E+002
  9.89054E+003  4.90359E+003  2.08014E+003  9.95272E+002  6.34746E+002
  5.29498E+002
  3.57852E+004  1.76802E+004  7.99617E+003  3.64684E+003  1.77431E+003
  9.85250E+002
  3.49452E+003  1.06365E+004  1.84235E+004  3.09137E+004  4.26054E+004
  3.81773E+004
  6.43049E+004  6.60739E+004  4.24487E+004  2.80255E+004  2.01068E+004
  1.54026E+004
  7.00967E+004  7.20164E+004  7.65966E+004  1.36886E+005  1.69763E+005
  4.55872E+005
  3.23068E+004  3.39686E+004  3.79859E+004  8.89461E+004  1.16340E+005
  3.47866E+005
  9.76719E+003  1.13980E+004  1.66832E+004  5.78359E+004  8.44401E+004
  2.18431E+005
  2.56092E+004  2.70918E+004  4.14448E+004  1.23532E+005  2.03939E+005
  6.92226E+005
  6.77795E+004  7.12849E+004  7.97565E+004  1.87399E+005  2.45240E+005
  7.32154E+005
  3.63038E+004  2.02503E+004  9.88257E+003  4.65464E+003  2.31248E+003
  1.29259E+003
  1.00000E-001
  8.92948E+003  4.44934E+003  2.65625E+003  1.32879E+003  7.23911E+002
  5.26022E+002
  8.99238E+003  4.48355E+003  1.90889E+003  9.14467E+002  5.83604E+002
  4.87562E+002
  2.77672E+004  1.46993E+004  7.04312E+003  3.35451E+003  1.68521E+003
  9.55323E+002
  2.16795E+003  5.71032E+003  9.80109E+003  1.72157E+004  2.68504E+004
  2.79019E+004
  4.20739E+004  4.73609E+004  3.29891E+004  2.27680E+004  1.68314E+004
  1.31768E+004
  5.12150E+004  5.27654E+004  5.64686E+004  1.05642E+005  1.32724E+005
  3.72931E+005
  2.30601E+004  2.43957E+004  2.76310E+004  6.93911E+004  9.21365E+004
  2.88416E+005
  8.51941E+003  9.98899E+003  1.47743E+004  5.23356E+004  7.66693E+004
  1.99344E+005
  1.81536E+004  1.93081E+004  3.06281E+004  9.73898E+004  1.64263E+005
  5.82352E+005
  4.76933E+004  5.04943E+004  5.72771E+004  1.45083E+005  1.92916E+005
  6.04331E+005
  2.72997E+004  1.62176E+004  8.40838E+003  4.17193E+003  2.15618E+003
  1.23761E+003
  0.00000E+000
  7.31058E+003  3.70771E+003  2.22870E+003  1.12268E+003  6.14439E+002
  4.47597E+002
  7.40798E+003  3.76031E+003  1.61804E+003  7.80175E+002  4.99365E+002
  4.17638E+002
  1.95845E+004  1.13478E+004  5.94662E+003  3.04135E+003  1.60040E+003
  9.29956E+002
  4.16778E+002  1.73394E+003  3.68004E+003  8.05951E+003  1.59456E+004
  1.99744E+004
  2.45210E+004  3.07790E+004  2.34880E+004  1.71275E+004  1.31916E+004
  1.06629E+004
  3.29793E+004  3.41139E+004  3.68290E+004  7.33453E+004  9.36975E+004
  2.77342E+005
  1.49584E+004  1.59201E+004  1.82635E+004  4.94320E+004  6.66934E+004
  2.18274E+005
  6.33116E+003  7.53993E+003  1.14937E+004  4.28543E+004  6.32453E+004
  1.66420E+005
  1.25645E+004  1.34072E+004  2.17836E+004  7.25026E+004  1.23996E+005
  4.50797E+005
  3.01207E+004  3.21150E+004  3.69755E+004  1.02020E+005  1.38102E+005
  4.54297E+005
  1.87615E+004  1.20744E+004  6.80994E+003  3.64802E+003  1.99633E+003
  1.18658E+003
  0.00000E+000
  6.60964E+003  3.34779E+003  2.00778E+003  1.00796E+003  5.50406E+002
  4.00753E+002
  6.66064E+003  3.37613E+003  1.44783E+003  6.96376E+002  4.45382E+002
  3.72404E+002
  1.55992E+004  9.97185E+003  5.56290E+003  2.93142E+003  1.56519E+003
  9.16960E+002
  1.08879E+002  6.25149E+002  1.54935E+003  4.02579E+003  9.72943E+003
  1.44287E+004
  1.47920E+004  2.10999E+004  1.82982E+004  1.43280E+004  1.15303E+004
  9.58668E+003
  2.28109E+004  2.36503E+004  2.56657E+004  5.34150E+004  6.92141E+004
  2.16702E+005
  1.04983E+004  1.12118E+004  1.29569E+004  3.69881E+004  5.06051E+004
  1.74488E+005
  6.00305E+003  7.05105E+003  1.05340E+004  3.86644E+004  5.70245E+004
  1.49878E+005
  8.89508E+003  9.51882E+003  1.58069E+004  5.52894E+004  9.65308E+004
  3.69242E+005
  2.04140E+004  2.18684E+004  2.54282E+004  7.50298E+004  1.03259E+005
  3.60271E+005
  1.45450E+004  1.02044E+004  6.16642E+003  3.45328E+003  1.93528E+003
  1.16419E+003
  Planck function fitting parameters
  0.00000E+000  0.00000E+000  0.00000E+000  0.00000E+000  0.00000E+000
  Incident solar flux (W/m2)
  5.65706E+000
  Surface property
  2.28390E-002  3.00000E-001  3.00000E-001  2.00000E-001  6.00000E-002
  8.00000E-001  5.00000E-001
  Rayleigh scattering coefficient
  2.19543E+000
  Moments
  1.00000E+000
  1.19640E+004  5.75499E+003  3.39091E+003  1.67385E+003  9.04207E+002
  6.54838E+002
  1.19630E+004  5.75753E+003  2.40282E+003  1.13689E+003  7.22220E+002
  6.02524E+002
  5.74285E+004  2.84972E+004  1.32872E+004  6.33928E+003  3.23210E+003
  1.85403E+003
  1.82198E+005  2.01834E+005  2.12734E+005  2.15243E+005  1.81848E+005
  1.18865E+005
  1.20685E+005  1.08896E+005  6.69061E+004  4.44401E+004  3.23302E+004
  2.51132E+004
  1.07804E+005  1.10321E+005  1.16330E+005  1.95180E+005  2.37835E+005
  6.02462E+005
  5.45171E+004  5.67170E+004  6.20133E+004  1.28609E+005  1.64216E+005
  4.57738E+005
  1.31347E+004  1.50437E+004  2.12647E+004  6.97498E+004  1.00937E+005
  2.56945E+005
  5.73853E+004  5.97231E+004  8.11429E+004  1.94131E+005  3.00002E+005
  9.19924E+005
  1.14062E+005  1.18671E+005  1.29774E+005  2.70065E+005  3.45239E+005
  9.63952E+005
  6.10249E+004  3.36110E+004  1.65932E+004  8.05281E+003  4.15367E+003
  2.39817E+003
  0.00000E+000
  2.51815E-002  2.26697E-002  2.20622E-002  2.07452E-002  1.98201E-002
  1.94563E-002
  6.64370E-003  6.03435E-003  5.71541E-003  5.36392E-003  5.19183E-003
  5.15660E-003
  1.15981E+004  7.81400E+003  4.67855E+003  2.59458E+003  1.41839E+003
  8.33423E+002
  1.63362E+005  1.65476E+005  1.62373E+005  1.48740E+005  1.10969E+005
  6.61664E+004
  1.67906E+004  1.64121E+004  1.33677E+004  1.09221E+004  9.15877E+003
  7.85847E+003
  8.99089E-003  9.84582E-003  1.19016E-002  4.08966E-002  5.81199E-002
  2.46159E-001
  8.56537E+003  8.63504E+003  8.79150E+003  1.01213E+004  1.05942E+004
  1.25812E+004
  3.39397E+000  3.38079E+000  3.34107E+000  3.31136E+000  3.43566E+000
  4.59361E+000
  2.18326E+004  2.22344E+004  2.51801E+004  3.33266E+004  3.73955E+004
  4.77992E+004
  1.64221E+004  1.64943E+004  1.66493E+004  1.77741E+004  1.80897E+004
  1.91272E+004
  8.60409E+003  6.42818E+003  4.30787E+003  2.67536E+003  1.62071E+003
  1.01958E+003
  0.00000E+000
  9.80882E+003  4.85385E+003  2.89226E+003  1.44536E+003  7.87333E+002
  5.71285E+002
  9.85320E+003  4.87772E+003  2.07139E+003  9.91740E+002  6.32587E+002
  5.27788E+002
  3.37055E+004  1.61606E+004  7.26239E+003  3.36892E+003  1.68905E+003
  9.62982E+002
  4.32724E+003  1.24042E+004  2.08109E+004  3.36943E+004  4.46604E+004
  3.89659E+004
  6.95211E+004  6.62656E+004  4.01088E+004  2.58860E+004  1.83996E+004
  1.40472E+004
  7.48230E+004  7.68578E+004  8.17051E+004  1.44616E+005  1.78402E+005
  4.65393E+005
  3.23188E+004  3.40265E+004  3.81489E+004  9.01884E+004  1.18130E+005
  3.48446E+005
  9.73046E+003  1.13459E+004  1.65781E+004  5.75244E+004  8.40287E+004
  2.17558E+005
  2.63734E+004  2.79357E+004  4.28524E+004  1.27289E+005  2.08540E+005
  6.90184E+005
  6.79937E+004  7.16143E+004  8.03542E+004  1.90863E+005  2.50162E+005
  7.36063E+005
  3.67058E+004  1.99534E+004  9.60352E+003  4.51361E+003  2.25563E+003
  1.27192E+003
  1.00000E-001
  8.89935E+003  4.42653E+003  2.64389E+003  1.32345E+003  7.21048E+002
  5.24073E+002
  8.95508E+003  4.45607E+003  1.89891E+003  9.09869E+002  5.80998E+002
  4.85417E+002
  2.64558E+004  1.36841E+004  6.55895E+003  3.17867E+003  1.63368E+003
  9.42343E+002
  2.63436E+003  6.71904E+003  1.13034E+004  1.93371E+004  2.90885E+004
  2.92611E+004
  4.59468E+004  4.79741E+004  3.15562E+004  2.13576E+004  1.56856E+004
  1.22643E+004
  5.51081E+004  5.67612E+004  6.07033E+004  1.12311E+005  1.40299E+005
  3.82511E+005
  2.32774E+004  2.46472E+004  2.79640E+004  7.06725E+004  9.39437E+004
  2.89930E+005
  8.51831E+003  9.97634E+003  1.47180E+004  5.20803E+004  7.63059E+004
  1.98452E+005
  1.90706E+004  2.02883E+004  3.21042E+004  1.01018E+005  1.68813E+005
  5.82933E+005
  4.82858E+004  5.11724E+004  5.81623E+004  1.48446E+005  1.97645E+005
  6.09858E+005
  2.78246E+004  1.61281E+004  8.25651E+003  4.08859E+003  2.12232E+003
  1.22546E+003
  0.00000E+000
  7.28418E+003  3.68119E+003  2.21258E+003  1.11500E+003  6.10165E+002
  4.44375E+002
  7.37008E+003  3.72669E+003  1.60390E+003  7.73225E+002  4.95182E+002
  4.13986E+002
  1.95902E+004  1.11796E+004  5.84102E+003  2.99574E+003  1.58516E+003
  9.25740E+002
  5.60423E+002  2.20473E+003  4.52967E+003  9.53334E+003  1.79333E+004
  2.14992E+004
  2.75085E+004  3.21573E+004  2.34019E+004  1.68384E+004  1.29183E+004
  1.04322E+004
  3.56261E+004  3.68401E+004  3.97402E+004  7.81632E+004  9.92329E+004
  2.84480E+005
  1.56121E+004  1.66071E+004  1.90280E+004  5.10248E+004  6.87238E+004
  2.20211E+005
  6.36237E+003  7.56193E+003  1.14764E+004  4.26130E+004  6.28686E+004
  1.65337E+005
  1.34857E+004  1.43903E+004  2.32350E+004  7.59042E+004  1.28260E+005
  4.52087E+005
  3.15866E+004  3.36585E+004  3.87019E+004  1.05781E+005  1.42945E+005
  4.59856E+005
  1.94818E+004  1.22663E+004  6.83490E+003  3.64295E+003  1.99092E+003
  1.18379E+003
  0.00000E+000
  6.60608E+003  3.33301E+003  1.99859E+003  1.00322E+003  5.47691E+002
  3.98548E+002
  6.65067E+003  3.35728E+003  1.43955E+003  6.91910E+002  4.42675E+002
  3.69892E+002
  1.57806E+004  9.90405E+003  5.49660E+003  2.90289E+003  1.55680E+003
  9.14986E+002
  1.56044E+002  8.36768E+002  1.99598E+003  4.95219E+003  1.12878E+004
  1.58932E+004
  1.68949E+004  2.24466E+004  1.85468E+004  1.42980E+004  1.14353E+004
  9.48180E+003
  2.50358E+004  2.59427E+004  2.81168E+004  5.76199E+004  7.41556E+004
  2.24658E+005
  1.11047E+004  1.18523E+004  1.36788E+004  3.86226E+004  5.27239E+004
  1.77903E+005
  6.06196E+003  7.10872E+003  1.05745E+004  3.85958E+004  5.68822E+004
  1.49320E+005
  9.72555E+003  1.04026E+004  1.71216E+004  5.85241E+004  1.00869E+005
  3.74108E+005
  2.17624E+004  2.32947E+004  2.70413E+004  7.87789E+004  1.08144E+005
  3.68591E+005
  1.52633E+004  1.04599E+004  6.22905E+003  3.46259E+003  1.93505E+003
  1.16341E+003
  Planck function fitting parameters
  0.00000E+000  0.00000E+000  0.00000E+000  0.00000E+000  0.00000E+000
  Incident solar flux (W/m2)
  5.84511E-001
  Surface property
  2.28390E-002  3.00000E-001  3.00000E-001  2.00000E-001  6.00000E-002
  8.00000E-001  5.00000E-001
  Rayleigh scattering coefficient
  4.36316E+000
  Moments
  1.00000E+000
  1.18500E+004  5.71573E+003  3.37667E+003  1.66956E+003  9.02274E+002
  6.52943E+002
  1.18499E+004  5.71691E+003  2.39466E+003  1.13452E+003  7.20442E+002
  6.00483E+002
  5.72838E+004  2.78885E+004  1.30541E+004  6.27380E+003  3.21242E+003
  1.84690E+003
  2.03298E+005  2.20210E+005  2.27457E+005  2.23522E+005  1.82318E+005
  1.16755E+005
  1.43859E+005  1.15934E+005  6.63628E+004  4.33469E+004  3.14621E+004
  2.44823E+004
  1.18066E+005  1.20797E+005  1.27306E+005  2.11221E+005  2.55638E+005
  6.21901E+005
  5.80776E+004  6.04585E+004  6.61516E+004  1.36406E+005  1.73051E+005
  4.66726E+005
  1.29291E+004  1.48169E+004  2.09492E+004  6.90889E+004  1.00116E+005
  2.55494E+005
  6.03605E+004  6.29056E+004  8.62283E+004  2.05343E+005  3.13719E+005
  9.23437E+005
  1.21914E+005  1.26922E+005  1.38898E+005  2.87238E+005  3.64696E+005
  9.83802E+005
  6.30802E+004  3.36525E+004  1.63943E+004  7.95506E+003  4.11921E+003
  2.38562E+003
  0.00000E+000
  4.94426E-002  4.49345E-002  4.37142E-002  4.09960E-002  3.95944E-002
  3.96356E-002
  1.08712E-002  9.90655E-003  9.33881E-003  8.83485E-003  8.83579E-003
  9.09881E-003
  1.92127E+004  1.11667E+004  5.81513E+003  2.88775E+003  1.47509E+003
  8.40889E+002
  1.80509E+005  1.79089E+005  1.72568E+005  1.53904E+005  1.11021E+005
  6.49021E+004
  3.47216E+004  3.01651E+004  2.13725E+004  1.60107E+004  1.26239E+004
  1.03377E+004
  1.07109E-002  1.24847E-002  1.67455E-002  7.65143E-002  1.11889E-001
  4.96021E-001
  1.56021E+004  1.58196E+004  1.63017E+004  2.00115E+004  2.12145E+004
  2.65789E+004
  3.01333E+001  2.99939E+001  2.96104E+001  2.78373E+001  2.74600E+001
  2.76956E+001
  2.43890E+004  2.49053E+004  2.87681E+004  3.94973E+004  4.48121E+004
  5.82104E+004
  3.16985E+004  3.20792E+004  3.29085E+004  3.86247E+004  4.01399E+004
  4.49526E+004
  1.16588E+004  8.18246E+003  5.14700E+003  3.01112E+003  1.73498E+003
  1.05356E+003
  0.00000E+000
  9.73255E+003  4.81106E+003  2.86993E+003  1.43654E+003  7.81574E+002
  5.64735E+002
  9.76041E+003  4.82534E+003  2.05341E+003  9.83715E+002  6.25665E+002
  5.19918E+002
  2.99896E+004  1.41251E+004  6.51883E+003  3.15972E+003  1.64085E+003
  9.52874E+002
  5.98380E+003  1.57719E+004  2.52684E+004  3.88028E+004  4.84484E+004
  4.04797E+004
  7.57601E+004  6.41886E+004  3.57442E+004  2.25973E+004  1.60619E+004
  1.23511E+004
  8.15802E+004  8.37687E+004  8.89724E+004  1.55234E+005  1.90004E+005
  4.74539E+005
  3.13243E+004  3.30546E+004  3.72257E+004  8.99541E+004  1.17919E+005
  3.43424E+005
  9.66585E+003  1.12558E+004  1.63964E+004  5.69667E+004  8.32740E+004
  2.15845E+005
  2.75255E+004  2.91803E+004  4.49259E+004  1.31865E+005  2.13406E+005
  6.79830E+005
  6.59327E+004  6.96147E+004  7.84919E+004  1.90992E+005  2.50651E+005
  7.28802E+005
  3.68528E+004  1.92543E+004  9.09706E+003  4.28310E+003  2.17019E+003
  1.24315E+003
  1.00000E-001
  8.82314E+003  4.38112E+003  2.61940E+003  1.31209E+003  7.14085E+002
  5.16828E+002
  8.85732E+003  4.39852E+003  1.87756E+003  8.99444E+002  5.72896E+002
  4.76329E+002
  2.42945E+004  1.24416E+004  6.10966E+003  3.05619E+003  1.60614E+003
  9.36455E+002
  3.49094E+003  8.61839E+003  1.41381E+004  2.32961E+004  3.31295E+004
  3.15985E+004
  5.10196E+004  4.75175E+004  2.89840E+004  1.93231E+004  1.42280E+004
  1.12101E+004
  6.09210E+004  6.27126E+004  6.69770E+004  1.21758E+005  1.50791E+005
  3.92867E+005
  2.30627E+004  2.44470E+004  2.77960E+004  7.10440E+004  9.43925E+004
  2.87273E+005
  8.50561E+003  9.94363E+003  1.46054E+004  5.15793E+004  7.55816E+004
  1.96604E+005
  2.05315E+004  2.18380E+004  3.43853E+004  1.05684E+005  1.74051E+005
  5.77751E+005
  4.78832E+004  5.08093E+004  5.78905E+004  1.49715E+005  1.99326E+005
  6.07049E+005
  2.83447E+004  1.58337E+004  7.97264E+003  3.95153E+003  2.07117E+003
  1.20834E+003
  0.00000E+000
  7.20223E+003  3.62386E+003  2.17876E+003  1.09827E+003  5.99821E+002
  4.33243E+002
  7.25434E+003  3.65084E+003  1.57242E+003  7.57368E+002  4.82673E+002
  3.99766E+002
  1.93885E+004  1.09359E+004  5.73854E+003  2.96393E+003  1.57688E+003
  9.23544E+002
  8.70108E+002  3.18049E+003  6.24331E+003  1.23938E+004  2.15695E+004
  2.41062E+004
  3.19435E+004  3.36156E+004  2.29945E+004  1.63563E+004  1.25504E+004
  1.01621E+004
  3.96670E+004  4.09861E+004  4.41305E+004  8.49494E+004  1.06796E+005
  2.91554E+005
  1.63598E+004  1.73897E+004  1.98886E+004  5.26319E+004  7.04801E+004
  2.19663E+005
  6.40713E+003  7.58809E+003  1.14231E+004  4.20779E+004  6.20331E+004
  1.62930E+005
  1.50096E+004  1.60033E+004  2.55689E+004  8.05524E+004  1.33509E+005
  4.48974E+005
  3.32438E+004  3.53952E+004  4.06181E+004  1.09515E+005  1.47142E+005
  4.60398E+005
  2.05240E+004  1.25043E+004  6.84723E+003  3.62587E+003  1.98002E+003
  1.17896E+003
  0.00000E+000
  6.57711E+003  3.30156E+003  1.97987E+003  9.92955E+002  5.40675E+002
  3.89347E+002
  6.60312E+003  3.31539E+003  1.42131E+003  6.81720E+002  4.33306E+002
  3.57751E+002
  1.60523E+004  9.88092E+003  5.46340E+003  2.89084E+003  1.55386E+003
  9.14165E+002
  2.66528E+002  1.30289E+003  2.94287E+003  6.81886E+003  1.42043E+004
  1.84267E+004
  2.02572E+004  2.42936E+004  1.88448E+004  1.42905E+004  1.13741E+004
  9.41848E+003
  2.86412E+004  2.96435E+004  3.20414E+004  6.39481E+004  8.14218E+004
  2.34696E+005
  1.19826E+004  1.27738E+004  1.47010E+004  4.06852E+004  5.51665E+004
  1.80889E+005
  6.14464E+003  7.18869E+003  1.06187E+004  3.83976E+004  5.65189E+004
  1.48034E+005
  1.11430E+004  1.19049E+004  1.93088E+004  6.32579E+004  1.06823E+005
  3.78472E+005
  2.36927E+004  2.53219E+004  2.92941E+004  8.34210E+004  1.13701E+005
  3.76199E+005
  1.63626E+004  1.08215E+004  6.30625E+003  3.46920E+003  1.93229E+003
  1.16153E+003
  Planck function fitting parameters
  0.00000E+000  0.00000E+000  0.00000E+000  0.00000E+000  0.00000E+000
  Incident solar flux (W/m2)
  3.67046E-001
  Surface property
  2.28390E-002  3.00000E-001  3.00000E-001  2.00000E-001  6.00000E-002
  8.00000E-001  5.00000E-001
  Rayleigh scattering coefficient
  5.67664E+000
  Moments
  1.00000E+000
  1.18066E+004  5.70165E+003  3.37159E+003  1.66799E+003  9.01985E+002
  6.54897E+002
  1.18067E+004  5.70226E+003  2.39173E+003  1.13371E+003  7.21328E+002
  6.03948E+002
  5.71754E+004  2.76724E+004  1.29742E+004  6.25080E+003  3.20516E+003
  1.84420E+003
  2.06384E+005  2.22737E+005  2.29276E+005  2.24186E+005  1.81777E+005
  1.16014E+005
  1.52697E+005  1.18082E+005  6.59996E+004  4.29126E+004  3.11453E+004
  2.42598E+004
  1.21440E+005  1.24248E+005  1.30938E+005  2.16679E+005  2.61672E+005
  6.27265E+005
  5.92178E+004  6.16676E+004  6.75125E+004  1.39113E+005  1.75962E+005
  4.68844E+005
  1.28543E+004  1.47346E+004  2.08311E+004  6.88507E+004  9.98234E+004
  2.55000E+005
  6.14868E+004  6.41227E+004  8.82426E+004  2.09284E+005  3.18357E+005
  9.22468E+005
  1.24436E+005  1.29596E+005  1.41907E+005  2.93214E+005  3.71127E+005
  9.88532E+005
  6.37362E+004  3.36215E+004  1.63123E+004  7.91840E+003  4.10625E+003
  2.38070E+003
  0.00000E+000
  7.67690E-002  7.02250E-002  6.81550E-002  6.39356E-002  6.19690E-002
  6.19001E-002
  1.32245E-002  1.21092E-002  1.13777E-002  1.08011E-002  1.08095E-002
  1.10184E-002
  2.07543E+004  1.16589E+004  5.92171E+003  2.89971E+003  1.47338E+003
  8.39196E+002
  1.81964E+005  1.79644E+005  1.72430E+005  1.52990E+005  1.09797E+005
  6.41283E+004
  4.19089E+004  3.47609E+004  2.34731E+004  1.71309E+004  1.32843E+004
  1.07546E+004
  1.14519E-002  1.42709E-002  2.10421E-002  1.16019E-001  1.72215E-001
  7.81075E-001
  1.76936E+004  1.79759E+004  1.86045E+004  2.34682E+004  2.50619E+004
  3.18459E+004
  6.03636E+001  6.00727E+001  5.94299E+001  5.61991E+001  5.52955E+001
  5.44879E+001
  2.51444E+004  2.57009E+004  2.99019E+004  4.15943E+004  4.73671E+004
  6.18373E+004
  3.62841E+004  3.68049E+004  3.79515E+004  4.61171E+004  4.84438E+004
  5.55267E+004
  1.30727E+004  8.92090E+003  5.46102E+003  3.11990E+003  1.76592E+003
  1.06078E+003
  0.00000E+000
  9.68237E+003  4.78587E+003  2.85643E+003  1.43061E+003  7.77845E+002
  5.62106E+002
  9.70171E+003  4.79563E+003  2.04276E+003  9.78648E+002  6.22036E+002
  5.17665E+002
  2.91794E+004  1.37512E+004  6.41747E+003  3.13951E+003  1.63705E+003
  9.51866E+002
  6.85530E+003  1.74609E+004  2.74604E+004  4.12903E+004  5.03363E+004
  4.12923E+004
  7.79097E+004  6.32763E+004  3.44097E+004  2.17298E+004  1.55135E+004
  1.19916E+004
  8.37704E+004  8.59987E+004  9.12957E+004  1.58366E+005  1.93261E+005
  4.74762E+005
  3.10654E+004  3.27950E+004  3.69616E+004  8.96299E+004  1.17302E+005
  3.39592E+005
  9.63372E+003  1.12108E+004  1.63026E+004  5.66538E+004  8.28397E+004
  2.14816E+005
  2.80877E+004  2.97840E+004  4.58719E+004  1.33097E+005  2.14269E+005
  6.72457E+005
  6.53798E+004  6.90621E+004  7.79340E+004  1.90375E+005  2.49433E+005
  7.21218E+005
  3.67160E+004  1.89259E+004  8.90356E+003  4.20630E+003  2.14511E+003
  1.23556E+003
  1.00000E-001
  8.76936E+003  4.35319E+003  2.60388E+003  1.30435E+003  7.09421E+002
  5.13276E+002
  8.79282E+003  4.36495E+003  1.86445E+003  8.92822E+002  5.68265E+002
  4.72777E+002
  2.39323E+004  1.22520E+004  6.05841E+003  3.04623E+003  1.60408E+003
  9.35719E+002
  3.92101E+003  9.57391E+003  1.55467E+004  2.52169E+004  3.50185E+004
  3.26508E+004
  5.29523E+004  4.73603E+004  2.82784E+004  1.88386E+004  1.39198E+004
  1.10092E+004
  6.29213E+004  6.47482E+004  6.90956E+004  1.24639E+005  1.53834E+005
  3.93925E+005
  2.31162E+004  2.44995E+004  2.78436E+004  7.10170E+004  9.41078E+004
  2.84521E+005
  8.49151E+003  9.91819E+003  1.45336E+004  5.12642E+004  7.51217E+004
  1.95422E+005
  2.11756E+004  2.25194E+004  3.53588E+004  1.06955E+005  1.75107E+005
  5.72581E+005
  4.80093E+004  5.09346E+004  5.80081E+004  1.49720E+005  1.98795E+005
  6.01645E+005
  2.84224E+004  1.56859E+004  7.86853E+003  3.90853E+003  2.05696E+003
  1.20392E+003
  0.00000E+000
  7.13414E+003  3.58491E+003  2.15589E+003  1.08660E+003  5.92456E+002
  4.26103E+002
  7.16969E+003  3.60319E+003  1.55248E+003  7.47204E+002  4.74467E+002
  3.91645E+002
  1.94454E+004  1.09223E+004  5.73427E+003  2.96322E+003  1.57640E+003
  9.23099E+002
  1.04232E+003  3.69624E+003  7.11954E+003  1.37942E+004  2.32452E+004
  2.52337E+004
  3.37113E+004  3.41383E+004  2.28966E+004  1.62493E+004  1.24792E+004
  1.01168E+004
  4.10971E+004  4.24391E+004  4.56370E+004  8.68928E+004  1.08780E+005
  2.91311E+005
  1.66881E+004  1.77263E+004  2.02422E+004  5.30504E+004  7.07329E+004
  2.17748E+005
  6.42129E+003  7.58943E+003  1.13713E+004  4.16880E+004  6.14328E+004
  1.61246E+005
  1.56599E+004  1.66891E+004  2.65299E+004  8.18267E+004  1.34554E+005
  4.44414E+005
  3.39669E+004  3.61373E+004  4.13992E+004  1.10463E+005  1.47743E+005
  4.56554E+005
  2.08894E+004  1.25846E+004  6.85370E+003  3.62240E+003  1.97744E+003
  1.17763E+003
  0.00000E+000
  6.54745E+003  3.28139E+003  1.96776E+003  9.86044E+002  5.35717E+002
  3.83591E+002
  6.56473E+003  3.29044E+003  1.41008E+003  6.75353E+002  4.27190E+002
  3.50985E+002
  1.62776E+004  9.93940E+003  5.47837E+003  2.89442E+003  1.55436E+003
  9.13978E+002
  3.32449E+002  1.56194E+003  3.44676E+003  7.75848E+003  1.55637E+004
  1.95181E+004
  2.16831E+004  2.50420E+004  1.90163E+004  1.43475E+004  1.14020E+004
  9.43619E+003
  3.00174E+004  3.10456E+004  3.35044E+004  6.60205E+004  8.36819E+004
  2.36666E+005
  1.23805E+004  1.31849E+004  1.51413E+004  4.13755E+004  5.58431E+004
  1.80906E+005
  6.16999E+003  7.21123E+003  1.06167E+004  3.82258E+004  5.62346E+004
  1.47135E+005
  1.17471E+004  1.25427E+004  2.02124E+004  6.47338E+004  1.08449E+005
  3.77974E+005
  2.45658E+004  2.62244E+004  3.02620E+004  8.49509E+004  1.15211E+005
  3.76439E+005
  1.67723E+004  1.09560E+004  6.33873E+003  3.47474E+003  1.93257E+003
  1.16112E+003
  Planck function fitting parameters
  0.00000E+000  0.00000E+000  0.00000E+000  0.00000E+000  0.00000E+000
  Incident solar flux (W/m2)
  7.35312E-002
  Surface property
  2.28390E-002  3.00000E-001  3.00000E-001  2.00000E-001  6.00000E-002
  8.00000E-001  5.00000E-001
  Rayleigh scattering coefficient
  8.41812E+000
  Moments
  1.00000E+000
  1.17451E+004  5.68365E+003  3.36486E+003  1.66586E+003  9.01163E+002
  6.54238E+002
  1.17453E+004  5.68387E+003  2.38783E+003  1.13253E+003  7.20696E+002
  6.03054E+002
  5.70889E+004  2.74079E+004  1.28730E+004  6.22126E+003  3.19639E+003
  1.84151E+003
  2.17872E+005  2.33884E+005  2.39236E+005  2.31400E+005  1.84566E+005
  1.16204E+005
  1.64921E+005  1.21057E+005  6.55968E+004  4.23918E+004  3.07603E+004
  2.39869E+004
  1.25609E+005  1.28494E+005  1.35361E+005  2.22677E+005  2.68012E+005
  6.30350E+005
  6.08000E+004  6.33287E+004  6.93466E+004  1.42255E+005  1.79174E+005
  4.68722E+005
  1.27511E+004  1.46224E+004  2.06744E+004  6.85283E+004  9.94224E+004
  2.54280E+005
  6.31833E+004  6.59284E+004  9.09540E+004  2.13713E+005  3.22101E+005
  9.17458E+005
  1.27919E+005  1.33252E+005  1.45943E+005  3.00123E+005  3.78190E+005
  9.88283E+005
  6.45962E+004  3.35570E+004  1.61964E+004  7.86926E+003  4.09014E+003
  2.37548E+003
  0.00000E+000
  1.17955E-001  1.09148E-001  1.05503E-001  9.91538E-002  9.64458E-002
  9.60614E-002
  1.59701E-002  1.47841E-002  1.38259E-002  1.31757E-002  1.30824E-002
  1.31160E-002
  2.19498E+004  1.19636E+004  5.95954E+003  2.89335E+003  1.46796E+003
  8.37003E+002
  1.89389E+005  1.85548E+005  1.76890E+005  1.55339E+005  1.09964E+005
  6.36422E+004
  4.94677E+004  3.91058E+004  2.51790E+004  1.79329E+004  1.37036E+004
  1.09882E+004
  1.25780E-002  1.70241E-002  2.77056E-002  1.77616E-001  2.66280E-001
  1.22373E+000
  1.96481E+004  1.99968E+004  2.07759E+004  2.68756E+004  2.88828E+004
  3.72046E+004
  1.01265E+002  1.00766E+002  9.98978E+001  9.53286E+001  9.38182E+001
  9.19385E+001
  2.61238E+004  2.67321E+004  3.13643E+004  4.42956E+004  5.06666E+004
  6.65837E+004
  4.05771E+004  4.12424E+004  4.27166E+004  5.35399E+004  5.67355E+004
  6.64983E+004
  1.46395E+004  9.68051E+003  5.75612E+003  3.21106E+003  1.78812E+003
  1.06481E+003
  0.00000E+000
  9.62690E+003  4.75917E+003  2.84290E+003  1.42460E+003  7.72544E+002
  5.54411E+002
  9.63847E+003  4.76494E+003  2.03248E+003  9.72999E+002  6.14945E+002
  5.08235E+002
  2.86095E+004  1.34604E+004  6.34505E+003  3.12672E+003  1.63468E+003
  9.51106E+002
  8.66070E+003  2.08474E+004  3.17730E+004  4.60570E+004  5.37890E+004
  4.26887E+004
  8.24714E+004  6.32157E+004  3.33047E+004  2.10009E+004  1.50688E+004
  1.17126E+004
  8.65767E+004  8.88435E+004  9.42288E+004  1.61888E+005  1.96721E+005
  4.73379E+005
  3.12510E+004  3.29887E+004  3.71683E+004  8.97231E+004  1.16984E+005
  3.34226E+005
  9.58994E+003  1.11547E+004  1.61963E+004  5.63165E+004  8.23695E+004
  2.13674E+005
  2.89907E+004  3.07368E+004  4.72010E+004  1.34383E+005  2.13975E+005
  6.62009E+005
  6.57902E+004  6.94914E+004  7.83943E+004  1.90629E+005  2.48815E+005
  7.10074E+005
  3.66892E+004  1.85889E+004  8.70805E+003  4.13466E+003  2.12410E+003
  1.22991E+003
  1.00000E-001
  8.71266E+003  4.32468E+003  2.58841E+003  1.29636E+003  7.02937E+002
  5.03446E+002
  8.72655E+003  4.33156E+003  1.85161E+003  8.85572E+002  5.59434E+002
  4.60379E+002
  2.38102E+004  1.21404E+004  6.03090E+003  3.04174E+003  1.60303E+003
  9.35136E+002
  4.85077E+003  1.15026E+004  1.82692E+004  2.87289E+004  3.82205E+004
  3.43105E+004
  5.68143E+004  4.80230E+004  2.78247E+004  1.84944E+004  1.37077E+004
  1.08786E+004
  6.56297E+004  6.74956E+004  7.19330E+004  1.28199E+005  1.57474E+005
  3.94570E+005
  2.35840E+004  2.49783E+004  2.83428E+004  7.15279E+004  9.43310E+004
  2.81116E+005
  8.47189E+003  9.88800E+003  1.44565E+004  5.09341E+004  7.46386E+004
  1.94134E+005
  2.21609E+004  2.35526E+004  3.67498E+004  1.08554E+005  1.75642E+005
  5.65862E+005
  4.90357E+004  5.19858E+004  5.91060E+004  1.50871E+005  1.99337E+005
  5.94653E+005
  2.86715E+004  1.55735E+004  7.77702E+003  3.87296E+003  2.04643E+003
  1.20099E+003
  0.00000E+000
  7.06750E+003  3.54638E+003  2.13372E+003  1.07496E+003  5.82549E+002
  4.10838E+002
  7.08840E+003  3.55707E+003  1.53341E+003  7.36345E+002  4.60648E+002
  3.72611E+002
  1.97067E+004  1.09700E+004  5.74696E+003  2.96626E+003  1.57667E+003
  9.22769E+002
  1.39038E+003  4.68024E+003  8.73207E+003  1.62520E+004  2.59977E+004
  2.69740E+004
  3.69349E+004  3.53744E+004  2.30232E+004  1.62560E+004  1.24800E+004
  1.01215E+004
  4.31207E+004  4.44909E+004  4.77535E+004  8.94895E+004  1.11393E+005
  2.91257E+005
  1.73665E+004  1.84249E+004  2.09836E+004  5.40127E+004  7.15432E+004
  2.15835E+005
  6.43974E+003  7.59682E+003  1.13277E+004  4.13083E+004  6.08379E+004
  1.59501E+005
  1.66412E+004  1.77181E+004  2.79216E+004  8.36210E+004  1.35602E+005
  4.39665E+005
  3.54521E+004  3.76672E+004  4.30243E+004  1.12583E+005  1.49540E+005
  4.52620E+005
  2.14578E+004  1.27272E+004  6.87990E+003  3.62602E+003  1.97752E+003
  1.17728E+003
  0.00000E+000
  6.51974E+003  3.26170E+003  1.95596E+003  9.79074E+002  5.28087E+002
  3.69315E+002
  6.52954E+003  3.26673E+003  1.39925E+003  6.68204E+002  4.15154E+002
  3.32812E+002
  1.67258E+004  1.00710E+004  5.51350E+003  2.90245E+003  1.55579E+003
  9.13950E+002
  4.66027E+002  2.05498E+003  4.37041E+003  9.39997E+003  1.77896E+004
  2.12027E+004
  2.42188E+004  2.64586E+004  1.94443E+004  1.45398E+004  1.15145E+004
  9.51169E+003
  3.20331E+004  3.30964E+004  3.56374E+004  6.89627E+004  8.68794E+004
  2.39860E+005
  1.31001E+004  1.39305E+004  1.59450E+004  4.26710E+004  5.71988E+004
  1.81635E+005
  6.20317E+003  7.24334E+003  1.06262E+004  3.80656E+004  5.59547E+004
  1.46165E+005
  1.26611E+004  1.35035E+004  2.15439E+004  6.69096E+004  1.10591E+005
  3.78555E+005
  2.61391E+004  2.78550E+004  3.20209E+004  8.77927E+004  1.18190E+005
  3.78183E+005
  1.74117E+004  1.11775E+004  6.40099E+003  3.49011E+003  1.93606E+003
  1.16176E+003
